# Plummer cluster radial shell ledger.  Bins are uniform in log(r_areal) over [0.3125, 4000] M with 64 bins; r_areal = R_iso sqrt(g_tangent) from the EVOLVED spatial metric.  v_r is the coordinate radial velocity dx^i/dt . nhat.
# Y_lm are orthonormal REAL spherical harmonics of the position direction, index l*l+(l+m); c_lm columns are Sum m_p Y_lm (origin) and Sum Y_lm (about the instantaneous centre of mass, unweighted).
time,cycle,bin,r_lo,r_hi,count,mass,m_r,m_vr,m_vr2,m_vt2,m_alphaW,m_absL,c0,c1,c2,c3,c4,c5,c6,c7,c8,c9,c10,c11,c12,c13,c14,c15,c16,c17,c18,c19,c20,c21,c22,c23,c24,d0,d1,d2,d3,d4,d5,d6,d7,d8,d9,d10,d11,d12,d13,d14,d15,d16,d17,d18,d19,d20,d21,d22,d23,d24
0,0,0,0.3125,0.362263999424,76,3.64382884379e-05,9.96868746886e-06,0,2.86541761813e-07,8.53342855054e-07,3.37811673405e-05,1.72779747477e-06,1.02790513895e-05,-3.18508633066e-07,8.91263085936e-07,5.01111706847e-07,-1.04703510676e-06,1.44844660028e-06,3.51010850671e-07,1.61219175092e-07,-7.9441557657e-07,-1.53128350895e-06,1.79648196864e-06,-8.15812037256e-07,5.93999270214e-07,-6.02220263903e-07,1.01358873411e-06,-1.23686213562e-06,-2.22195993237e-07,3.29442887135e-08,-1.40247418385e-06,7.08854972136e-07,-2.4034907699e-08,1.33805597397e-06,4.84227755199e-07,-8.40983402989e-08,-6.7786384519e-08,21.4392041748,2.10523212324,-1.64506224068,4.11967962962,-1.97579293905,3.15984697277,0.750717458301,0.243622533775,-0.842603235709,-4.36134466661,4.34870614524,-0.643034857294,0.0855157097663,-0.319759518734,2.3400306623,-2.05727260927,-1.19378531919,0.860341903855,-3.48732503097,4.42520653343,1.80772851411,4.23338727835,1.54527670293,-1.4521528045,-0.763922740606
0,0,1,0.362263999424,0.419952656891,42,2.01369488736e-05,7.91676885044e-06,0,2.49558330452e-07,3.77248551518e-07,1.86623896705e-05,1.24340101824e-06,5.68052839946e-06,-1.4500804796e-06,2.2670324773e-06,-1.02317627687e-06,-7.90037044529e-09,9.44235682512e-07,2.41655621195e-06,9.59934585948e-07,1.60770765725e-06,-9.43893192942e-07,-2.4500961417e-07,1.46330907794e-06,2.20727736872e-06,-1.78458048812e-06,-1.96359022517e-07,-2.8512250081e-07,1.58985902737e-06,-9.59077727553e-07,7.32496385043e-07,4.76475210863e-07,3.28875403107e-07,-5.10868719613e-07,1.70161672747e-06,1.57587212611e-06,-6.69651231859e-08,11.8479812545,-1.79211973522,3.61589411083,-1.03179373188,-0.320261504332,3.07096953075,5.12466132721,2.52121248716,3.44993410682,-1.95088813348,0.759121557801,3.40752509627,3.1740977453,-4.11726455635,-0.665109151967,-0.071314596078,3.19474975933,-1.84990641563,2.65704103674,0.525949058429,-1.80561317688,0.631750859528,3.02301164511,3.85119866693,-0.139477687375
0,0,2,0.419952656891,0.486827932973,64,3.0684874474e-05,1.39562227771e-05,0,3.00456600085e-07,6.22049960724e-07,2.8417754907e-05,2.22226924356e-06,8.65604327536e-06,-8.85402017159e-07,-4.12278230188e-07,1.32610855495e-06,1.70174847598e-07,2.78006689072e-06,-6.54581364075e-07,2.58031413861e-06,-8.44730695356e-07,1.27063140379e-07,2.10638899097e-06,1.95652165273e-06,1.45669857377e-06,8.45551905862e-08,-1.11264832494e-06,-1.48269202998e-06,-9.79358668366e-07,-1.75420734626e-06,2.1598458008e-06,2.0583517115e-06,-2.17130602029e-06,-4.12043655771e-07,-4.94034952651e-07,7.74382663999e-07,-6.98877892575e-07,18.0540666735,-0.518625238494,-2.75560793685,4.28206038448,0.654237891323,5.79170923148,-1.25142009355,4.84772806873,-1.40640074409,0.0106936965292,6.26336577877,2.85399188006,1.65484111681,-1.24741585033,-2.10279291836,-3.03275745276,-2.24577003786,-3.3820643464,3.58727360659,2.78692232075,-4.9981425418,0.18265633158,-0.0802703066817,0.873471073116,-2.34144022089
0,0,3,0.486827932973,0.564352748896,102,4.8904018693e-05,2.57650922458e-05,0,7.03091206907e-07,9.64469692557e-07,4.54360205475e-05,4.11408539597e-06,1.37955689701e-05,-7.69151599891e-07,-8.76317777171e-07,9.7771460582e-07,3.17886814009e-08,7.41803217873e-07,-2.70678305492e-06,-3.1695707998e-06,-9.96914048924e-07,-7.16555109258e-07,5.51114648423e-08,-1.688465757e-06,4.97837724163e-07,-1.33144309048e-06,2.72261311401e-06,2.91391512515e-06,6.08502010784e-07,2.01276803164e-06,-4.07309566302e-06,6.1083494681e-07,-1.09288141965e-06,2.3653009493e-06,1.54489822629e-07,1.85008119725e-06,6.97523151824e-07,28.7736687609,-0.0250027528581,-3.97398254162,3.63380976755,0.388348642258,1.55239152869,-5.18036613717,-7.25186826701,-1.81128055612,-1.38889874005,-1.02833858863,-3.56723805327,1.46401899616,-1.61081995335,4.69223377023,6.12492626916,0.290614666993,5.44019169765,-9.5310062775,1.93711815397,-2.12955815112,4.94120206121,0.0400593237235,4.48137455235,1.80270839475
0,0,4,0.564352748896,0.654222988482,160,7.67121861851e-05,4.69065286395e-05,0,7.91736848742e-07,1.77604822616e-06,7.12320338774e-05,8.24482869975e-06,2.16401081884e-05,-1.62091400713e-06,-1.32321330696e-06,-8.49041631064e-07,-6.04705103569e-07,-1.98503440741e-06,-3.05649340915e-06,-2.59721818521e-06,5.18726828711e-06,-4.10018288779e-06,-1.30560521064e-06,1.49213359639e-06,-6.783348616e-07,-8.06888594576e-07,2.38958301445e-06,-9.94662398106e-07,-2.7397688543e-06,-6.1145985497e-07,-2.09349943103e-06,2.91067073692e-07,2.20551460709e-07,-1.05315680817e-06,-3.75262476995e-06,-3.39906644103e-06,-1.52573568497e-06,45.1351666838,-1.04908170262,-5.60996467667,0.280839982333,-1.37810042037,-3.68662505094,-6.02872573491,-5.67608426561,11.438229346,-7.75739300261,-3.8636793075,3.11271789315,-0.0177472230316,-1.39076697564,3.81963032377,-0.878947771884,-6.85063835483,-1.09604517383,-2.15652695794,-0.313834010648,0.604901330919,-1.71877293282,-8.53358975587,-6.82222116231,-3.56462746742
0,0,5,0.654222988482,0.758404596232,244,0.000116986083932,8.29161899681e-05,0,1.26401031573e-06,2.98195390126e-06,0.000108888322222,1.52566121531e-05,3.30011649873e-05,-2.5710882467e-06,-4.39314923496e-06,-1.5556845654e-06,-5.22385920832e-07,1.4720232105e-07,4.2568334833e-06,-4.98870108016e-06,1.36073640919e-07,-2.61442207817e-06,1.74493861965e-06,4.32651683001e-06,-3.73639128218e-06,-1.21103762953e-06,-4.54589459107e-06,-1.26645308082e-06,-2.12919286433e-07,-1.90818999975e-06,1.84305692918e-06,-4.47861169834e-06,3.33625707731e-06,7.47633565275e-06,2.76483593302e-06,-1.86596167196e-06,-2.56385464238e-06,68.8311291928,-2.27798406773,-12.5164636881,-0.118758478393,-1.14304024967,-0.018569178035,9.21934309921,-10.8624254118,0.275294324968,-5.89879645338,3.46549250802,9.14901676818,-7.82687027499,0.108048448077,-9.04657335804,-2.34909510713,-0.785451600959,-3.98288481657,4.16826228283,-11.7052742341,8.33215948174,15.2941758518,4.19946981048,-3.46310450925,-5.24737828174
0,0,6,0.758404596232,0.87917658308,384,0.000184109246844,0.000151259985796,1.32348898008e-23,2.32354109129e-06,3.89472065925e-06,0.000171038831153,2.48445898247e-05,5.19362596522e-05,2.8873492626e-06,-2.35383657096e-06,3.32831991717e-06,4.96655961859e-06,-3.40338926617e-06,1.99842045495e-06,-9.84583158745e-07,5.81869699852e-06,-4.63361608342e-06,-6.14500796861e-06,5.15023794963e-06,-7.90138867797e-06,1.03830487361e-06,-3.48565906884e-06,2.33191204151e-06,2.9233171144e-06,5.23658629316e-06,-1.12220887406e-06,1.19461388963e-06,1.9414785295e-06,-5.8100979111e-06,9.55177663947e-07,-2.99304909276e-06,2.09741098822e-06,108.324400041,9.95707962373,-9.81261228725,11.002932308,11.0835616105,-7.41347498012,3.23815992554,-2.48405697559,12.0306488599,-7.86209397363,-14.9467525401,11.8411804383,-15.7416729167,1.57043558114,-8.08202215545,4.24124800773,5.43292630403,11.3832089798,-0.525152794731,0.860471619029,3.62532570872,-12.1539257946,1.40851453135,-6.66848343233,5.99423459951
0,0,7,0.87917658308,1.0191808806,592,0.000283835088885,0.000270379737413,-1.32348898008e-23,3.37744992849e-06,6.63868712345e-06,0.000263993023088,4.82768407218e-05,8.00684002971e-05,-5.39015995498e-07,-5.02538339906e-06,-4.74489058475e-06,1.28125652397e-06,3.91161351942e-06,-7.31893018037e-06,6.72550454286e-06,-1.48823309107e-06,-5.5518139822e-06,9.41109767208e-06,-1.94497929526e-06,3.66490025451e-06,3.0180849133e-06,-5.74146156232e-07,-1.09655171023e-05,9.58112699068e-06,-4.15587572164e-06,-6.52286018782e-06,6.46384270476e-06,3.42249893333e-08,-2.01286019965e-06,7.77526858452e-07,1.24100424975e-07,3.74856980908e-06,167.00011673,4.17727675989,-17.8224221549,-3.92552151227,2.6652597509,7.20843674788,-14.2336098687,13.8168160352,-2.43368253855,-12.4594079731,20.1835899973,-4.01780891439,7.52771384838,4.77894789737,-0.497126110995,-24.2287427507,18.8838558253,-6.7349572275,-14.7504389282,15.0438148712,-1.04847683398,-4.08350883747,4.86891964145,0.346858837613,7.89500445849
0,0,8,1.0191808806,1.18148013421,918,0.000440136168237,0.000485982328957,0,5.57474150816e-06,1.06073447081e-05,0.000409935219188,8.66232381894e-05,0.000124160120731,-7.66488787377e-07,-8.25228108625e-06,-1.19843510003e-06,-6.08616131913e-07,7.43016334831e-06,-1.16571338713e-05,2.11352807079e-06,-8.40125455769e-06,6.73833897705e-06,5.68732744238e-06,-2.62853312184e-06,1.41942965519e-06,5.81745526132e-06,1.19896802519e-05,-1.54386137871e-06,-9.87218213281e-06,-1.32555710441e-05,1.60324077461e-06,-5.59484944538e-06,3.12189949046e-06,-1.03217055369e-07,-3.86415275302e-06,1.32484516406e-05,3.02879016573e-06,258.963018848,5.48530421746,-26.9006081409,5.46997068703,-1.3078928209,14.920120788,-23.4051159936,3.35889374796,-17.0648165864,13.2978879587,14.4414939061,-8.13472243992,4.61638941512,11.2930413795,25.0675382396,-2.59706088393,-21.7505172817,-25.8492135632,2.13662593621,-11.5362890343,7.09830952799,-2.49248101285,-9.86573334525,29.75167626,4.46493117044
0,0,9,1.18148013421,1.36962469971,1420,0.000680820652393,0.000871472556759,0,7.90816059766e-06,1.6159910761e-05,0.000633469592092,0.000154221122542,0.000192055960172,-1.30547426262e-05,6.97877715937e-06,-1.21697285849e-05,-2.50839347454e-06,-9.7595782787e-06,-1.956750297e-07,-5.49696653436e-06,-6.50849183e-06,6.29609275297e-07,7.72235657941e-06,-6.48464701768e-06,-2.44540473444e-06,-1.58026830996e-06,-4.40002652136e-06,8.77505784588e-06,-5.48231771801e-06,-5.30164170785e-07,-8.23913383503e-06,-1.24905831044e-05,9.14008516191e-06,-5.66715902099e-06,-2.22794189274e-06,5.16603462098e-06,4.11816716889e-06,400.574604319,-17.9453171663,2.70287210524,-14.854862854,-6.0751536713,-20.0039516714,0.0716238377495,-10.5232073964,-14.1494157386,0.954044376183,14.5082876079,-12.8528283967,-2.46039560716,-2.09730242982,-8.78003670428,18.4019698785,-9.62568451124,-0.899564479947,-19.5283693628,-26.0630303196,21.5696173353,-12.0713268985,-3.79912567084,10.0604402163,8.55777301579
0,0,10,1.36962469971,1.58773030856,2188,0.00104903914608,0.00155662488843,-2.64697796017e-23,1.19596345814e-05,2.4223127677e-05,0.000975617949107,0.00027027905662,0.000295928479476,1.41627703632e-06,-1.17176545922e-05,1.44175720131e-05,-5.37827016426e-06,-1.32379484155e-06,1.01667754421e-06,-4.02400676751e-06,2.01757438902e-05,1.27318209811e-05,5.18475374733e-06,1.62494344009e-05,-1.61438067651e-05,-6.18252671928e-06,-3.38883541515e-06,-9.76739422932e-06,1.29422718739e-05,3.07568601442e-06,-1.37101671274e-05,1.68696369374e-05,1.16734607494e-05,-2.29183095265e-05,8.45515811153e-07,-6.78872572324e-06,-9.63497909727e-06,617.223404401,16.0906778225,-40.4191675613,43.6098128232,-10.7357981372,-3.47442622875,1.45649905727,-10.8430823502,42.3762445975,26.3320396888,9.38371899246,36.6910852187,-32.2867516097,-13.4256908122,-9.16349268015,-18.8038910679,26.6365122811,5.13723412581,-26.8941311507,32.9347513212,25.5054183801,-49.1131291438,2.0753616863,-14.3671429697,-23.8031240137
0,0,11,1.58773030856,1.84056810108,3362,0.00161191481221,0.00277261845025,0,1.86475423912e-05,3.82240643071e-05,0.00150042944056,0.000488218895845,0.000454712773309,2.56252848457e-06,6.50826828268e-06,1.00442236027e-05,-6.83321436085e-06,8.97977039956e-06,-1.01618064294e-05,4.77573472307e-06,-1.62444394673e-05,-6.12172489314e-06,-1.49690423664e-06,-7.01873922688e-06,-5.84648249783e-07,-3.28119032481e-05,-2.65964020847e-06,-4.55128528888e-06,-4.62372876863e-06,1.63862431231e-06,-6.29083167771e-06,1.92183732982e-06,9.67457803666e-06,2.23112343057e-06,1.86099353562e-05,8.5562779189e-06,1.8726176674e-05,948.402689944,22.1467913852,-8.20274777708,39.7060078618,-13.8462544472,18.350819341,-20.7476605044,8.32066031229,-33.4655501784,-12.8201586447,-2.14549605923,-14.7594957654,-0.399586816466,-69.0285861561,-4.12596741004,-10.3219597845,-13.0864729077,3.37736583697,-13.5263519007,3.73729660529,19.9608765959,8.15147681706,38.0199183075,17.8886534215,37.5859948704
0,0,12,1.84056810108,2.13366899682,5138,0.00246342007887,0.00491160850248,1.32348898008e-23,2.83206176403e-05,5.69699542348e-05,0.00229265578039,0.000854499579714,0.0006949179742,7.14207180715e-06,-1.95596683544e-05,-2.02533582161e-05,2.70726457254e-05,-8.27627964551e-06,-2.07123747287e-05,-1.32588592358e-05,2.62383296567e-06,1.21137749157e-06,1.36831971082e-05,-9.97266115224e-06,3.43585988279e-05,7.37849445504e-06,1.38952256633e-05,1.73245285599e-05,2.87857365172e-05,-1.09437351309e-05,4.25775508194e-06,2.15191014354e-05,1.13066965257e-06,-2.3923948995e-06,-2.96223504888e-05,1.38385271955e-05,2.8644012632e-05,1449.40304013,36.556165638,-69.0342954815,-18.6574966893,56.9171640529,-18.4364355126,-40.514393489,-27.5139155064,4.39617056531,3.59613029628,27.4349388323,-21.3142011773,73.0946624104,15.6249682384,26.774638416,32.77662602,59.6111164336,-19.6568495058,5.99825795529,46.9356174127,-1.2341462608,-4.17569877264,-61.2686203268,28.1504721231,61.5993998782
0,0,13,2.13366899682,2.47344468555,7810,0.00374451358816,0.00865387399559,-1.32348898008e-22,4.31892352261e-05,8.69475806735e-05,0.00348699900516,0.00150254165739,0.00105630778095,-3.58296493241e-05,-2.60471183723e-05,-7.93936668284e-06,2.40459475194e-05,2.26095719263e-06,-3.84384489511e-05,2.52864377484e-06,-1.33445500954e-05,3.60634885556e-06,-2.41052545023e-05,-1.04001345936e-05,1.05706731211e-05,1.79505163633e-05,-1.86268295497e-05,1.08499666251e-05,-1.78157012206e-05,-1.26747200623e-05,1.33185576531e-05,-6.78153838745e-06,-1.42575457763e-05,1.20189933938e-05,1.05242532436e-05,4.79125546666e-05,1.16806887546e-05,2203.16032375,-46.1669431133,-91.9002037777,15.0052185317,48.5213937268,4.98639852272,-77.8647750145,5.84752877736,-27.5502699576,8.80786957032,-48.6693911397,-24.4417659204,23.3072759684,35.028932995,-38.6450543218,22.6837671677,-35.6203057638,-27.6941250757,30.6094258098,-14.2988902248,-31.5260598579,25.0522683712,23.5881291122,98.8965391478,22.5039097542
0,0,14,2.47344468555,2.86732788526,11770,0.00564314019624,0.0151169296765,1.05879118407e-22,6.45895195126e-05,0.000130996881075,0.00525796290868,0.00261631480113,0.00159190045861,1.58074901425e-05,-2.22822954283e-05,-5.92507488717e-06,2.50183028609e-05,-9.55526205395e-06,-4.82154373329e-06,9.40392399103e-06,2.70091174276e-05,-4.23475478925e-05,8.48859911124e-06,-4.92591157508e-07,6.34326702374e-06,3.2213700208e-06,-6.22275013294e-06,-1.34103197188e-05,-1.00581195412e-05,1.29942890954e-05,-1.87934891e-05,2.12109450509e-06,1.3307361111e-05,-3.52498906219e-05,-2.30982676237e-05,-1.47011602053e-05,-3.81408236077e-06,3320.25569918,70.7378791704,-94.5125434942,28.6042780708,53.5419135416,-21.6100993426,-9.10451012821,18.9093171088,56.7016779884,-85.9971317004,15.0569205149,-0.496134665147,14.7625336253,5.45771038906,-14.5274580551,-27.8104316833,-24.8375368855,27.8936551413,-39.4767154904,3.1598006059,27.4697186196,-71.6820174307,-48.5556036737,-30.9762958856,-7.24908965213
0,0,15,2.86732788526,3.32393493559,17546,0.00841245011752,0.0261201189777,-3.1763735522e-22,9.32970957328e-05,0.000194301463785,0.00784181609656,0.00451827646078,0.00237310836421,-2.53485135269e-06,-3.94120540788e-05,1.80054670685e-06,3.98947915769e-06,-9.59732252391e-07,-4.22809696755e-06,9.56757010586e-05,2.63531160876e-05,-2.45390730393e-05,4.3132559034e-06,1.80595079066e-05,-1.86798278799e-05,9.38838153179e-06,1.26189960218e-05,-4.70785269726e-05,-2.55161479799e-05,5.48230972283e-05,-2.99605726816e-06,3.26379539547e-06,-4.45562966076e-05,-1.45536624684e-05,-1.71022995097e-05,1.8856012716e-05,6.00816404704e-06,4949.63521646,43.5526850726,-144.716864445,57.6022977004,8.50084905785,-2.90792368366,-8.23987660047,197.756963236,56.5160248762,-48.0663728563,10.2724245164,36.851653781,-42.2195922919,14.1523251354,25.7934109503,-96.6140647163,-56.9257823644,117.180395399,-5.81163029705,5.64693292616,-92.001407695,-31.5631594689,-37.2396780657,42.0747407674,14.0727339932
0,0,16,3.32393493559,3.85325428349,25792,0.012366004413,0.0445013851087,-1.98523347013e-22,0.000140023491661,0.000279702865331,0.011537455005,0.00758250423755,0.00348838543997,-1.65282602746e-05,-1.66811270153e-05,5.35790113547e-05,5.88442611292e-05,5.04131614827e-05,1.50777757281e-05,4.84976923073e-05,3.51487561857e-05,-4.47692344299e-06,-5.40062795443e-05,-3.60998410676e-05,-8.89485397123e-06,-2.38889045713e-05,1.76143577754e-05,3.84398254772e-05,5.33708648527e-06,-7.59945082246e-05,-2.64737990933e-05,4.2196767395e-05,8.11125650402e-05,1.38313246628e-05,2.85919222779e-05,-2.99488466448e-05,-6.22009874436e-05,7275.78886943,27.5280589015,-113.42029058,178.905443446,123.381727475,105.069781305,32.151917455,98.836514378,74.6529821278,-9.29899351995,-111.200215976,-73.797192948,-19.6759677279,-50.3142985575,38.1259744212,80.6636586436,10.2357847229,-157.174654798,-55.0929407711,93.410137157,171.278998479,29.4953571144,59.4552108366,-59.3434071743,-128.62912279
0,0,17,3.85325428349,4.46686498411,37222,0.0178461312136,0.0744311837332,-4.30133918528e-23,0.000198415365105,0.000398517565154,0.016667439112,0.0125352898372,0.00503430066868,8.1846042835e-06,-1.00006938488e-05,-4.36841193103e-05,-3.30802328104e-05,-8.4969824038e-06,5.43805834327e-05,3.52566843557e-05,-5.98020546621e-05,3.35636925371e-05,-1.12151769419e-05,3.22780189048e-05,-1.20448314998e-05,-2.47344529985e-05,-2.91058895508e-05,-1.31154082315e-05,-2.48332590896e-05,-9.11486504901e-06,-5.67964135755e-05,9.29949745716e-06,-2.37156619708e-05,-7.33524051568e-05,-2.72763999178e-05,-2.76969732899e-05,3.56009061126e-05,10500.1323394,93.736045436,-117.63876421,-6.2859341388,-69.9926319504,-18.1284903934,113.876596805,73.7926563852,-126.447678669,68.3555855953,-23.9492112726,68.928301428,-26.8807386422,-51.6979644447,-58.705514053,-28.8497328281,-50.9439387726,-23.1346311409,-117.781126078,17.8196614155,-49.4003529074,-149.951452609,-55.6603176484,-55.9448553849,74.2599552809
0,0,18,4.46686498411,5.1781899969,52484,0.0251635148734,0.121623864644,2.77932685818e-22,0.000275938912064,0.000556155466373,0.0235367666072,0.0202774593561,0.0070984964885,6.07526142237e-05,6.82585404064e-06,-3.63371512033e-05,6.78578359901e-05,2.78863811379e-05,-6.36831735978e-05,-3.48029575818e-05,-1.37846358879e-05,-4.62677610613e-05,1.11980015034e-06,-6.4214913571e-06,1.49841835413e-05,-2.36053592258e-05,-2.69811502333e-05,6.81620755113e-05,-1.75571369414e-06,7.55789276051e-05,3.6387569099e-05,3.21516887627e-05,-1.89835340518e-05,1.61474589536e-05,7.46910006766e-06,-4.70342008605e-05,-1.51593274338e-05,14805.4630515,219.392794766,-104.070225388,25.2186230537,143.491284675,56.3370642858,-132.451694977,-72.1980427862,-30.9796491465,-94.1034593713,-0.164691577531,-15.7154525732,32.2794634736,-50.2869553899,-57.4717505535,139.977216374,-4.39542600728,158.41041717,78.1821973471,66.2806672427,-41.0763262998,31.3364753966,15.9089806976,-100.604458711,-29.4006602706
0,0,19,5.1781899969,6.00278981776,71872,0.0344591140343,0.192999187475,-2.11758236814e-22,0.000372194976677,0.000746051397947,0.0322890315206,0.0317206336878,0.00972073659823,3.1549359469e-05,-3.10158166759e-05,1.07376787787e-06,0.000100902205993,3.7080834686e-05,-3.50798794148e-05,5.13046291014e-05,-3.11437522122e-05,-3.59139655627e-05,3.12994882147e-06,2.94671599041e-05,-2.10633602459e-05,-7.09039070617e-05,-1.74230059276e-05,2.55095190008e-05,-1.6791813117e-05,7.44043244944e-05,2.32578719247e-05,3.76415784517e-05,-4.79780671982e-05,-5.12944795737e-05,7.66674270953e-06,-2.38649424059e-05,8.95072114362e-06,20274.7168744,175.095492816,-204.303863494,122.045103325,211.797881843,75.98752779,-72.5515704417,105.238144852,-65.7257567744,-71.9445957414,5.02373866552,59.3812198197,-44.639212607,-151.797693531,-36.4076909417,50.4780139701,-38.6013875998,154.575534742,45.9814075627,76.5043980222,-98.1816593823,-104.212400895,13.5881742271,-49.9363217632,18.2588818021
0,0,20,6.00278981776,6.95870287067,94950,0.0455238879892,0.295431227883,-5.29395592034e-23,0.000481505539819,0.000962303481085,0.0427524384777,0.0475544931927,0.0128420517031,-8.60781876628e-05,3.2440349234e-05,-5.9136380192e-05,2.92817746849e-05,7.68048311672e-06,6.34867450049e-05,-1.34427168676e-05,-6.0310927948e-05,-6.65830706477e-05,6.13296162547e-05,-1.34398891535e-05,-1.72532381847e-05,-7.35384166318e-05,-3.40396443583e-05,-7.18284353674e-05,2.84026806401e-05,-5.73883686149e-05,3.75345915496e-05,1.36275476145e-05,-4.89514614613e-05,4.56722155952e-05,1.92269674873e-06,0.000102148307205,3.12492270917e-05,26784.9004789,-54.8721185226,-89.9460104438,13.2213103554,60.1850347545,16.2160560873,133.400574658,-28.4291174449,-124.75600427,-139.724904058,129.749587393,-28.0736049665,-38.7411374083,-152.097764447,-70.67889444,-151.030590649,59.055449133,-116.636717511,76.5142251404,30.9780536915,-101.350017539,94.8710277213,2.04410474393,211.824125633,69.2683678764
0,0,21,6.95870287067,8.06684010473,120192,0.0576261942622,0.433277016515,2.77932685818e-22,0.000594533291304,0.00117644529694,0.0542607383188,0.068023358932,0.0162560492711,5.47333078921e-05,-4.56146130262e-06,0.000113014105797,-8.12630661711e-05,5.52121182462e-05,-6.42858619671e-05,6.37584745792e-05,0.00014841572767,1.98208595241e-05,-4.5173674958e-05,-0.000120088580531,1.61339758178e-05,-5.63815553047e-05,4.03688085333e-05,-2.07429485454e-05,1.47246603766e-05,2.88429197084e-05,2.30885634536e-05,-3.60570372889e-05,5.72168219703e-05,-5.61647828877e-05,-2.1864758903e-05,1.94975913404e-05,-5.61540027646e-05,33905.5372129,250.895998016,-182.223146219,384.017533132,-168.458841734,113.594221468,-133.625575161,130.676592094,310.670732448,41.6884821828,-91.9760345685,-251.821919459,35.4890172596,-120.169642916,81.5258317373,-39.4336974652,31.8942157732,60.2040745399,46.0541651397,-69.4672615892,120.24141927,-117.182869544,-46.1705621024,42.2367576304,-120.048163466
0,0,22,8.06684010473,9.35144242897,144798,0.0694235695951,0.604711528983,-9.92616735064e-22,0.000681588430247,0.00136955992607,0.0655721795837,0.0923694344108,0.0195840274092,-2.29218169426e-05,-0.000143236101568,1.10946576344e-05,-6.19908908791e-05,3.61888417592e-05,4.04029062841e-05,6.69346020428e-06,0.000146770561008,-1.58273397245e-05,-4.73696286766e-05,-3.28822811412e-05,-6.67843100935e-05,-5.2452378478e-05,-0.000133936058071,-9.28732245772e-05,4.54283835989e-06,-9.05248004885e-06,-0.000112592016291,6.79036787481e-05,5.02321039212e-05,-0.000116806971161,-1.61672958218e-05,2.86472578214e-05,3.78844061103e-05,40846.7616592,93.7096443044,-476.834398984,176.706753862,-129.96331753,73.2856389123,86.0546298362,12.4491172549,306.288397319,-32.1348650181,-98.6225293207,-66.2663341553,-139.164438317,-109.590403044,-282.204979446,-191.188081109,8.96037015909,-19.5497697605,-234.859772733,140.917807684,105.910031309,-243.665178332,-31.1405242596,58.937888416,78.8360393268
0,0,23,9.35144242897,10.840610991,165132,0.0791727295569,0.798889243653,9.79381845263e-22,0.000745703963995,0.00147546976527,0.0750397605229,0.11712680434,0.0223342146586,6.28239356463e-05,0.000148750345676,-5.16837247308e-05,5.3784046624e-06,9.46406951338e-06,-3.45657394647e-05,6.91714065908e-05,-5.63564581326e-05,0.000108584555245,7.87410337654e-06,3.77568873784e-05,7.00258417939e-06,-3.45960172482e-05,-0.000159970920962,-0.000113592280017,9.55980851943e-05,0.000107354641453,4.74919301639e-05,-8.34932534114e-05,-0.00017125890261,-2.82325671489e-05,1.32547613422e-05,0.000118149771058,4.10245824807e-05,46582.8771552,268.783607524,135.390309909,43.1249475341,10.4251080923,19.5367793682,-73.5039337738,146.076775924,-119.300067314,226.328583401,17.1730261962,76.2860444522,13.349827746,-74.7480669857,-333.923723046,-237.802208137,199.653147104,222.4231574,96.6846383749,-174.472231206,-359.486977881,-55.9042383247,27.3406006958,246.174017333,83.3296631495
0,0,24,10.840610991,12.5669219002,177692,0.0851946361724,0.995823145349,-3.57342024623e-22,0.000754175395108,0.00150241993867,0.0810634309356,0.140237876095,0.0240329631513,-0.000102786561707,1.14707630652e-05,-2.51628908474e-05,-5.22995840791e-06,-5.66071789085e-05,6.88911500676e-05,-0.000163019228912,-2.26640071599e-05,-3.32760773768e-06,8.67181170485e-05,-1.1115697104e-05,-0.000173604502804,-9.56293230186e-05,2.92950494646e-05,-3.16633313456e-05,9.18299961765e-05,4.55874091784e-05,5.75272133683e-05,-4.89753689509e-05,-0.00012242828332,7.57649949912e-05,8.40032117641e-05,-2.92131762414e-05,1.75156870008e-05,50125.9877398,-87.0868982179,-136.656274463,86.4003308376,-11.3272567082,-118.276452073,143.478062821,-341.514036092,-46.5966154836,-7.2758800991,179.315519313,-22.9032752521,-362.758724391,-197.588630163,61.2453069211,-67.1474510136,191.544267232,94.9047166577,119.025954274,-104.111599101,-253.282505482,158.546648617,173.274129237,-58.9188586333,36.3921143372
0,0,25,12.5669219002,14.5681388416,180300,0.0864450448073,1.17050870758,-9.26442286059e-23,0.000715436382226,0.00142788735954,0.0825978991009,0.157409870081,0.0243856969148,-5.71980771475e-05,3.76414649381e-05,7.00176355465e-05,-3.09175751406e-06,7.42322541701e-05,-4.76010951575e-06,-4.24410012788e-05,0.000112035044538,4.03674626659e-05,-2.7143937972e-05,-6.97599508407e-05,-1.676016354e-05,5.25577706564e-05,-7.8034802554e-05,8.97832190731e-05,3.12738578656e-06,-7.82572193818e-05,-4.3149928505e-06,-0.000100551469385,-2.97968212821e-06,4.86217871324e-05,5.29443175342e-05,4.04268392726e-05,2.21874512797e-05,50861.6909568,-7.93316095307,-62.0540805179,266.973532538,-6.2385630796,154.784654252,-10.295781331,-88.4340924369,233.727752987,84.7700855742,-55.8270600451,-146.583620088,-34.8738186905,109.845749606,-163.450036547,188.265171643,7.70175121722,-164.778628301,-10.6504592285,-208.597359506,-5.33062810025,102.595404368,110.884178925,82.2193496626,46.7943074056
0,0,26,14.5681388416,16.888039171,172932,0.0829124486334,1.30058468045,-1.45583787809e-22,0.00063641642872,0.00126153833643,0.079558894815,0.165623783619,0.0233891699327,-4.59630364665e-06,2.69090394448e-05,0.000108638476869,-4.77496537045e-05,8.80087265519e-06,-0.000125310107395,-2.818186715e-06,-1.40824604991e-05,9.77473029279e-05,0.000118061839383,-5.39539721234e-06,0.000141353416833,1.36930742835e-05,-0.000186380404242,7.42310298725e-05,-2.76317118808e-05,-4.38991770161e-05,0.000119576293226,9.45239151335e-05,-9.33566428511e-06,-3.38296134462e-06,-1.27889854026e-05,9.85966912186e-05,-3.2844787812e-05,48783.216531,81.7364180344,-59.804384606,326.36196421,-98.6913908705,17.7905157084,-261.193765217,-5.98168487948,-29.9591092852,203.380017746,247.934552188,-11.8982847524,295.42978841,27.5959838219,-389.224898779,155.574826743,-57.5062367708,-92.9027877221,247.981639541,197.051980711,-20.7699106873,-6.69919888239,-23.799092772,202.88432418,-70.2496934504
0,0,27,16.888039171,19.57737156,157562,0.075543284248,1.37287496087,4.10281583826e-22,0.000529706586597,0.00105268799308,0.0727956195153,0.165009650651,0.0213103670399,2.77810749948e-05,0.00013563144225,-8.15379158363e-05,-1.07062257948e-05,-8.04460932376e-05,-1.8174198602e-05,8.13928269987e-05,-3.96433919671e-05,1.43794688015e-05,-2.78209640653e-06,-1.85896482052e-05,5.90638027891e-05,-0.000144389858509,-2.02367348542e-06,6.61581738785e-05,-9.83721473221e-05,0.000188771525465,-2.78761408584e-05,-1.67864985462e-05,-4.88882398381e-05,3.60134607696e-05,-6.56571071818e-05,7.53256292077e-05,6.61172734622e-06,44447.4195814,129.218300106,192.412424732,-91.8032083027,-22.4577237199,-167.402299846,-37.8758980224,170.307018556,-83.4522775405,30.7164536065,-6.32427539187,-38.6282527894,122.936908884,-301.404660135,-4.40160333916,138.437195389,-206.193497411,393.999220544,-58.1911241464,-33.5374276142,-101.845070934,76.9423467324,-138.531952724,156.9364578,13.3638124124
0,0,28,19.57737156,22.6949661425,137278,0.0658180968444,1.38591204548,-3.83811804225e-22,0.0004171701628,0.000832042501217,0.0636838824619,0.156349178008,0.0185669423243,-0.000186644595435,9.12819654987e-05,-3.35364722683e-05,7.27256378199e-05,8.3520772083e-05,-5.14978185733e-05,9.86913603077e-06,-0.000175005695362,-5.26427802263e-05,2.13016571716e-05,2.80532067834e-05,3.12728402557e-05,3.02318796024e-05,-0.000109499201177,-6.16232156718e-05,-4.49410022204e-05,7.4566617732e-05,5.41503343654e-05,4.70100734901e-05,7.38147785177e-05,4.47200793926e-05,-0.000115618900242,-1.50663477937e-05,-5.93992466477e-05,38725.4088251,-336.051738704,122.561319419,-11.4627293539,151.019826214,175.081510798,-107.418625383,21.3077438884,-364.51433175,-110.07782226,44.5135560269,57.4259118674,65.3199307944,63.5020656518,-228.470840934,-129.537475878,-94.6856655592,155.660116479,112.994753589,97.5733540117,154.166119233,92.6316994562,-240.157684307,-32.182364132,-123.014779159
0,0,29,22.6949661425,26.309021445,115212,0.0552385274672,1.34780726006,3.1763735522e-22,0.000314770298846,0.000629544318487,0.0536548111609,0.142810764976,0.0155825009038,-6.15924272227e-05,-1.21254004594e-05,-4.06373790247e-05,4.81942299942e-05,0.000114181473796,-2.66371346047e-05,-5.76370133428e-05,-1.90807367417e-05,-1.60309145269e-05,6.39825822827e-05,-4.3240711236e-05,0.000117497326978,3.09555583608e-05,-0.000145398564047,0.000147065610807,-4.18680248007e-05,-1.75693103114e-05,-1.40702152627e-05,5.70197799912e-05,-5.1689409767e-05,9.36087009882e-06,-5.37945469965e-05,-9.37660326521e-05,-1.29287611571e-05,32500.7051498,-89.9027514832,-74.1102695231,-42.8161228949,100.692274606,237.962626335,-54.988401261,-119.732572767,-40.3159774315,-33.2617526878,133.275448052,-90.9109878685,244.705446402,64.8259829997,-303.693780599,306.374502036,-86.4982920035,-36.8099817595,-29.9354760727,119.789872728,-108.308014408,19.4823253609,-112.057947111,-196.820726587,-26.1432765211
0,0,30,26.309021445,30.4985962547,93816,0.0449801903696,1.27185983217,1.19114008208e-22,0.000226230787615,0.000457633415862,0.0438447430715,0.125723797087,0.0126886774363,2.75415206561e-05,-4.86589138248e-05,-2.51812244454e-05,6.0180734532e-05,-0.000110594431769,5.1743099478e-05,2.83831226992e-05,4.11989479205e-05,3.05407596029e-05,-5.06360636382e-05,6.34645669193e-05,-3.63094132148e-05,-8.83956450617e-06,-2.65364685477e-05,-3.44991460114e-05,2.0164585329e-05,-2.98934074157e-05,-1.34881586845e-05,-1.05907447014e-06,-2.63528370223e-05,-1.53371038549e-05,-1.90064239869e-05,2.15818641646e-05,-0.000162455161852,26465.004985,84.2561596557,-135.444553197,-23.1355854753,125.351471295,-230.740192261,107.950180206,59.1870772333,85.7246218619,63.4843602703,-106.039935282,132.944076777,-75.8412765575,-18.4996806759,-55.1365435895,-71.5763843919,41.3982044667,-62.6294917754,-27.5604018191,-2.71473684184,-55.3277035325,-31.9558758357,-39.6324246205,45.5185342453,-339.09355626
0,0,31,30.4985962547,35.3553390593,74606,0.0357699335158,1.17219857854,2.64697796017e-22,0.000160615117149,0.00032059231909,0.0349790347281,0.107689123288,0.0100905119469,4.9233475816e-05,2.93394456484e-05,7.14563748455e-06,6.8172876617e-05,9.25160528977e-06,0.000101949896243,-4.46298363692e-05,-3.52798997991e-05,-6.41833183353e-05,-2.42510612231e-05,5.36342595138e-05,4.03296062055e-05,-7.25904197525e-05,3.04567377436e-05,-5.37748755783e-05,4.16658940961e-05,-4.33265965482e-05,7.77859048677e-05,-3.86222539987e-05,-6.74279427899e-06,9.84506420589e-06,-4.32564060489e-05,6.37021678294e-05,2.15656657684e-05,21045.9640351,121.050915642,38.0394243906,34.9810992454,142.323434328,19.4212492201,212.588327309,-93.1599686196,-73.4780837115,-133.86780963,-50.4761205437,111.6827455,83.8165838359,-151.005601173,63.3606264485,-112.539852192,86.2161671501,-90.3950606531,162.245399287,-81.0404282881,-13.8607881742,20.6788758032,-90.7129295429,133.135438887,44.8434290517
0,0,32,35.3553390593,40.9854928916,58258,0.0279318658923,1.06090094567,2.64697796017e-23,0.000110392106083,0.000221456826679,0.0273935257884,0.0908253544499,0.00787943389275,-3.82923050998e-05,-3.51695041519e-05,2.29582724226e-05,-1.34519047421e-05,-1.2905211916e-05,1.91979175835e-05,6.38029275502e-06,-3.54426549407e-05,-2.14281108996e-05,-9.27410429798e-06,4.56354679844e-05,5.27277171455e-05,2.24568362931e-05,-2.08522947392e-05,-3.21184616502e-05,5.60259400858e-07,4.47149695792e-05,8.8757624869e-06,2.44746726167e-05,2.43669110267e-05,-2.1493873379e-05,-1.60003749988e-05,-2.7558762641e-05,-7.31729644213e-05,16434.2783792,-67.5408931894,-88.9593771905,61.4132333778,-28.0891015365,-26.7874027597,40.1735528807,13.2825415039,-73.7642210001,-44.8794492235,-19.4537072906,95.3153701799,109.97165818,46.8891243237,-43.4452987021,-66.9674073047,1.30812978734,93.3243167091,18.725783576,50.8621070013,50.5337315049,-44.9415343245,-33.3149543683,-57.5923073731,-152.486302112
0,0,33,40.9854928916,47.5122194344,44874,0.0215148915179,0.947165109197,-1.32348898008e-23,7.47288281077e-05,0.00014978854601,0.0211543216422,0.0752709177029,0.00606923884279,1.42929062702e-05,7.85406217712e-06,-3.31771735478e-05,3.59738548886e-05,2.60660071626e-05,-5.90568061419e-05,7.77056912201e-06,-9.40380835449e-05,-7.70207902534e-07,1.40739737746e-06,-2.75162200151e-05,-1.81507525736e-05,-1.80747500083e-05,-3.77771368379e-05,8.67886063522e-05,-5.7892675825e-06,4.65003871044e-05,-1.87006315471e-07,-8.62122091884e-05,4.64867059405e-05,-2.75255899799e-05,3.67127776387e-05,1.89275384694e-05,1.62909615211e-05,12658.7216861,37.9187404052,5.97029444873,-60.2441850982,75.0906371316,54.267092719,-123.161791007,16.2873059901,-196.358858857,-1.59745852696,2.81104760454,-57.7455603967,-37.4738129944,-37.8624344529,-78.616254666,180.744165306,-11.5919190311,96.6516544415,-0.340350781841,-179.781963151,97.2392921571,-57.4447544451,76.6024748179,39.4229434126,34.359339743
0,0,34,47.5122194344,55.0782932282,34218,0.016405859918,0.837172110563,-6.61744490042e-23,4.99251979373e-05,0.000101216468316,0.0161679791794,0.0623435666579,0.00462800763744,-0.000100771085227,3.71058589087e-06,-5.12798254557e-05,-2.54135435557e-05,-3.65973083816e-05,3.48228892763e-06,1.28976897242e-05,-5.00167434718e-06,-5.82052514188e-05,-4.29166433475e-06,1.45523911882e-05,7.7808047194e-06,7.88770852241e-06,5.96122457272e-05,-2.05250707514e-05,-2.19424116145e-05,-8.80624733042e-06,4.02297343598e-05,-2.71901908297e-05,-5.86964650931e-05,-4.44359912328e-05,-4.10665612573e-05,-1.61212202952e-05,4.101029624e-05,9652.71958492,-204.824761058,0.96276374585,-101.073332222,-53.1773163991,-76.0908683717,7.3761038179,26.9538296,-10.2401884136,-121.37885523,-8.91423925027,30.2598289703,16.2226309602,16.3025224195,124.371698608,-42.8433055749,-45.9684545898,-17.9090414825,83.8889174074,-56.7657400345,-122.379806428,-92.754178873,-85.9445260877,-33.3728251334,85.7827302373
0,0,35,55.0782932282,63.8492249161,25896,0.0124158673341,0.734404863361,3.30872245021e-23,3.26990820221e-05,6.63696192827e-05,0.012259489084,0.0505279606545,0.00350245151029,1.36554836592e-05,-5.59677541297e-06,-4.39678222602e-05,7.19937603968e-06,-2.5939213114e-05,4.46045609946e-05,9.32737614068e-06,5.66987075467e-05,-7.37439058091e-06,1.28256187758e-05,3.10283529318e-05,-2.41659094442e-05,9.05081279308e-06,6.26685890763e-05,1.56122977012e-05,-6.17739994253e-05,-3.50764794227e-05,-2.56451160465e-05,-2.47106391523e-05,7.07569406832e-05,3.16437545552e-05,2.7996255394e-06,-7.98854208724e-06,-1.7642479677e-05,7305.12672778,31.9907552427,-16.0606807134,-87.8993607546,15.0216967821,-54.0754147469,93.0089623999,19.4569290188,118.217674764,-15.265909267,26.7104329248,64.9004531035,-50.3845743254,19.0433070207,130.737377838,32.7451270948,-128.937824883,-72.9888731168,-53.5616944685,-51.6347467409,147.770208637,66.0189411169,5.93515837694,-16.6686403805,-36.7344711047
0,0,36,63.8492249161,74.0168818502,19492,0.009345462082,0.640778607743,1.98523347013e-23,2.13740442939e-05,4.36190622496e-05,0.00924363624648,0.0410563849022,0.00263630618005,-5.95867555435e-07,-1.04908393624e-05,5.88031545452e-06,1.98296442821e-05,5.5704973179e-06,3.81689125735e-06,3.27425987498e-05,-5.35762955481e-05,-3.02646794051e-06,-1.76373856905e-05,-1.43686317587e-05,2.96233668733e-05,-1.89650514351e-05,-2.33667660132e-05,-2.5164081403e-05,-3.05068610612e-06,-1.83965894776e-05,-2.99074998256e-06,-2.10936432064e-05,-2.33184819313e-05,2.33659544552e-05,-1.44478906484e-05,-1.2139251876e-05,2.17560765853e-05,5498.59168126,0.997793067342,-24.7568758138,14.7627936523,41.3312661293,11.6079967618,8.02045834629,68.292437523,-111.732522241,-6.34462388796,-36.7656494932,-30.0607540866,61.7067431882,-39.5696283724,-48.6047308948,-52.6269929891,-6.45477085458,-38.4022966256,-6.3528946642,-43.8755590737,-48.7570409876,48.9106270723,-30.0849605793,-25.3300547726,45.4535117433
0,0,37,74.0168818502,85.8036852606,14618,0.00700861711034,0.557054602946,0,1.38620801044e-05,2.84800201648e-05,0.0069425769257,0.0331546576365,0.00197709438436,-4.47236366537e-06,7.21175601752e-05,-3.09779002907e-05,3.71801400642e-05,4.97263500412e-06,-2.91266665269e-05,3.14351216866e-05,-7.01561778574e-05,-3.65880309382e-05,-1.43436211421e-05,2.21845378769e-05,-8.01264144737e-06,1.04041484177e-05,-9.92949697294e-06,1.78936041084e-06,2.2663212066e-05,-1.36402009832e-05,3.58947559295e-05,-1.5573322594e-05,2.86600293145e-05,-7.18422152242e-07,-2.63302866593e-05,3.30016690912e-05,6.19711453698e-05,4123.66166615,-7.90142061065,148.543855825,-62.9978111696,77.5389374328,10.4566939129,-60.8463552508,65.6827063173,-146.335949592,-76.3248762405,-29.8527267998,46.1515833879,-16.6452768304,21.6398277529,-20.6359785827,3.53051647492,47.0844174828,-28.3340623973,74.9714904151,-32.5415473095,59.7781093624,-1.58480706738,-54.8856797702,68.9251950937,129.329146073
0,0,38,85.8036852606,99.467475801,10930,0.00524040121877,0.482833507809,0,9.24622961817e-06,1.83633534136e-05,0.00519780461313,0.026475787765,0.00147828989062,-1.76128039752e-05,-2.15183182027e-05,2.30792075079e-06,2.12772124346e-05,5.08980258022e-06,3.57859615562e-05,1.60721499492e-05,6.08807959428e-06,2.09228114746e-05,-6.10216738137e-06,-2.69050874103e-05,5.41184825501e-07,5.46831516916e-07,-2.42908451958e-05,-8.73652151103e-06,5.31418518469e-06,1.28865595292e-05,-5.14520853529e-05,3.410559932e-05,-3.03500053468e-05,3.18073891497e-05,-5.73300058401e-07,-7.33684664047e-06,1.06005049445e-07,3083.29607409,-35.7911794477,-46.0643016673,5.84561957595,44.3426695931,10.5925549039,74.6798805465,33.5154750397,12.7000670246,43.6629140674,-12.7704635968,-56.0438003818,0.983804586665,1.19554827063,-50.6640746218,-18.2367729347,11.1392681827,26.8590282046,-107.334176721,71.1401769719,-63.3244506979,66.4041081756,-1.12577239057,-15.3440383018,0.235731543404
0,0,39,99.467475801,115.307153908,8156,0.00391040369078,0.417656374681,0,6.11935789018e-06,1.1866084684e-05,0.00388301552517,0.0212083573416,0.0011031045149,1.10830025449e-05,4.36589762778e-06,1.33016974635e-06,1.44478315276e-06,2.61211675409e-05,2.1565669098e-05,2.94268693257e-07,-1.57123441636e-05,-1.28714679956e-05,1.65788317773e-05,-1.63899687779e-05,-2.09119662814e-05,-1.03396404603e-05,-8.8092427747e-06,5.45791133338e-05,8.94526143545e-06,4.95557848932e-06,1.13806197201e-05,-3.18036825313e-05,-2.45701028057e-05,-2.194829697e-05,4.74603386295e-06,6.09429909855e-06,3.29764293152e-05,2300.76512171,23.7267001467,8.34200251723,3.4407215871,3.05649499546,54.4494441355,44.9690278226,0.601633694424,-32.8017924453,-26.8367683267,34.5945103553,-34.2441052507,-43.6460684975,-21.5829849791,-18.3797416357,113.79281742,18.6969036075,10.4100417785,23.6897677058,-66.3199169505,-51.1725788859,-45.7902975728,9.83673692629,12.6036183726,68.8795210345
0,0,40,115.307153908,133.669218358,6080,0.00291506307503,0.360922186402,6.61744490042e-24,3.85561716543e-06,7.79950773484e-06,0.00289745710722,0.0171343419691,0.000822324111159,3.33973416919e-05,1.4329166349e-05,2.11661983968e-06,-1.5383494476e-05,-1.19337260835e-05,1.96797876556e-05,1.12094635298e-05,-1.20012185125e-05,4.89826663995e-06,2.13863417104e-06,-2.55321514819e-05,-6.67226772752e-06,-4.67558549848e-06,2.90437009878e-05,-7.99015536485e-06,1.05699639848e-05,-2.37632454588e-05,-1.42925744423e-05,4.9669510628e-06,-4.69352587399e-06,4.34178595249e-06,-2.95408628849e-06,3.46964355103e-05,-3.48500139825e-05,1715.13633399,70.0457741329,29.4001561185,4.84851833955,-32.0713705748,-24.9123240352,41.0298611871,23.3713772898,-25.032666583,10.1544090817,4.49316042294,-53.2202143918,-13.9463402766,-9.73421434726,60.5903318833,-16.6296492592,22.0159803788,-49.5139914859,-29.8135182474,10.4021486531,-9.72797710765,9.04020942805,-6.18654347711,72.3964743467,-72.7149810689
0,0,41,133.669218358,154.955346055,4526,0.00216999596671,0.311452913707,-3.97046694025e-23,2.44579813394e-06,4.89373291779e-06,0.00215859577409,0.0135073785582,0.000612144560379,-1.26350984832e-05,1.9477967182e-05,3.84895178216e-06,8.4950135392e-06,-1.29882630684e-05,-3.21946254738e-05,5.77702933814e-06,-1.562784247e-05,2.10560260029e-05,-8.52053659253e-06,1.56344996325e-05,-8.21043381014e-06,-1.12764501041e-05,-2.33305365889e-05,-4.84097327783e-06,1.98238698727e-05,2.65000042228e-05,5.64145926329e-06,8.94821168793e-06,9.74095229277e-06,-3.98797916359e-06,-1.819124272e-06,-1.25018395558e-05,9.91607574642e-07,1276.76102757,-26.113242154,40.3041334779,8.29917812544,17.701601781,-27.0717797893,-67.1640143108,12.0593902218,-32.6026401997,43.9148281264,-17.7945149212,32.6036746627,-17.0889992345,-23.5435694884,-48.6495563887,-10.1299885413,41.3501190955,55.22926859,11.7733689973,18.6223527537,20.3141558016,-8.30899588685,-3.78355934459,-26.0723351785,2.03202708673
0,0,42,154.955346055,179.631178861,3370,0.00161575042152,0.268833270463,0,1.56183488709e-06,3.09315392801e-06,0.00160838785988,0.0107942234558,0.000455794778718,-1.76777898414e-05,1.60502384289e-05,-2.78442590908e-06,7.65482984682e-08,1.10115934941e-05,-9.97613324332e-06,7.73574117098e-06,4.80405375438e-06,4.82300853796e-06,-2.19229823862e-06,3.40436592755e-06,8.8600077303e-06,-8.30808929487e-06,-8.02203237337e-07,3.79248207158e-07,-1.94024953958e-06,7.16052105358e-06,-4.60857079567e-06,4.30131072852e-06,-1.66557906918e-05,-1.49964658915e-05,2.89828895997e-06,1.65919960292e-06,-7.71939184727e-06,950.659448278,-36.7091725291,33.2692989612,-5.6332210665,0.148165665402,22.9862389512,-20.8066858554,16.1422824527,10.0233595127,10.062605756,-4.56916841281,7.08851792782,18.4745484209,-17.3540858139,-1.68223115912,0.800246761961,-4.0371281287,14.9412584019,-9.62855628051,8.98155350007,-34.7328856589,-31.2583495136,6.03447750577,3.4493417067,-16.1032321727
0,0,43,179.631178861,208.236509681,2506,0.00120150461612,0.231751249534,0,1.03933698426e-06,1.91279626352e-06,0.00119675984478,0.00846643868559,0.000338938194501,1.41207603197e-05,8.05575210183e-06,-6.69121150692e-07,-6.57469466231e-06,-4.11526136084e-06,-1.07650307898e-05,-3.44658518758e-06,1.03357552894e-05,-4.84220397372e-07,8.0452438288e-06,-1.24569503742e-05,1.14505239072e-05,-1.18236051613e-05,-6.99581993119e-06,-8.85254693175e-06,7.10523987812e-07,-5.79412323909e-06,5.48081998435e-06,1.66694256531e-05,1.33680544399e-05,4.8561152588e-06,-2.21885604313e-06,1.95513228293e-06,5.31913088198e-08,706.929548185,29.5551517596,16.6714179612,-1.28539775724,-13.7096564776,-8.59166133998,-22.4504666191,-7.18714423539,21.5527383378,-1.01077887597,16.7883922722,-25.9729206339,23.8918130832,-24.6586961071,-14.5971923603,-18.4554136879,1.45784227429,-12.0918109583,11.4249427578,34.7858510737,27.875197646,10.1467264112,-4.62218750491,4.07400067087,0.101484465654
0,0,44,208.236509681,241.397090634,1864,0.000893696969056,0.199834700758,0,6.56521952999e-07,1.28338414495e-06,0.000890673518145,0.00689927307086,0.000252107260395,-5.63248390899e-06,1.0423331495e-05,2.65930484373e-06,1.75982320472e-06,2.32615527216e-06,2.79497213612e-06,1.2680875171e-05,-1.39944715877e-05,1.67213017102e-05,1.48007323286e-05,-6.75211885732e-06,1.11266565896e-05,-3.90895648191e-06,-1.1661852054e-06,-3.92841494686e-07,1.68774315033e-06,-9.00570016236e-06,-4.91899270238e-06,-2.92084022417e-06,1.383603073e-05,1.69530236776e-05,1.27959753641e-05,1.09155027405e-05,4.17985600862e-06,525.824691867,-11.6831537371,21.6558539578,5.62159914343,3.6680272849,4.85336545553,5.83084227871,26.4493403678,-29.1898058019,34.8693407981,30.880442194,-14.0786192003,23.2023674932,-8.14923996605,-2.41599944892,-0.824192741709,3.53078249972,-18.7782531051,-10.2676108936,-6.08603179008,28.8566983045,35.3560989607,26.6871595122,22.7575045528,8.69544543094
0,0,45,241.397090634,279.838321607,1384,0.000663560410501,0.171989782501,0,4.11883137957e-07,8.50282995519e-07,0.000661632394548,0.00565309857297,0.00018718693583,2.66195673629e-06,5.86607256733e-06,-9.68478363567e-06,1.4085377421e-05,1.10097723396e-06,-4.12861359172e-06,-7.02763351703e-06,-4.60611263853e-06,-1.23643508287e-05,4.09502893689e-07,-3.91403259569e-06,-8.76178145214e-06,2.6241624965e-07,7.4520763353e-06,-2.09241433684e-06,4.8799069462e-06,-2.87466820955e-06,9.06076341992e-06,4.14636960628e-08,-6.50418866365e-06,1.52389832694e-05,6.89077094412e-06,-4.61118325472e-06,4.80337960739e-06,390.419191815,5.59226726208,12.1818711071,-20.1556289513,29.3783171057,2.29613655328,-8.61369273405,-14.655231671,-9.60620730349,-25.7844582907,0.851051961314,-8.1689324662,-18.2774437081,0.549355287143,15.5476804586,-4.37504667881,10.1694720926,-5.97556316363,18.8974764936,0.0825515856532,-13.5596810127,31.7716085709,14.3749193804,-9.61387101259,10.0194411327
0,0,46,279.838321607,324.401118648,1030,0.000493834698567,0.148354809326,0,2.42195392041e-07,5.61918186697e-07,0.000492592886188,0.00459934373971,0.000139308196463,-3.14266121812e-06,-9.73372017566e-06,2.36753242006e-06,-3.88773722148e-06,2.62166634504e-06,-6.83489725977e-06,-5.93969027545e-06,-2.71562990465e-06,5.2503544905e-06,-1.47806828959e-05,2.02469963695e-06,5.51886449988e-06,5.05616213773e-07,8.7035957479e-06,-6.84063748366e-06,-6.65314364273e-06,5.69544470889e-06,3.65865297201e-06,1.348523306e-06,3.60451502957e-06,-3.58103283953e-06,4.88667574498e-06,-1.83631426925e-06,-4.49737157758e-06,290.557635527,-6.52762796736,-20.3364015771,4.96712104418,-8.11336457608,5.47076421439,-14.2513961789,-12.3902629371,-5.66099698967,10.9509057516,-30.8284979681,4.22137705943,11.5159847398,1.05343162287,18.1518660594,-14.2646641703,-13.8812391429,11.8750231459,7.63771170133,2.81848283419,7.51613762187,-7.46415726451,10.1876406197,-3.81536654529,-9.38886086146
0,0,47,324.401118648,376.060309309,768,0.000368218493688,0.128243144614,0,1.81838697797e-07,3.56534745879e-07,0.000367430177067,0.00363734754091,0.000103872519304,-1.05924288214e-05,4.6721729526e-06,-7.49388372252e-06,4.92081003286e-06,2.092571231e-06,-1.06065472927e-06,2.05057948583e-06,1.6670009178e-05,-1.61235444165e-06,3.06053981888e-06,-1.4339112309e-05,-1.82667629004e-06,-2.77234704968e-07,-4.49358917529e-06,-1.54278740831e-06,2.62303901389e-06,-7.0406841445e-06,-2.41574866805e-06,4.17584405879e-07,1.42421947745e-06,2.44015213474e-06,-2.55962201355e-06,5.153660012e-06,5.72978419981e-06,216.648800082,-22.0746314536,9.72251949276,-15.6125437708,10.2595868504,4.36446372054,-2.20994949655,4.27966423091,34.7698746278,-3.35804514536,6.38479163975,-29.9071751712,-3.81015244374,-0.579080808667,-9.37707131917,-3.21504553255,5.46658449202,-14.6851943094,-5.04297176457,0.875800462411,2.97863918991,5.08657561719,-5.32545633117,10.7469338999,11.9484594361
0,0,48,376.060309309,435.945957359,570,0.000273287163284,0.110360829194,0,1.19497318339e-07,2.35045753387e-07,0.00027278740476,0.00296688822983,7.70928854212e-05,3.86202041508e-06,1.51718647622e-06,-7.08132802495e-06,3.27652705785e-06,-1.07948116745e-06,-5.57378109263e-06,2.61203618331e-06,-4.98842281988e-06,-2.13954702183e-06,7.18647588442e-07,-5.39282087121e-06,-3.95188088216e-06,4.78532933631e-06,-1.14319613466e-06,7.48836655236e-06,-1.71637542324e-06,-3.47365834536e-06,1.35530354429e-06,1.68613949284e-06,-3.60424943442e-07,-6.8411681181e-06,-2.69807142781e-06,-3.09913721468e-06,-7.3504671984e-06,160.794031311,8.06547573507,3.14982938866,-14.7573994741,6.83460258252,-2.2532977492,-11.6260167092,5.45020668434,-10.4069031965,-4.46443418564,1.49852444927,-11.2494749067,-8.24036797426,9.97758977597,-2.38261354178,15.6176479872,-3.57621046271,-7.2480381938,2.82719877958,3.51643078756,-0.75022412689,-14.2738430215,-5.62911028105,-6.4657441795,-15.3286156253
0,0,49,435.945957359,505.368083345,422,0.000202328391063,0.0946925596351,0,7.41161908251e-08,1.388177731e-07,0.000202002214096,0.00227577640985,5.70757853469e-05,-3.45883633289e-06,-2.94750256647e-07,2.29835628778e-06,4.20699677883e-06,-4.9920822483e-08,4.18547961606e-06,-1.33814673482e-06,-3.0430621236e-06,-1.29166969339e-06,-6.70461638341e-06,-6.62513396584e-06,-7.10908368409e-06,4.16624256946e-06,1.55353071446e-06,5.51721867146e-06,-2.32775096731e-06,3.33406518558e-06,-6.63437150191e-06,1.62192800852e-06,1.80882761715e-06,-5.0685644761e-06,-2.83590960601e-06,-9.03153357912e-07,-2.09212446739e-06,119.044002129,-7.20733886653,-0.623355033131,4.80146731709,8.77434960672,-0.104125179413,8.72901458694,-2.79099839682,-6.34612482078,-2.69355023475,-13.9869659463,-13.8166491664,-14.827543538,8.69104867979,3.23951757558,11.5065984983,-4.85475322115,6.95305112639,-13.8351446329,3.38445975766,3.7765292536,-10.5730050707,-5.914849949,-1.88265644455,-4.36191769869
0,0,50,505.368083345,585.845321772,316,0.000151506567716,0.0821847997842,0,4.46706247319e-08,1.02397871019e-07,0.000151300571864,0.00191993865114,4.27392136721e-05,-2.77900142051e-06,-8.39244840062e-07,5.16090612346e-06,-1.71111111476e-09,1.63658602322e-06,-5.67971404665e-06,-2.76286268715e-06,4.28978038683e-06,-4.96405896107e-06,-1.69871933489e-06,1.78386028465e-06,3.62324180051e-06,-5.51225121875e-06,-3.25159865724e-06,7.81797027884e-06,-5.89780990813e-06,-4.77427394504e-06,-4.6044354808e-06,-5.04265158554e-06,3.02733371305e-06,2.26980081607e-06,4.95859184641e-07,-1.49555394849e-06,-4.28356779952e-07,89.1419542005,-5.79149457813,-1.75652069922,10.7686984156,-0.00236815309135,3.41409219122,-11.8455650335,-5.76352137872,8.94758404058,-10.3527408322,-3.5436036684,3.71950297141,7.55945709541,-11.4965446121,-6.78223512903,16.3077303309,-12.3001301877,-9.95786514889,-9.60360963103,-10.5176855344,6.31399520399,4.73629845591,1.03179486797,-3.121603511,-0.8921829196
0,0,51,585.845321772,679.138141789,236,0.000113150474623,0.0712078758931,0,2.99941491058e-08,5.2460762157e-08,0.000113011682212,0.00138007020981,3.19191595779e-05,3.96728301775e-06,-1.57976731437e-06,-2.69084496418e-06,-3.0007374115e-07,-3.00845210502e-06,-2.90259446718e-06,4.23104454802e-07,1.43673808214e-06,4.90484276221e-07,-1.43983824047e-06,1.84921431246e-06,9.8562246014e-07,4.72330555344e-06,1.52890697816e-06,-3.46879267674e-06,-1.87689324829e-06,-1.83401793471e-06,4.77805067316e-06,3.19468718383e-06,3.52917924379e-06,3.39107941676e-06,-1.21686023236e-06,-4.37036872998e-06,4.59654872524e-06,66.5743708586,8.27744217793,-3.29872821664,-5.60921332562,-0.625938512798,-6.27507625087,-6.05420718933,0.883133300392,2.99632077049,1.02380603387,-3.00276313017,3.85742863817,2.05644489098,9.85148154,3.18958693122,-7.2355686037,-3.91641396839,-3.82620834583,9.967107902,6.6631409479,7.36050893314,7.07044595748,-2.53697264971,-9.1141063299,9.58659999022
0,0,52,679.138141789,787.287358098,174,8.34245024763e-05,0.0608978057296,0,1.67686743606e-08,3.66757459177e-08,8.33367957437e-05,0.0011478616209,2.35336176549e-05,-1.37553851885e-06,-7.78467769418e-07,1.06675068303e-06,-4.29883306871e-07,-4.4644872409e-06,-4.00369528949e-06,-2.12809333397e-06,-1.30324439424e-06,2.96412330398e-06,4.54540832683e-07,1.56495064425e-06,-9.5976945435e-07,-4.81624413341e-07,-3.43389865769e-07,-6.06157197675e-07,-1.44933581798e-06,-6.04737581818e-07,1.04314615278e-06,1.89080826435e-06,2.78644225811e-06,-5.36202336096e-07,5.3329884419e-06,-3.12540560903e-06,-6.0154774869e-07,49.0844937687,-2.8673893911,-1.62601521828,2.22688251382,-0.896882340817,-9.31149274584,-8.35060842295,-4.43889751745,-2.71816584825,6.18227244053,0.947341291256,3.2649944842,-2.00030286186,-1.00497256311,-0.714927745112,-1.26440521866,-3.02218039393,-1.26234573014,2.17469792938,3.94322977907,5.81178758837,-1.11796825391,11.1221268387,-6.51872472065,-1.25557238498
0,0,53,787.287358098,912.658774529,128,6.13697489481e-05,0.0519000156568,0,1.28092858989e-08,2.01325502647e-08,6.13135534763e-05,0.000869740083751,1.73120865507e-05,-1.83391898707e-06,-3.55041332268e-06,3.88510238096e-07,-3.00721720388e-07,1.80880216894e-07,-2.00988381326e-06,-3.62978624949e-06,4.08786495794e-08,-3.77796612183e-08,7.66864869171e-07,-1.29630957703e-06,2.85482806303e-06,-8.98061923755e-08,-1.4701576077e-07,-2.24988620977e-06,-4.52768212742e-06,2.45532749108e-07,2.10810599101e-06,-5.34704966238e-06,-2.07075710747e-06,5.79460095349e-06,5.45472909988e-07,3.25432640252e-06,5.02003364224e-06,36.1081333471,-3.82387086664,-7.40664499402,0.81147674303,-0.627415975773,0.377124589554,-4.19130684021,-7.57099663053,0.085583272674,-0.0779225264261,1.59959907387,-2.70475602167,5.95464614953,-0.186661290525,-0.306874866549,-4.69245550911,-9.44250434893,0.511667671995,4.39665143279,-11.151887079,-4.31930342486,12.0864542242,1.13794231061,6.78766161686,10.4701936538
0,0,54,912.658774529,1057.99493686,64,3.0684874474e-05,0.0292878484048,0,6.24919864986e-09,1.05329119245e-08,3.06611103174e-05,0.000484579225705,8.65604327536e-06,2.54482605475e-06,1.76995431422e-06,-6.16862514962e-07,2.27708197003e-06,1.76895289712e-06,3.53717464842e-07,6.12305715427e-07,1.35620526001e-06,-1.21957977736e-06,4.94302686924e-07,1.83887878235e-07,-6.17800382442e-07,-4.21331906743e-06,4.89581182805e-07,-1.54039240068e-06,8.20430896087e-07,-1.65149551858e-06,-1.41338445149e-06,1.80589449388e-06,3.08301747925e-08,5.80613372605e-07,2.27683988666e-06,-4.62563227159e-07,-8.19236027621e-07,18.0540666735,5.30834581262,3.69091424254,-1.28609238629,4.7494701214,3.68943031684,0.737648791194,1.2769582868,2.82854848944,-2.54355063973,1.03096947548,0.383698075191,-1.28890079143,-8.78795320908,1.02121498597,-3.21287798814,1.7105173146,-3.44395190792,-2.94821062686,3.76629522779,0.0646047550881,1.21149418158,4.74848545255,-0.964651006429,-1.70876991336
0,0,55,1057.99493686,1226.47512703,0,0,0,0,0,0,0,0,0,0,0,0,0,0,0,0,0,0,0,0,0,0,0,0,0,0,0,0,0,0,0,0,0,0,0,0,0,0,0,0,0,0,0,0,0,0,0,0,0,0,0,0,0,0,0,0,0,0
0,0,56,1226.47512703,1421.78491108,0,0,0,0,0,0,0,0,0,0,0,0,0,0,0,0,0,0,0,0,0,0,0,0,0,0,0,0,0,0,0,0,0,0,0,0,0,0,0,0,0,0,0,0,0,0,0,0,0,0,0,0,0,0,0,0,0,0
0,0,57,1421.78491108,1648.19676227,0,0,0,0,0,0,0,0,0,0,0,0,0,0,0,0,0,0,0,0,0,0,0,0,0,0,0,0,0,0,0,0,0,0,0,0,0,0,0,0,0,0,0,0,0,0,0,0,0,0,0,0,0,0,0,0,0,0
0,0,58,1648.19676227,1910.663523,0,0,0,0,0,0,0,0,0,0,0,0,0,0,0,0,0,0,0,0,0,0,0,0,0,0,0,0,0,0,0,0,0,0,0,0,0,0,0,0,0,0,0,0,0,0,0,0,0,0,0,0,0,0,0,0,0,0
0,0,59,1910.663523,2214.92675006,0,0,0,0,0,0,0,0,0,0,0,0,0,0,0,0,0,0,0,0,0,0,0,0,0,0,0,0,0,0,0,0,0,0,0,0,0,0,0,0,0,0,0,0,0,0,0,0,0,0,0,0,0,0,0,0,0,0
0,0,60,2214.92675006,2567.64231331,0,0,0,0,0,0,0,0,0,0,0,0,0,0,0,0,0,0,0,0,0,0,0,0,0,0,0,0,0,0,0,0,0,0,0,0,0,0,0,0,0,0,0,0,0,0,0,0,0,0,0,0,0,0,0,0,0,0
0,0,61,2567.64231331,2976.52599522,0,0,0,0,0,0,0,0,0,0,0,0,0,0,0,0,0,0,0,0,0,0,0,0,0,0,0,0,0,0,0,0,0,0,0,0,0,0,0,0,0,0,0,0,0,0,0,0,0,0,0,0,0,0,0,0,0,0
0,0,62,2976.52599522,3450.52227654,0,0,0,0,0,0,0,0,0,0,0,0,0,0,0,0,0,0,0,0,0,0,0,0,0,0,0,0,0,0,0,0,0,0,0,0,0,0,0,0,0,0,0,0,0,0,0,0,0,0,0,0,0,0,0,0,0,0
0,0,63,3450.52227654,4000,0,0,0,0,0,0,0,0,0,0,0,0,0,0,0,0,0,0,0,0,0,0,0,0,0,0,0,0,0,0,0,0,0,0,0,0,0,0,0,0,0,0,0,0,0,0,0,0,0,0,0,0,0,0,0,0,0,0
2.34375,30,0,0.3125,0.362263999424,92,4.41095070564e-05,1.2024310593e-05,-3.68369397354e-07,4.74657692565e-07,1.04462458342e-06,4.0993797352e-05,2.06398041656e-06,1.24430622083e-05,9.42072383438e-07,-1.56489848048e-07,1.85276916152e-06,-1.18561926988e-06,5.44640922878e-07,-1.34894895096e-06,-1.85621763878e-07,4.3456670274e-07,-6.90581355606e-07,-2.76235082215e-06,-3.78108028871e-07,-1.67500159808e-06,3.10977118496e-06,-4.74550126638e-07,3.40620243182e-07,4.66411274684e-07,-8.62808508153e-07,-1.35594401269e-06,-4.99733664186e-07,-2.37544839798e-06,-4.39152213289e-07,-6.58028078109e-07,-9.3503289593e-07,-3.57248126358e-07,25.9527208432,5.66003227081,-4.94610032226,7.34161409778,-2.20956045298,0.00684513686087,-3.53070181668,-0.408957553421,1.50806978064,-1.83451737513,-4.36199910475,-2.06008373287,-2.56511290664,5.0848650789,-2.43895956531,2.41434155629,-1.22911212072,-3.87720513745,0.719669563396,-0.560596181954,-3.34696146443,-4.60116173828,2.34200118174,0.681489351049,-0.190276599515
2.34375,30,1,0.362263999424,0.419952656891,34,1.63013395643e-05,6.38998989693e-06,3.3854716393e-07,1.72865482407e-07,3.46108460753e-07,1.51168665589e-05,1.06447357891e-06,4.59852299004e-06,-8.9599004535e-07,2.91508675678e-07,-1.42801690886e-06,3.89252619783e-07,-8.54384780877e-07,-5.71888942995e-07,-5.68114754634e-08,2.71046350354e-07,-8.30565346743e-07,-1.45042534843e-06,-9.73686449252e-07,-1.31118408203e-07,-7.99597454408e-07,5.06161164218e-07,-5.2528961212e-07,3.6579986189e-09,1.30676238251e-06,-9.01022354836e-07,1.04142068513e-06,-7.26729123347e-07,1.39142030775e-06,1.82945915836e-08,-1.50037807431e-07,-8.34022512872e-07,9.59122292031,-1.18116863152,-0.347425289907,-2.21376298456,0.163839487117,-1.49060493598,-0.834329224274,0.210945951257,0.666884448904,-1.46551234605,-3.59357737093,-1.54295278599,-0.608395197864,-1.3835930942,0.91462952167,-0.829682309458,-0.684539839996,2.71287623831,-1.93551636842,2.41144222557,-1.1743621087,3.48453146906,-0.126934936313,0.307639897146,-1.52714905168
2.34375,30,2,0.419952656891,0.486827932973,58,2.78081674921e-05,1.26292659825e-05,1.2426539826e-07,2.6171265344e-07,6.02708628143e-07,2.57746500733e-05,2.10245069113e-06,7.8445392183e-06,1.31919369243e-06,1.18128829815e-07,1.85397177892e-07,8.33508071937e-07,-1.6583153312e-07,-1.58298771589e-06,6.98609942106e-07,1.47011244504e-06,-3.19789982879e-07,5.11343461931e-07,-8.83143542388e-07,-5.43714343596e-07,-1.87831152737e-06,-3.86030943152e-07,1.73518085982e-07,5.46875433587e-09,-6.54000069658e-07,-7.61906574241e-07,4.7117670228e-07,4.5216258688e-07,-4.41777082808e-07,5.27784371677e-07,1.94879654707e-06,-1.53802567759e-06,16.3614979229,3.79924624394,-1.28518645416,1.43403879905,2.11861770824,-0.909162381146,-3.2016687368,1.04313480617,2.79420993566,-0.423197579889,1.03688588802,-1.6205209353,-0.551299461269,-4.50732168614,-1.14147884423,1.08736812135,-0.0972981357068,-0.850844198624,-2.56516867039,1.37812589198,1.75885894299,-0.233994130991,0.882973781975,3.2435108775,-2.67382708578
2.34375,30,3,0.486827932973,0.564352748896,105,5.0342372184e-05,2.66931417714e-05,-5.32800568709e-07,6.10757808805e-07,1.15010163999e-06,4.68049576099e-05,4.64567922084e-06,1.42013209986e-05,1.40489430087e-06,4.35143165514e-07,-8.05574575321e-07,1.66059862707e-06,2.14075370271e-07,1.98300418924e-06,-2.6037245558e-06,-1.09297964557e-06,1.99638281597e-07,-2.20203877658e-06,1.08042206539e-06,-7.42703462183e-07,5.34093872534e-07,-9.60294447596e-07,-1.04595551725e-06,8.52078312211e-07,-1.33810112002e-06,-1.81467010603e-06,-7.40781544757e-07,-1.07504987306e-07,-3.19704752884e-06,-1.15282937524e-06,-1.20568831609e-06,-3.9916095685e-07,29.6199531363,4.57499792719,-1.01237734486,0.0804424350202,3.27103619463,0.483929952832,3.74075090132,-4.93556700618,-2.58242130296,0.0335897230944,-5.70733423887,2.3771066722,-1.30343106834,1.85997452137,-2.22704447546,-2.94834334082,1.98775432274,-3.66587315906,-3.39217083487,-0.81957632428,-0.0706081716474,-5.92211965473,-2.08215393815,-2.10448252697,-0.723432873478
2.34375,30,4,0.564352748896,0.654222988482,185,8.86984652765e-05,5.39998772315e-05,-4.23480975553e-07,1.01732543716e-06,2.18857994279e-06,8.25440849464e-05,9.75880205492e-06,2.50213750928e-05,-2.84491177956e-06,7.08874127376e-07,-2.48250335881e-09,-1.53947299334e-06,6.86780380752e-07,-2.07884747335e-06,-1.72853378491e-06,6.84925462985e-07,-3.5674292512e-06,-2.5887315095e-06,1.67140550795e-06,-1.83308053203e-07,-2.22719742918e-06,1.34046322285e-06,-3.87285519059e-07,2.57451494363e-07,1.4234704932e-06,-1.92199990685e-06,8.28823823122e-07,-5.32425479883e-07,8.84727342142e-07,2.15563684856e-06,2.18361126062e-06,-4.85819685752e-07,52.1875364782,-3.1984022975,-1.94470733326,2.75489925142,-3.41755512924,2.29862022343,-4.20402016084,-3.79248890538,2.10727453845,-7.44242087668,-5.31110319523,3.5217320783,-0.133315296,-4.46992250166,2.10892494495,0.0383992236838,-0.512326552008,3.73296022282,-3.35268969423,1.59602560708,-1.73440576156,3.07951417944,3.55294138064,5.53236968583,-0.678651895531
2.34375,30,5,0.654222988482,0.758404596232,245,0.000117465535096,8.35155196417e-05,1.59686225066e-07,1.27193319822e-06,2.77847373185e-06,0.00010917472961,1.47541201109e-05,3.31364156635e-05,-2.42891720274e-06,-1.3961521669e-06,6.25807121161e-07,1.85919084785e-06,-1.44629391388e-06,-2.0499296879e-06,-3.11003319667e-07,1.16390871862e-06,-6.33187830442e-07,5.24545325852e-08,-1.5183461067e-06,-1.73187934177e-06,-4.01559977291e-06,2.94324078743e-07,5.90932714114e-07,3.20605391421e-06,-3.10024810775e-06,2.88065856244e-06,1.8545328778e-06,1.5602517363e-06,-1.63091963151e-06,9.35580832905e-07,-2.97069710926e-06,-4.1469712468e-07,69.1132239846,-2.22469936793,-6.71396305094,4.36762126744,3.7274207446,-3.13986408176,-3.66595309151,-1.4983185408,2.75793113638,-1.39847251927,-0.0391184734942,-3.01051275653,-2.77062706655,-9.08297022535,1.09638605074,0.473906435205,6.28480198533,-5.84175541396,6.15701997368,3.95673058646,3.91204906142,-2.89792645499,1.23074390604,-6.70665815459,-0.356893116778
2.34375,30,6,0.758404596232,0.87917658308,366,0.000175479125898,0.000144248743851,-2.17186432641e-06,2.00468548379e-06,4.52321690706e-06,0.000163468108199,2.66057294691e-05,4.9501747481e-05,-1.58972012757e-06,-1.44093850036e-06,2.741666233e-07,1.41604916058e-07,1.81961119863e-06,9.57617278564e-07,-2.33807568368e-06,-4.04152223712e-08,3.4670553262e-06,2.74664181443e-06,-7.4640641014e-06,2.03690563269e-06,3.80477788137e-06,2.91115566007e-06,-1.75618947094e-06,3.18563097776e-06,2.01952315616e-06,2.45854448557e-06,-2.52930962694e-07,-5.07708391094e-06,-6.5747856133e-08,1.84710673694e-06,-2.62746460542e-06,1.02006830703e-06,103.246693789,0.617265923398,-7.79687332617,4.70773142905,0.00739597639082,3.19002782708,2.61883241161,-5.08017498602,0.371467287069,7.15671387163,5.49703686251,-16.0270245715,3.5173545377,7.79432636002,5.96517119986,-4.2593803154,7.60814978639,3.94536252365,3.24940080996,1.16286333789,-10.7719813325,-0.28380289199,4.54216419646,-5.32426891173,0.457344839877
2.34375,30,7,0.87917658308,1.0191808806,580,0.000278081674921,0.000264871888469,1.41603769776e-06,3.06207578449e-06,6.46375019961e-06,0.000258443709879,4.63130059729e-05,7.8445392183e-05,4.28798780095e-07,-4.39192391733e-06,-4.93838864574e-07,2.71023330308e-06,-2.39135466595e-06,-2.29113602365e-06,1.29945541353e-06,-1.61368629903e-06,6.6154317836e-07,-3.48067905166e-06,1.39045607073e-06,-5.06962815594e-06,3.46242695523e-06,6.14753735123e-06,-3.1268382377e-06,2.99870904765e-06,6.68732038432e-07,2.13254162912e-06,-1.57567422556e-09,-9.00146268859e-07,2.24390151958e-08,3.16246028532e-08,1.9919788649e-06,2.40237253539e-06,163.614979229,5.93212030606,-15.8907648502,4.68460670155,5.38607984836,-5.09427339323,-4.89482102055,2.17919948912,-2.90786195899,1.6139276516,-7.37681831068,2.66969374573,-10.1801623185,6.55746488143,13.0216064578,-7.28322586643,5.49245811015,1.63283304388,5.31547357309,-0.477340933565,-0.250508176757,-0.925609699294,-0.767455566821,5.72905880521,4.42766091061
2.34375,30,8,1.0191808806,1.18148013421,908,0.0004353416566,0.000480719555802,1.00215742966e-06,5.25558704311e-06,1.01395274038e-05,0.000405011627846,8.37648140319e-05,0.000122807613969,-8.85075940433e-06,-2.22863185094e-06,-3.55260680445e-06,3.13970169788e-06,5.44549363582e-06,6.15652935099e-06,-7.64895883805e-06,-1.29935487824e-06,-1.22063811013e-06,4.31181567837e-06,-3.26277233812e-07,6.56192393459e-07,1.61136490435e-06,-3.81198345317e-06,-2.61798870226e-06,-1.84745450424e-06,2.685533966e-06,-2.35423403331e-06,5.14435723746e-07,-2.34647114726e-06,2.57173680869e-06,1.19626373136e-06,4.88839232998e-06,1.718141831e-08,256.142070931,-11.2138901391,-13.3810802609,0.200190903045,5.94496985363,11.4612766958,13.5579563802,-15.8478615652,-2.37200495507,-2.05444239679,8.64208618366,-0.785972982505,0.282565061478,4.93478922237,-9.15124811414,-5.38195922991,-4.37550991233,4.54225613672,-4.57888957602,1.03819930837,-4.94380477178,5.03927832719,3.61127511102,9.95271868373,0.722766083847
2.34375,30,9,1.18148013421,1.36962469971,1409,0.000675546689592,0.000865684685465,-1.94182003578e-06,7.64244195914e-06,1.58492443808e-05,0.000628255050479,0.000152443001463,0.000190568202734,-3.38332085726e-06,-6.58345471469e-06,5.87101216913e-06,-6.31326565885e-06,-3.54570938677e-06,-1.10198505814e-05,2.22021453331e-06,6.71431894606e-06,-6.29322720532e-06,-1.32878105917e-06,3.62207895643e-06,-1.2831774779e-05,-1.98170533009e-06,-3.29850489188e-06,3.37086086594e-06,-2.01904238085e-06,-4.44726289381e-06,-2.41744458506e-06,2.10884060549e-06,7.73081724643e-06,-5.27034766168e-06,-8.5965542276e-06,2.93216439202e-06,-1.81971777986e-06,397.471561609,2.47944375372,-26.0487959453,22.5268690041,-12.5586588017,-7.8707174693,-23.1889162735,3.35155181855,14.4295882135,-13.5037769667,-2.1276806535,7.57321147446,-24.5860387363,-4.87638271018,-7.6685344924,8.3640941119,-4.95453439073,-9.1032614883,-3.06710815688,2.63463417437,18.5753826507,-11.6350838361,-18.2765862427,6.23919690407,-2.04712449318
2.34375,30,10,1.36962469971,1.58773030856,2153,0.00103225835535,0.00153132315551,3.89462756514e-06,1.22752190769e-05,2.41690965362e-05,0.000960633456564,0.000268016172676,0.00029119470581,8.54740265751e-07,-3.90626508039e-06,-9.37287050321e-06,-5.31025990085e-06,5.24408191406e-06,-1.06841188184e-05,-4.86741199854e-06,-2.84699604048e-06,6.83767969369e-08,1.59218123263e-06,-7.01718031234e-07,6.87827253023e-06,-5.36728407945e-07,1.48737507399e-07,-8.04214331866e-06,8.6011593278e-06,-1.08022608166e-05,2.72742824505e-06,-1.98268644904e-06,8.40407104414e-06,1.93893846933e-06,-8.94998454411e-07,-6.66363883798e-06,-5.07238966088e-06,607.350086689,14.3834712881,-24.2657204269,-5.94287204959,-11.5545861416,10.5527399945,-21.2740144451,-9.85979328572,-6.14561822413,-1.70048803119,4.03088389937,-2.59725881806,15.9903187634,-0.783392599124,0.707375653263,-17.1068171463,17.5704014357,-22.2584490518,3.8881895153,-4.59098855084,16.713036177,4.48091538124,-1.83610170809,-13.6818234838,-12.3718533679
2.34375,30,11,1.58773030856,1.84056810108,3475,0.00166609279371,0.0028679968251,1.0491547705e-06,1.90545617547e-05,3.90831906066e-05,0.0015503681048,0.000503228319636,0.000469996099717,3.08575355861e-06,-1.35252016708e-07,9.95240905939e-06,-1.10136294501e-06,-1.40326371463e-06,-1.0343496487e-05,9.29766379093e-07,9.88720020153e-06,1.31900831357e-05,1.50270790428e-05,6.69835057031e-06,-5.42744150643e-06,-4.09996840901e-06,1.20497512247e-06,-1.36550804171e-05,-2.38560192686e-06,-4.56232445456e-06,2.84594930932e-07,1.27811321493e-05,6.37283650052e-06,-1.06517992364e-06,-1.41215649114e-07,4.43548029376e-06,6.70637587426e-06,980.279401414,23.9096210008,-22.5628198779,39.5819073804,-1.88558340662,-3.58143789742,-22.1100494533,0.472628666194,20.9215722703,28.3024006348,31.9329481201,14.6350075462,-10.4417235917,-9.23065164807,1.775642005,-27.7712120566,-6.08083170574,-9.18781498592,-2.20840152267,26.2472857061,12.4089712591,-2.38318746409,0.536574382654,9.25709439845,9.66798556343
2.34375,30,12,1.84056810108,2.13366899682,5102,0.00244615983698,0.00487732216008,-2.93379314568e-06,2.84251988191e-05,5.65985756138e-05,0.00227686575385,0.000848605986116,0.000690048949858,-3.67121954378e-06,-1.0925686866e-05,-8.08675901609e-06,2.09157050312e-05,-3.98061017943e-07,-1.07883904031e-05,6.87669837162e-06,-7.80381929852e-06,1.76393667033e-06,-1.1588495034e-05,-1.56549703087e-05,2.40116151624e-05,1.33508157948e-06,4.3203116485e-06,1.7093646044e-05,6.09354403293e-06,6.19950555887e-06,-8.69384460114e-06,-7.7004188325e-06,1.13940618583e-05,-4.24248126367e-06,-5.54170700346e-06,2.15469224074e-05,1.23601919771e-05,1439.24762763,13.9792641574,-51.0288932041,7.13517680492,43.3668015364,-1.10478859621,-20.3995085423,14.6154760363,-16.7736879293,4.81481209925,-25.148780066,-33.4578866285,51.559195041,2.12688970821,8.53922060679,34.1300798655,13.3886872245,13.6413216116,-17.6250560242,-13.7255790401,21.928198659,-7.99967318328,-11.2857591119,44.1709437091,26.8909708457
2.34375,30,13,2.13366899682,2.47344468555,7771,0.00372581499278,0.00861480552589,1.95070468292e-06,4.28658785207e-05,8.62352901673e-05,0.00346929792566,0.00149266540469,0.00105103300458,-1.98511906341e-05,-3.11222589214e-05,-1.89631817523e-05,1.59160765674e-05,-4.96332497913e-06,-2.4346083406e-05,4.60003174364e-07,-7.7226022954e-07,-1.67282573431e-05,1.59097360748e-05,-7.8801210242e-06,-6.06856994989e-09,-2.02596672748e-05,-1.03775486565e-06,1.33041093104e-05,3.8903816303e-07,-1.44885424548e-06,-1.65106203233e-05,1.03943833921e-05,-1.18217449498e-05,-1.30523727008e-05,-2.7772594301e-06,1.01295023611e-05,9.65114705369e-06,2192.15862687,-12.8161894022,-101.939431953,-8.19519692574,33.0325395798,-11.4446143529,-47.9069240485,-0.518725807087,-1.70393973723,-33.9641849466,31.9687201182,-16.7260658967,1.18535999032,-43.8671918959,-2.66589213174,27.0774120138,0.165425383267,-0.65442836977,-36.9594100632,21.7876769743,-23.9999721093,-26.0240216308,-7.2202286983,19.5438201916,20.1486904812
2.34375,30,14,2.47344468555,2.86732788526,11700,0.00560957861478,0.0150304485473,1.1196415014e-05,6.2580033317e-05,0.000131185450541,0.00522621182095,0.00261495116864,0.00158243291128,-3.85925970495e-06,-2.73656232068e-05,1.02136472477e-06,2.36955797648e-05,-9.15915084308e-08,-2.32335386905e-05,6.10453359166e-06,2.29748777165e-05,-5.85023248781e-06,3.08915201974e-06,1.73237196834e-05,-6.45409035933e-06,2.41759601724e-05,-2.1239114689e-05,-2.38877396228e-05,1.77880582728e-06,1.25123682633e-05,1.97258184148e-05,2.03916931884e-05,-6.5552592141e-06,-1.79953288671e-05,-3.32904850833e-05,1.48289981332e-05,-7.07991368832e-07,3300.50906375,29.4469589216,-105.131217614,42.7656316834,49.5339888533,-1.11141010496,-48.1749578138,12.4237425501,48.3211788396,-10.1829486252,6.56594356235,34.6761368406,-12.7462352701,48.1792649434,-47.1038168817,-49.7880901776,2.3048891838,24.7318375539,44.047734131,38.8194857491,-15.9284504217,-38.6018514766,-68.0452899677,30.698168868,-2.20299938038
2.34375,30,15,2.86732788526,3.32393493559,17688,0.00848053218276,0.0263279250892,-5.38215482874e-07,9.67425871882e-05,0.000193702040459,0.00790565605466,0.00451857778139,0.00239231396023,1.0320761951e-05,-1.96791613386e-05,1.58370517136e-05,2.54773199382e-05,1.77962093768e-05,-7.18493637916e-06,5.82555738473e-05,1.883434384e-05,-3.20490801438e-05,-4.88873657048e-06,-9.21748235369e-07,2.24919197195e-05,1.2220092304e-05,2.33494096268e-05,-7.28913348239e-06,-4.10987059186e-05,1.33199111595e-05,-1.44564236491e-05,-1.05414370092e-05,7.74250922301e-06,6.43285577883e-06,3.82769238339e-06,1.06683895245e-05,-4.4783494522e-06,4989.6926769,70.6818087451,-103.903399847,86.8201010873,54.5359271943,36.5515947723,-14.2417044746,120.330946693,40.566049397,-63.8570944772,-9.57198189156,-2.86658202497,45.8424402551,22.883291193,48.9002203362,-13.8677403081,-89.9273128349,30.5503966944,-29.0968031784,-17.9862909691,15.1009402883,13.1016238975,8.69493258514,24.870699539,-7.02055673167
2.34375,30,16,3.32393493559,3.85325428349,25753,0.0123473058177,0.0444387785439,-3.96229432921e-06,0.000137660983209,0.000280235058659,0.0115191558788,0.00758850909046,0.0034831106636,-1.44852865536e-05,-8.21496300447e-06,2.07280653601e-05,4.41070635287e-05,1.82254917437e-05,2.64273087329e-05,5.74058045805e-05,1.95036294793e-05,-2.9533729906e-05,-6.50663627415e-05,-1.66410352925e-05,-2.68525651017e-05,-1.46292592246e-05,2.28990801727e-05,-1.73325761298e-05,-3.97621681676e-06,-3.43333748757e-05,-1.73788071611e-05,1.46483836793e-05,2.49051071588e-05,-2.09851904651e-05,2.68824223236e-05,1.49063559429e-05,8.71590482629e-07,7264.78717255,31.4436966524,-95.3797620652,110.683415668,91.5595315168,38.3330270044,55.3043600036,118.502299744,42.4286526085,-60.1639926263,-134.621018825,-33.4439679484,-57.707789209,-32.7651486213,48.9259983513,-36.2059969187,-10.5242711038,-70.2680380962,-35.4059017332,31.8230604009,55.0889478031,-42.029208908,54.1019159315,34.6723779703,3.28492149516
2.34375,30,17,3.85325428349,4.46686498411,37172,0.0178221586554,0.0743186877456,6.77516464528e-07,0.000199670577647,0.00039756423386,0.0166458470256,0.0125068610651,0.00502753813487,3.00519233601e-05,-4.25155010664e-05,-3.05729492091e-05,7.35124073933e-06,3.36097298424e-05,2.65131987547e-05,3.72065862202e-05,-3.19801370089e-05,3.9585401806e-05,6.41286593488e-06,1.13671232678e-05,-5.7792219145e-06,-3.64189550072e-05,-3.97586538383e-05,3.90701897291e-05,-2.92956798692e-06,-3.46962745233e-06,-6.55663401991e-05,1.95911045489e-05,2.59071794431e-06,-3.59123327388e-05,-2.44426005738e-05,-5.3039632999e-05,-1.02035893097e-05,10486.0275998,139.370435132,-185.823214044,20.4768254592,15.6142031691,68.0423859448,56.7671477411,76.7049579639,-69.3874066401,81.3407003343,12.3978692706,24.2167608371,-13.744782966,-75.9174680183,-81.769817884,79.9109327426,-3.93122482145,-10.3438486328,-136.036210495,41.204588793,5.83013192912,-72.5561706831,-49.9177560687,-110.069653299,-20.3694840132
2.34375,30,18,4.46686498411,5.1781899969,52396,0.025121323171,0.121412890167,3.48170115285e-06,0.000277257381211,0.000555753246527,0.0234989367478,0.0202622364917,0.007086594429,5.68033466919e-05,-2.1131299328e-06,-2.5759403576e-05,1.24585617821e-05,-3.19252174411e-06,-2.31255126957e-05,-3.72579393567e-05,-1.86656068744e-05,-3.20496158077e-05,-1.37506431779e-05,8.03277115102e-06,9.87864630371e-06,-7.02595260117e-07,-2.66654782512e-05,4.00137085957e-05,-6.16676860113e-06,6.82165429096e-05,6.13757597115e-05,3.97285303288e-05,-9.33728303296e-06,-2.3340385895e-05,-1.02294720892e-05,-3.59177591022e-05,1.39123913105e-06,14780.6387098,211.173639603,-122.047271038,47.5795554724,27.5606018528,-8.14938149886,-48.2089625834,-77.2767067395,-40.6302589948,-65.6899571852,-30.0291048917,16.1991912558,21.6243098265,-2.08672505037,-56.7101207012,82.1370810939,-13.9440680347,142.60538802,129.30762695,80.4209533024,-20.6170144219,-51.6108228466,-20.6129424979,-76.8373466279,5.16368202952
2.34375,30,19,5.1781899969,6.00278981776,71996,0.0345185659786,0.193295667954,-1.02452927793e-05,0.000372386462514,0.000746437500586,0.0323437029201,0.0317261665078,0.00973750768208,7.80697209237e-06,-1.41444085947e-05,-7.74224067799e-06,0.000120252322427,4.68552290035e-05,-2.84251131806e-05,7.69149719577e-05,-1.26510274787e-05,-3.33711397721e-05,2.96829805755e-05,4.23957638891e-05,-2.16116137261e-05,-0.000103366886748,-2.53599135376e-05,2.23232415273e-05,-1.76459462076e-05,5.78098804445e-05,-9.68721867778e-06,5.60709535688e-05,-7.4254928324e-05,-3.70415039132e-05,3.57102099619e-05,-3.78526734362e-05,-6.13731399047e-06,20309.6966285,125.822953142,-169.521798698,103.887086713,251.812490761,96.9258341431,-58.5671300559,158.543870046,-27.1014354644,-66.4646522787,60.3129210556,86.9172269013,-47.2952037741,-220.144342573,-52.116486378,44.1201730295,-39.9411660995,120.137578871,-22.8912006629,115.715464553,-153.561559319,-74.226622688,71.9497244614,-80.3568896836,-13.3066847955
2.34375,30,20,6.00278981776,6.95870287067,95046,0.0455699153009,0.295737736009,-9.21818350059e-07,0.000481211622238,0.000962045129717,0.0427942414691,0.0475688622292,0.012855035768,-6.44350890026e-05,2.61648583271e-05,-5.7284637041e-06,3.21612060513e-05,-1.64260849711e-05,2.06199849172e-05,-3.35668901274e-05,-4.72310841114e-05,-5.5823958294e-05,3.67991691173e-05,-4.56607455618e-06,-3.34360362688e-05,-2.51885569606e-05,1.21143786187e-05,-5.03901027475e-05,2.08599599522e-05,-5.16928309393e-05,2.48592413075e-05,-1.19328278456e-05,-3.22719419557e-05,4.04019378424e-05,3.6666590127e-06,8.56009901022e-05,3.35395579758e-05,26811.9815789,-9.81204449043,-103.24718648,124.506002001,66.9629937072,-33.9555568353,43.0515030729,-70.888605623,-96.8903087773,-116.92262051,77.4768284208,-9.82618282092,-70.4923286879,-51.3555717413,25.6320965493,-106.269360188,42.7747762288,-105.778923388,52.174132889,-22.6752724792,-66.6980349931,83.414319615,5.84985872535,178.470801425,73.2955002197
2.34375,30,21,6.95870287067,8.06684010473,119906,0.0574890712294,0.432231861859,3.16206268345e-07,0.000590637078759,0.0011761121127,0.0541315980307,0.067936297955,0.0162173675777,5.85875144648e-06,-1.21557278559e-05,1.6393408479e-05,-9.23063938834e-05,5.74107190535e-05,-3.45621170716e-05,5.27606112945e-05,7.93092777684e-05,5.0606919094e-05,-2.9109534821e-05,-0.000139054351946,3.7907322552e-05,-6.85681399789e-05,-2.27601628849e-05,-2.96168293113e-05,1.57940986097e-05,2.64717274572e-05,6.64730022252e-05,-1.30984106928e-05,5.23012324034e-05,-4.55011923276e-05,-3.25494578731e-05,2.65765542223e-05,-3.44787124527e-05,33824.8581024,148.515851598,-197.4900254,182.467820003,-193.134310394,118.143856384,-70.2608043495,109.143426824,165.398851328,105.018066467,-57.6031655517,-291.436464208,79.9763565033,-144.866242996,-49.5619134109,-59.0839349232,34.5546460886,55.177472297,134.660623698,-22.2573672465,109.49789743,-94.6112752176,-67.8338198638,55.8584748888,-74.449457254
2.34375,30,22,8.06684010473,9.35144242897,144945,0.0694940489162,0.60526890994,7.75716845796e-06,0.000685272901528,0.00136861782467,0.0656390198032,0.0923607318044,0.0196039092586,1.70776435809e-05,-0.000115384979551,4.58850762176e-05,-7.2413690203e-05,5.3052494058e-05,1.53826486977e-05,3.3677792572e-05,0.000150986293233,-5.72641653397e-05,-5.69767384294e-05,-4.97219079825e-05,-8.2041711639e-05,-9.29060748575e-05,-0.000108989226635,-7.28304053298e-05,-8.84057452755e-06,3.11928690649e-05,-0.000110254554489,5.87144517259e-05,1.80320237616e-05,-0.000114179822357,-4.98874888056e-06,3.40638154862e-05,-8.07354595598e-06,40888.2295936,177.345619662,-419.172939892,249.494133584,-150.748840023,108.247066391,33.3333414973,68.1180803856,315.342260076,-118.538241277,-118.417156564,-102.101972064,-171.25401731,-194.883749739,-230.362639244,-148.545558833,-18.6678171452,64.5529835511,-230.185939087,122.726792556,39.0919107077,-237.160063892,-9.1706406577,70.7005205876,-16.2561257095
2.34375,30,23,9.35144242897,10.840610991,165179,0.0791952637616,0.799088610156,-8.89252276829e-06,0.000745158842357,0.00147855440979,0.0750623037085,0.117283442325,0.0223405714403,1.74163986066e-05,0.000146999988689,-3.49596313964e-05,3.61298008469e-05,-7.42304974189e-06,-1.32975003288e-05,1.62265473866e-05,2.41745603965e-05,0.000111142052818,-4.24691934621e-06,6.41089959964e-05,1.65813917651e-05,-3.19630015548e-05,-0.000164033117131,-0.000143084050765,0.000131471018772,4.38442421987e-05,5.61050020373e-05,-9.91907245401e-05,-0.000114266466885,-1.53643832206e-05,-4.0257382135e-05,0.000123444589425,3.71895101958e-05,46596.1356104,174.19270408,131.940409893,77.662356934,74.1684707076,-15.0812307926,-29.0658758867,35.6154825745,49.2254439765,231.95331172,-8.4227322836,131.603583816,34.0883291442,-67.9761866949,-343.490045789,-299.092891016,274.180921787,89.7457734059,115.212449319,-207.732102471,-239.9514702,-29.2143302881,-83.6758246597,258.134459219,73.8992481971
2.34375,30,24,10.840610991,12.5669219002,177707,0.0852018279399,0.995929757721,1.05843961548e-05,0.000754901808518,0.00150295849023,0.0810710332447,0.140267139372,0.0240349919115,-5.37324305205e-05,1.40026345256e-05,-1.03892638358e-05,-9.58892559043e-06,-3.66517791458e-05,2.08927016468e-05,-0.000106365212404,-8.01295009378e-05,-3.27943682568e-05,7.41189252769e-05,-2.82296508145e-05,-0.000153129104682,-8.5569034759e-05,9.19146515169e-06,-1.21987699237e-05,5.71048431332e-05,5.44410252323e-05,5.05092034091e-05,-1.21222520691e-05,-0.000163671084143,5.84845164777e-05,0.000123152360878,-3.40325107222e-05,3.3573042631e-05,50130.2191617,15.1071429987,-131.693085602,117.471378867,-19.8341267272,-77.1176840138,43.2625233866,-223.218367557,-166.686689972,-68.821121728,153.526538694,-58.8971409851,-320.440680504,-178.001254252,20.3318978426,-26.9094937654,118.414373412,113.751020535,104.653390439,-26.9035749177,-340.293968029,123.214901221,255.424061056,-69.7516206558,71.0232600339
2.34375,30,25,12.5669219002,14.5681388416,180244,0.0864181955421,1.17013677328,-2.50230923067e-06,0.000714002648051,0.00142680086973,0.0825710110534,0.157320313031,0.024378122877,-7.56020971192e-05,2.27149308054e-05,8.21915000576e-05,-2.17629311006e-05,7.5875474757e-05,3.48389615765e-05,-5.5813824268e-05,8.08026098328e-05,5.16477972151e-05,-1.66467328538e-05,-7.58283667457e-05,-2.61074039047e-05,3.34669636707e-05,-6.62517299066e-05,7.76335439019e-05,-1.4226445843e-05,-5.88094647109e-05,-1.68577897067e-05,-8.80971461544e-05,1.79527115417e-06,3.83694259894e-05,4.96290085861e-05,3.07906030414e-05,5.6090354907e-05,50845.8936484,-46.3353319072,-93.0005848842,292.434818159,-45.3139615206,158.193672796,72.4693540904,-116.661331084,168.775824321,108.283261061,-34.11480146,-158.834751715,-54.6770633556,70.6019305881,-138.859337178,162.681761959,-28.7967877297,-123.809243649,-37.4303017072,-182.175957773,5.19706780762,80.6086946081,104.106807419,62.633448907,117.460109558
2.34375,30,26,14.5681388416,16.888039171,172885,0.0828899144287,1.30015305936,-1.31751563336e-05,0.000635836806975,0.00126128477821,0.0795368826236,0.165615156318,0.023382813151,8.68539439596e-06,4.17333447725e-05,7.20121935407e-05,-7.84183949288e-05,-1.37105330779e-05,-0.000126808161321,7.76368964726e-08,-1.7832092162e-06,0.000118670814283,0.00012876134436,8.72127405934e-06,0.000138652644896,3.01906158678e-05,-0.000175408584171,7.70284927747e-05,2.99371097904e-06,-2.80984801915e-05,0.000101619443835,7.40469056386e-05,-8.40491640144e-06,4.55639835579e-05,-2.37858536982e-05,0.000116621762409,-4.95263157468e-05,48769.9580758,109.434112908,-28.8304394145,249.970302826,-162.76195256,-29.1270730954,-264.449150481,0.360104464444,-4.58689389433,246.700933886,270.267439008,17.6948721727,289.793003666,62.3959205871,-366.386295271,161.726229567,7.00505937671,-60.2420495421,210.753730959,154.185269994,-18.9937559911,95.3989931755,-47.057954656,240.182833859,-105.272050821
2.34375,30,27,16.888039171,19.57737156,157571,0.0755475993085,1.37285107592,6.72394476851e-07,0.000530484268256,0.00105288072736,0.0728001257982,0.165004154791,0.021311584296,2.01011347522e-05,0.000122566231049,-9.21767227952e-05,2.96455276462e-05,-6.90886408436e-05,-2.14764360487e-06,0.000102240344242,-3.04755409021e-05,4.34207638383e-07,-1.59934646752e-05,-3.40666662038e-05,4.62559509049e-05,-0.000126335452382,-3.4265762795e-05,6.04186330015e-05,-9.69115018191e-05,0.000163379040575,-1.58780386911e-05,-4.16610151361e-05,-5.63600000226e-06,7.55045323633e-06,-4.87397146923e-05,6.22312070985e-05,-2.3319932152e-05,44449.9584346,113.187729129,165.137889018,-114.009448634,61.6306152809,-143.841474288,-4.38250344782,213.916081683,-64.3403006959,1.75289967828,-33.9327923489,-70.9826753,96.4317090191,-264.029359614,-71.4576860173,126.388034425,-203.374184353,341.020629259,-33.3195634711,-85.5824817405,-11.520184154,17.4563182584,-102.645498619,129.499067443,-49.0326561703
2.34375,30,28,19.57737156,22.6949661425,137279,0.0658185762956,1.38583056975,1.0812955712e-05,0.000416913114528,0.000831974671179,0.0636839922301,0.156341862795,0.018567077575,-0.000188677046925,7.74799147123e-05,-2.80258664684e-05,8.1190735919e-05,7.01182206192e-05,-6.75059153994e-05,-5.35281128506e-06,-0.00016695442422,-3.77863008445e-05,4.49483023588e-05,3.817514534e-05,5.13851890833e-05,5.58915384133e-06,-7.80509622241e-05,-3.11360744728e-05,-4.90201908235e-05,8.60963702672e-05,4.62151892082e-05,6.4683429653e-05,3.37428308937e-05,2.96654000648e-05,-0.000136274047137,-9.11503032393e-06,-4.72643638316e-05,38725.6909199,-340.320092695,93.7790793953,-0.0194492311966,168.775446369,147.167189382,-140.659308003,-10.6737753068,-347.733411219,-78.9286728432,93.6389187792,78.5007813618,107.262979367,12.0143735714,-163.124573194,-65.9688412802,-102.886359326,179.929350351,96.3009745606,134.272689428,70.6458502397,61.0873112969,-283.803669727,-19.8017932795,-97.7603965576
2.34375,30,29,22.6949661425,26.309021445,115256,0.0552596233184,1.34823047969,-2.54425654795e-06,0.000314999257318,0.000629598540883,0.0536751323238,0.14284016226,0.0155884519335,-4.41809761314e-05,-3.38020091407e-06,-3.36705452354e-05,3.89141375027e-05,0.00012213696586,-1.95547563483e-05,-5.74441620737e-05,-1.5971215444e-05,-3.04442550705e-05,5.25043085669e-05,-4.43556838625e-05,8.56625431503e-05,3.88012239023e-05,-0.00013136799521,0.000127146042066,-4.52519745894e-05,-1.6438960894e-05,-1.3247081674e-05,4.64230855736e-05,-5.00824602287e-05,2.21616985545e-05,-3.66513650595e-05,-8.66260480822e-05,-1.26702615531e-06,32513.1173207,-53.5450146419,-55.8896269825,-28.2552691816,81.3805197482,254.523208857,-40.4017118212,-119.347066724,-33.7405658963,-63.2967464716,109.435866053,-93.2448094178,178.247183922,81.234848537,-274.403967496,264.882733973,-93.734513007,-34.4747444665,-27.960137129,97.7190862529,-104.960424647,45.9602788541,-76.1888800624,-181.705333355,-1.8119351921
2.34375,30,30,26.309021445,30.4985962547,93815,0.0449797109185,1.27179133987,2.18685307508e-06,0.000226193814644,0.000457490351452,0.0438441243922,0.125684076667,0.0126885421856,1.03312014702e-05,-4.31722695863e-05,-1.11741770599e-05,5.96430508607e-05,-0.000112862418704,4.83323790868e-05,2.56147615453e-05,2.4954469605e-05,2.01668185728e-05,-5.85818442519e-05,7.17940462083e-05,-6.66909362344e-06,8.57264617568e-06,-3.26878133687e-05,-4.42172533944e-05,1.71853435368e-05,-3.92952950847e-05,-2.93332164154e-06,6.34405330731e-06,-2.56945114647e-05,-1.04072274037e-05,-2.71083208835e-05,1.79462147945e-05,-0.000151014767254,26464.7228903,48.3434815332,-124.001665947,6.08958058152,124.214477705,-235.351333609,100.852433968,53.4838660707,51.9505023602,41.8050955058,-122.564620959,150.291371663,-14.0116344122,17.8463889301,-67.9130475267,-91.939735396,35.0712591993,-82.2295416104,-5.5353935505,12.8530075476,-54.0270867789,-21.5272845453,-56.4419994726,37.9320329016,-315.19872986
2.34375,30,31,30.4985962547,35.3553390593,74599,0.0357665773576,1.17201031354,-4.32436509744e-07,0.000160693748932,0.000320639409284,0.034975787196,0.107692378656,0.0100895651922,4.91369715374e-05,2.85411447722e-05,-3.12134122203e-06,6.51608608988e-05,3.80767456677e-06,0.000104692993441,-4.53055956492e-05,-2.81116871437e-05,-6.43278134762e-05,-2.19819386519e-05,3.73864235689e-05,3.22254550791e-05,-8.48287197959e-05,2.64473894782e-05,-5.06178623633e-05,5.45534572361e-05,-5.10407013822e-05,6.50405869265e-05,-3.2315032023e-05,-4.62404907116e-06,1.6637275025e-05,-3.82400224538e-05,6.93886079205e-05,2.42892551509e-06,21043.9893715,120.853360279,36.3816694879,13.5625572652,136.015004695,8.01358655553,218.348987484,-94.5711181814,-58.5674535285,-134.245173875,-45.7468793837,77.8768447346,66.9010511497,-176.496330015,54.9962157701,-105.879773209,113.040676603,-106.455789334,135.542226837,-67.808861716,-9.3956472221,34.8793679771,-80.2977806795,145.000946065,4.91700084632
2.34375,30,32,35.3553390593,40.9854928916,58272,0.0279385782086,1.06107998842,2.60246319878e-08,0.00011046139104,0.000221491585434,0.0274000733941,0.0908377196568,0.00788132740222,-3.90392147178e-05,-3.33630162887e-05,1.94511224496e-05,-7.08899122329e-06,3.86341755117e-06,1.81198587391e-05,1.01349949086e-05,-2.7817961985e-05,-1.05068995008e-05,5.65263179671e-06,5.5119304446e-05,5.67732953276e-05,2.52546678231e-05,-2.67590812076e-05,-2.4539697529e-05,-1.08421094509e-06,5.37454960941e-05,1.03199132919e-05,1.59699660405e-05,2.98843503924e-05,-4.79590825473e-05,-2.24807299534e-05,-2.94712131203e-05,-6.37724069026e-05,16438.2277062,-69.0822486404,-85.2101398349,54.0956697917,-14.8075821087,8.18627429634,37.916633431,21.1252974279,-57.90139915,-22.0242328106,11.6695498349,115.008855686,118.458748764,52.6458695565,-55.8512248672,-51.1752203889,-1.9826676227,112.10614388,21.7355590997,33.0170733027,61.9632249355,-100.169501286,-46.8388065815,-61.6995546335,-132.913604418
2.34375,30,33,40.9854928916,47.5122194344,44903,0.0215287956017,0.947754845499,-2.28057985598e-06,7.48321960265e-05,0.000149867992126,0.0211680026922,0.0753195057029,0.0060731611124,1.46118937633e-05,4.82765905411e-06,-3.49936599477e-05,2.71661199515e-05,2.60009783994e-05,-5.65149439067e-05,6.9893206489e-06,-9.24350636477e-05,-1.72595354234e-06,-7.58077438262e-06,-2.86195652596e-05,-2.38284396322e-05,-1.70230139796e-05,-3.6932790019e-05,8.71638919926e-05,-1.37380732444e-05,4.38126913035e-05,1.09164214561e-05,-9.26061638082e-05,4.79825630209e-05,-1.75039160961e-05,4.09888504206e-05,1.8172728536e-05,1.19178798523e-05,12666.902435,38.5948015385,-0.345969036915,-64.0231123044,56.7094557601,54.1285960201,-117.861030356,14.6601016261,-193.014734886,-3.59962714132,-15.8938133923,-60.0548450716,-49.3243784409,-35.6520084058,-76.8345465989,181.568115806,-28.2152648668,91.06983421,22.8567175197,-193.14242913,100.398378575,-36.5818248974,85.5595107588,37.8849558401,25.2622918842
2.34375,30,34,47.5122194344,55.0782932282,34220,0.0164068188203,0.837250124172,2.35938154938e-07,4.99365319836e-05,0.00010125794108,0.0161689587216,0.0623548380972,0.00462827813879,-0.000101067865479,8.64517546356e-06,-4.48918059073e-05,-2.802280693e-05,-4.06650950995e-05,5.84708617239e-07,1.11368705941e-05,-5.55489167944e-06,-5.63628172256e-05,-1.88212547531e-06,1.08921378674e-05,8.52692286285e-06,1.11530338944e-05,6.01289181298e-05,-3.07765412744e-05,-2.61124370589e-05,-7.061466241e-06,3.33476228301e-05,-2.38768086375e-05,-6.04327178724e-05,-4.56171087658e-05,-4.25084687532e-05,-2.29479252633e-05,5.04043372268e-05,9653.2837745,-205.446883375,11.2557170426,-87.7504292093,-58.6197467839,-84.5748649208,1.31909439791,23.2793475078,-11.3730743688,-117.522966591,-3.91701659654,22.6441150738,17.7881674254,23.117928098,125.456977744,-64.2382878571,-54.6753010965,-14.2805505732,69.525943757,-49.836837235,-125.998447669,-95.191782449,-88.9546809623,-47.5984256356,105.341540069
2.34375,30,35,55.0782932282,63.8492249161,25893,0.0124144289806,0.734352031301,6.31589646345e-07,3.26690458911e-05,6.63551305285e-05,0.0122580600117,0.0505261042654,0.00350204575826,1.5971085514e-05,-1.03029335305e-05,-4.41166551953e-05,9.62693657134e-06,-2.57841618543e-05,4.4952384841e-05,4.63260050557e-06,5.46312406794e-05,-7.60869606074e-06,1.321128734e-05,2.78065659158e-05,-2.23536601159e-05,9.52069299961e-06,6.06301000796e-05,1.92855577867e-05,-5.6648130366e-05,-3.77015771549e-05,-2.2678777929e-05,-2.0918151075e-05,6.97335167419e-05,2.71972898779e-05,5.7964190709e-06,-4.83906639951e-06,-2.62375307768e-05,7304.2804434,36.8175452535,-25.8737116025,-88.2128706667,20.0908836122,-53.7651834023,93.7453589912,9.66179755654,113.898174295,-15.7720917554,27.514410549,58.1838470498,-46.6013994565,20.0194832391,126.48270299,40.4073768483,-118.233705045,-78.4743254517,-47.3823035936,-43.7153295822,145.612756316,56.729625214,12.19472907,-10.1150691353,-54.6493796738
2.34375,30,36,63.8492249161,74.0168818502,19485,0.00934210592385,0.640558469603,-4.53022796635e-07,2.13954850741e-05,4.35960821741e-05,0.00924033044762,0.0410372228664,0.00263535942532,1.97313227655e-06,-6.14331298657e-06,2.68992815379e-06,2.39525137972e-05,6.79084032293e-06,2.49586097951e-06,3.38086490899e-05,-5.21557461318e-05,-4.69083273783e-06,-2.06688524727e-05,-1.14282086235e-05,3.02020325449e-05,-1.93369366653e-05,-2.16093175724e-05,-2.6999865603e-05,-2.52556853581e-06,-1.77385181246e-05,-3.34026066293e-06,-2.52623964009e-05,-2.20414047777e-05,2.55020839409e-05,-1.28430174757e-05,-1.40279021388e-05,2.15914137113e-05,5496.61701771,6.35406081479,-15.6897031691,8.1060113913,49.9284957315,14.1602131626,5.25859045086,70.5246302994,-108.772326111,-9.80698241475,-43.0955817632,-23.9357530645,62.9167709895,-40.3482503509,-44.9353064078,-56.4611484645,-5.37758672225,-37.0243392495,-7.0750659431,-52.564097493,-46.0857648907,53.3700074619,-26.7454445594,-29.2556770366,45.1101686367
2.34375,30,37,74.0168818502,85.8036852606,14627,0.00701293217081,0.557419347059,8.18422093653e-08,1.38849008929e-05,2.84889474408e-05,0.00694685748981,0.0331705648845,0.00197831164045,-7.28999003962e-06,6.98472223234e-05,-2.87667673859e-05,3.66169753324e-05,5.65574457307e-06,-2.76009633209e-05,3.4588520942e-05,-7.08826970103e-05,-3.71471805384e-05,-1.14433516408e-05,2.03919501855e-05,-9.17349557037e-06,9.62680165412e-06,-1.02307344032e-05,1.6585474127e-06,1.69069700425e-05,-1.4420687798e-05,3.28029995227e-05,-1.11231770321e-05,2.84343425839e-05,3.57885750289e-06,-2.87663857996e-05,3.30086685907e-05,6.17297322974e-05,4126.20051928,-13.7770950364,143.806912279,-58.383222474,76.3654099114,11.8789048473,-57.6603074021,72.2523652952,-147.846423367,-77.4888473864,-23.7992549394,42.4193883599,-19.0792952875,20.0242174455,-21.2625707366,3.26289391788,35.0892402468,-29.9572110421,68.5165298334,-23.2686111545,59.3140068666,7.37722617344,-59.9658233721,68.9344794196,128.827749032
2.34375,30,38,85.8036852606,99.467475801,10923,0.00523704506062,0.482552181776,7.10522401274e-08,9.2215184356e-06,1.83570988102e-05,0.00519447212674,0.026459533035,0.00147734313589,-1.49801390018e-05,-2.18276872434e-05,1.47897794958e-06,2.13959596262e-05,6.32972556934e-06,3.37167038509e-05,1.74022310962e-05,7.24198840542e-06,2.09028815171e-05,-4.84429878699e-06,-2.59197077012e-05,-1.35454151755e-07,-1.97844435019e-06,-2.43660448096e-05,-7.56827525595e-06,7.56620359566e-06,1.64253952628e-05,-4.95625678945e-05,3.34720863435e-05,-3.11900953395e-05,2.91640910331e-05,-1.88476065546e-06,-8.6741527751e-06,1.31916386313e-06,3081.32141055,-30.3007025438,-46.7100488493,4.11567037233,44.5928279397,13.1760523072,70.3640249261,36.2878285371,15.1029662201,43.6238900196,-10.1478693886,-53.994470912,-0.42418761982,-4.07918736153,-50.8248596961,-15.8033173366,15.8342298742,34.241958937,-103.397754883,69.8196080703,-65.0717107688,60.8979384613,-3.87031988604,-18.1330781121,2.76289343551
2.34375,30,39,99.467475801,115.307153908,8154,0.00390944478846,0.417553298189,-5.78981768253e-08,6.11048656824e-06,1.18713989401e-05,0.00388206375633,0.0212147479617,0.00110283401355,9.03042691471e-06,5.48107627439e-06,3.72488508113e-07,1.44136699364e-06,2.2815001513e-05,2.16434590994e-05,1.92181650275e-07,-1.64218584905e-05,-1.26585509698e-05,1.57442687789e-05,-1.66661117966e-05,-2.01288010222e-05,-9.48721607777e-06,-7.23545710086e-06,5.5188684862e-05,1.10783534093e-05,4.21004592172e-06,9.11006369851e-06,-3.29267644842e-05,-2.389152214e-05,-2.07117073715e-05,5.94155052495e-06,7.002747189e-06,3.42040360436e-05,2300.20093212,19.4443340787,10.6689803186,1.4432233056,3.04709300984,47.5571478305,45.1316677494,0.390696502972,-34.2804142567,-26.3950134098,32.8503236865,-34.8148964458,-42.0100884713,-19.8025976677,-15.0928254887,115.062433137,23.1460240718,8.85618628787,18.9549607316,-68.6598962732,-49.7634815531,-43.2146744595,12.3299856943,14.5007235922,71.4418689702
2.34375,30,40,115.307153908,133.669218358,6079,0.00291458362387,0.36084939481,5.17655850234e-08,3.85845199512e-06,7.7959091052e-06,0.00289698029512,0.0171295224519,0.000822188860483,3.24886795534e-05,1.33717377203e-05,2.05190043619e-06,-1.59095450434e-05,-1.08397405827e-05,1.8631542717e-05,1.07300120073e-05,-1.04424731021e-05,3.94684652177e-06,2.2357668365e-06,-2.48980452007e-05,-6.89838148595e-06,-3.8142656329e-06,2.97749417263e-05,-9.14224666938e-06,9.5202856626e-06,-2.53965352682e-05,-1.47413674748e-05,5.1360954135e-06,-4.22146343969e-06,3.14158551299e-06,-3.53232556452e-06,3.53010249159e-05,-3.55744963446e-05,1714.85423919,68.1510001368,27.4029632133,4.71302662909,-33.1689002068,-22.6301701149,38.8439527489,22.3708726445,-21.7800402348,8.16986824796,4.69732934749,-51.8986718245,-14.4162751965,-7.93842160376,62.1131479488,-19.0294521701,19.8253561649,-52.9191880179,-30.7479878637,10.753681766,-8.74423362261,6.53593867557,-7.39181909677,73.6583519944,-74.2243788073
2.34375,30,41,133.669218358,154.955346055,4532,0.00217287267369,0.311878224387,-1.51125488087e-08,2.45151495708e-06,4.89882383696e-06,0.00216145844291,0.0135234734103,0.000612956064436,-1.15209841256e-05,1.84047442204e-05,4.08389065517e-06,8.6419985473e-06,-1.45017347481e-05,-3.15252325695e-05,5.38213438946e-06,-1.63445757475e-05,2.17404793772e-05,-7.97838956459e-06,1.47012973668e-05,-8.09665450643e-06,-1.17810477112e-05,-2.40825445592e-05,-3.25620041585e-06,2.10788773652e-05,2.69118093404e-05,7.0464027507e-06,9.28551606877e-06,9.28361086053e-06,-3.00470664986e-06,-1.96534744309e-07,-1.38227423629e-05,4.9892937521e-09,1278.45359632,-23.7896038074,38.0657796371,8.78965175704,18.0092179389,-30.2303803444,-65.7670817527,11.2349730002,-34.099028419,45.3412720178,-16.6646695256,30.6589341694,-16.8525199146,-24.5956943758,-50.2154525478,-6.82586455888,43.9684814825,56.087802174,14.7025890693,19.3262205665,19.3618707314,-6.25701344614,-0.39853575489,-28.8297347875,-0.0260024860315
2.34375,30,42,154.955346055,179.631178861,3364,0.00161287371454,0.268363886017,5.79817627512e-10,1.5564790339e-06,3.08677375929e-06,0.00160552288806,0.0107721736815,0.000454983274661,-1.80454984802e-05,1.6129371755e-05,-2.57512869866e-06,3.0124202858e-07,1.13786922292e-05,-1.00366831249e-05,7.47444089042e-06,4.61719159216e-06,4.57319629355e-06,-2.81855813065e-06,3.98644878272e-06,8.33339679208e-06,-7.9857689911e-06,-9.98914430481e-07,-3.55252288537e-07,-2.58284967323e-06,6.88106204456e-06,-5.42180920468e-06,3.98297364858e-06,-1.70423963666e-05,-1.5327112218e-05,2.45948063514e-06,2.36921858468e-06,-7.46724303729e-06,948.966879527,-37.4763989122,33.4346925516,-5.19704280833,0.616482060416,23.7524246154,-20.9335220308,15.5974884568,9.63407399479,9.54177837594,-5.8754964504,8.30202167271,17.3761602596,-16.6814779446,-2.09322515207,-0.731450391217,-5.37791730172,14.3578432673,-11.3240592915,8.31700415508,-35.5393391489,-31.9483170978,5.11904468893,4.93079382583,-15.5776407084
2.34375,30,43,179.631178861,208.236509681,2507,0.00120198406729,0.231823580083,-8.35259296279e-08,1.04119891145e-06,1.9124072056e-06,0.00119723700665,0.00846656584608,0.000339073445177,1.45715494886e-05,8.8630711198e-06,-1.10949330772e-06,-6.92493101402e-06,-3.44297465134e-06,-1.07181421151e-05,-3.99634019861e-06,1.04114506e-05,-5.74687912736e-07,8.03065817024e-06,-1.24974741899e-05,1.12388681866e-05,-1.20569784439e-05,-6.32772523869e-06,-8.69073859136e-06,6.05928008308e-07,-5.51642284322e-06,5.71949243028e-06,1.64881854627e-05,1.34319628295e-05,4.72736982134e-06,-2.76337533419e-06,1.9107033491e-06,-5.83572547054e-07,707.211642977,30.4955707439,18.3551926086,-2.20386319782,-14.4400840746,-7.18927014734,-22.3531041018,-8.33349249359,21.7104024971,-1.19974753901,16.7582258513,-26.0580425,23.4503719161,-25.1449729638,-13.2045730147,-18.1175001844,1.23992961931,-11.5127253593,11.9234211918,34.4074371121,28.0083291571,9.87765866767,-5.75837362575,3.98178918941,-1.22690102524
2.34375,30,44,208.236509681,241.397090634,1864,0.000893696969056,0.199818792233,2.19911145407e-08,6.55627030913e-07,1.28438889655e-06,0.000890673255247,0.00690298772904,0.000252107260395,-5.9776401852e-06,1.00001380574e-05,2.83167839758e-06,2.265516125e-06,2.46873526619e-06,3.50438892915e-06,1.32152836725e-05,-1.4321570465e-05,1.69934452423e-05,1.51310252856e-05,-6.55940588864e-06,1.13709996145e-05,-3.64651015605e-06,-1.84501872723e-06,-7.33102806878e-07,1.82339893705e-06,-8.69828511238e-06,-5.53143153437e-06,-2.23586313359e-06,1.4134776656e-05,1.73973909633e-05,1.28576290711e-05,1.11803298885e-05,4.93626320248e-06,525.824691867,-12.4030868544,20.7732114425,5.98123763029,4.72267057222,5.15066932107,7.3106760532,27.5639501619,-29.8720101023,35.4372790043,31.5692746785,-13.6760364694,23.7112063645,-7.60152723342,-3.83167633452,-1.5344229386,3.8137368422,-18.1371951908,-11.545308799,-4.65729845384,29.4795941821,36.2833864445,26.8164509472,23.3091184403,10.2728962597
2.34375,30,45,241.397090634,279.838321607,1386,0.000664519312828,0.172239728339,2.67595581795e-08,4.12362074309e-07,8.51497635408e-07,0.000662588451628,0.00566124601996,0.000187457437182,2.90904745388e-06,5.95115151495e-06,-9.77644509735e-06,1.35729091692e-05,6.78427952837e-07,-4.47633115195e-06,-6.60875164919e-06,-4.50403776627e-06,-1.245176428e-05,3.984989421e-07,-3.5923755801e-06,-8.70648528988e-06,-4.71921516433e-08,7.46942766719e-06,-1.77482046946e-06,4.78158587201e-06,-3.2222209463e-06,9.19292235095e-06,-2.76663322964e-07,-6.55188490033e-06,1.53495319615e-05,7.05983614731e-06,-4.75096549782e-06,4.40335208976e-06,390.983381399,6.10767799113,12.359194425,-20.3466813018,28.3095785253,1.41485761897,-9.33898534616,-13.781561096,-9.39347091614,-25.9671038262,0.828381396896,-7.49803363222,-18.1618852363,-0.0967485262715,15.5843063729,-3.71227742617,9.96459233766,-6.70031586938,19.1732953801,-0.580905142476,-13.6590824201,32.0023313084,14.7269630059,-9.90553131324,9.18554978633
2.34375,30,46,279.838321607,324.401118648,1030,0.000493834698567,0.148376157627,-1.08552343612e-08,2.42254080901e-07,5.61626290696e-07,0.00049259300315,0.00459888159831,0.000139308196463,-3.28158264325e-06,-9.75672826871e-06,2.55611095085e-06,-3.83960551333e-06,2.88457481575e-06,-6.75828706611e-06,-6.29986721762e-06,-2.70976926504e-06,5.18078374926e-06,-1.48734136728e-05,1.68777600667e-06,5.37654724993e-06,9.74804295124e-07,8.68552330672e-06,-6.87052785093e-06,-6.6487654047e-06,5.87065770424e-06,3.76735968593e-06,1.68043277386e-06,3.79213962291e-06,-4.05684823588e-06,4.92661297256e-06,-1.76325880832e-06,-4.4693015718e-06,290.557635527,-6.81736281184,-20.3843686981,5.36040198918,-8.01297450941,6.01909207006,-14.0916705898,-13.1414457442,-5.6486462704,10.8058736274,-31.0219375709,3.51865976135,11.2192506317,2.03203827647,18.113892313,-14.3270218448,-13.8721868907,12.2403052575,7.86455005039,3.51077221942,7.9073702204,-8.45670215474,10.2713644528,-3.66296054136,-9.33030564899
2.34375,30,47,324.401118648,376.060309309,766,0.000367259591361,0.127907310561,-1.49818518601e-09,1.81711286923e-07,3.55857334821e-07,0.000366473624139,0.00362874076699,0.000103602017952,-1.0389029618e-05,4.73895536253e-06,-7.47665622909e-06,4.81405359666e-06,2.20294621719e-06,-1.30940159227e-06,2.36120053867e-06,1.67117534472e-05,-1.56776569178e-06,2.7206694952e-06,-1.40559257374e-05,-1.52526564762e-06,-4.32893154781e-07,-4.33884642552e-06,-1.67446746569e-06,2.71149902681e-06,-7.05152265289e-06,-2.46814734039e-06,2.06411099809e-07,1.48892694965e-06,2.70581364676e-06,-2.55339846663e-06,4.90150992696e-06,5.81231850741e-06,216.084610499,-21.6504390597,9.86181421533,-15.5766429483,10.0369015926,4.59477607099,-2.72876801424,4.92756572732,34.8569200403,-3.26507115776,5.67599211715,-29.3166622707,-3.18147369277,-0.903826363089,-9.0541931163,-3.48973395881,5.65111911507,-14.7078429575,-5.15234731607,0.435491736771,3.11357380073,5.64075960632,-5.3126221534,10.2210970936,12.1205689867
2.34375,30,48,376.060309309,435.945957359,572,0.000274246065612,0.110750130792,-2.06112036076e-08,1.20513058103e-07,2.35503191996e-07,0.000273744673147,0.00297546302614,7.73633867735e-05,3.55531717802e-06,1.73575195263e-06,-7.34327969144e-06,3.66026673152e-06,-1.39904050582e-06,-5.65633254985e-06,2.35996611487e-06,-5.04049314665e-06,-2.34707516551e-06,1.1550482993e-06,-5.45284214212e-06,-4.20912905632e-06,4.77477861261e-06,-1.23814998515e-06,7.78111512729e-06,-1.77490579614e-06,-3.6889214307e-06,1.50715897666e-06,1.87411512744e-06,-5.08679216225e-07,-6.6583498047e-06,-2.79507940813e-06,-2.70211729991e-06,-7.67221057752e-06,161.358220895,7.42576535797,3.60567450784,-15.3037522828,7.63498389015,-2.91979112934,-11.7982242211,4.92450018557,-10.5155278069,-4.89726875187,2.40868133,-11.3746215299,-8.77689726869,9.95563728282,-2.58069434779,16.2282630229,-3.6983122053,-7.6969382596,3.14383185829,3.90849538942,-1.05937932869,-13.8925443904,-5.83146897028,-5.63768526033,-15.9996925012
2.34375,30,49,435.945957359,505.368083345,421,0.0002018489399,0.0944835580936,2.02888174327e-08,7.31290115554e-08,1.38551430561e-07,0.000201523231419,0.0022708211137,5.69405346707e-05,-3.30495858737e-06,-3.67198333453e-07,2.45945006822e-06,3.97038354594e-06,5.64903258041e-08,4.29330671703e-06,-1.22674552147e-06,-3.05390958889e-06,-1.10822535693e-06,-6.89822015391e-06,-6.700239141e-06,-6.96954508709e-06,4.08761505347e-06,1.54465526805e-06,5.35739958989e-06,-2.350204707e-06,3.50426212593e-06,-6.56664713827e-06,1.47006483614e-06,1.78595927703e-06,-5.22754869257e-06,-2.83280482437e-06,-1.05143099737e-06,-1.84774827998e-06,118.761907337,-6.88638913658,-0.77444180462,5.13746749182,8.28082769273,0.117793806275,8.9539344079,-2.55867367072,-6.36874847154,-2.31092340052,-14.3907284114,-13.9733362556,-14.5365282014,8.52701379952,3.22100926868,11.1732454632,-4.90158430481,7.30800152506,-13.693814618,3.06772825752,3.72877230912,-10.9045873219,-5.90837133991,-2.19189713428,-3.85219015419
2.34375,30,50,505.368083345,585.845321772,316,0.000151506567716,0.0821847988924,-7.61024943809e-10,4.46706311495e-08,1.02397873752e-07,0.000151300571864,0.00191993865114,4.27392136721e-05,-2.77900142438e-06,-8.39244838919e-07,5.16090607428e-06,-1.71111505903e-09,1.6365858831e-06,-5.67971382952e-06,-2.76286274312e-06,4.28978028421e-06,-4.96405888309e-06,-1.69871917073e-06,1.78386025602e-06,3.62324163255e-06,-5.5122508007e-06,-3.25159864288e-06,7.81797003521e-06,-5.89780947165e-06,-4.77427360183e-06,-4.60443516213e-06,-5.0426509153e-06,3.02733383489e-06,2.26980127528e-06,4.9585905244e-07,-1.49555335306e-06,-4.28356604433e-07,89.1419542005,-5.79149511168,-1.75652044134,10.7686983245,-0.0023682903758,3.41409188924,-11.8455646118,-5.76352145278,8.94758375419,-10.3527407268,-3.54360324236,3.71950300216,7.55945662702,-11.4965438309,-6.78223512876,16.307729728,-12.3001295543,-9.95786440131,-9.6036089351,-10.5176841522,6.31399554972,4.73629939235,1.03179470144,-3.1216021464,-0.892182557605
2.34375,30,51,585.845321772,679.138141789,236,0.000113150474623,0.0712078753374,-4.74178329708e-10,2.99941523266e-08,5.24607630949e-08,0.000113011682212,0.00138007020981,3.19191595779e-05,3.96728302194e-06,-1.5797673051e-06,-2.69084493269e-06,-3.00073753944e-07,-3.00845209098e-06,-2.90259443963e-06,4.23104485568e-07,1.43673805192e-06,4.90484295836e-07,-1.4398382174e-06,1.8492141856e-06,9.85622532388e-07,4.72330553105e-06,1.52890697955e-06,-3.46879266951e-06,-1.87689309748e-06,-1.83401807635e-06,4.77805052677e-06,3.1946871791e-06,3.52917884373e-06,3.3910795361e-06,-1.21686027342e-06,-4.37036845615e-06,4.59654854494e-06,66.5743708586,8.27744186114,-3.2987280544,-5.60921325854,-0.625938483893,-6.27507620603,-6.05420710258,0.883133322361,2.99632075859,1.02380600329,-3.00276308152,3.85742834987,2.05644499621,9.85148151728,3.18958690033,-7.23556859118,-3.9164134825,-3.82620861946,9.96710754499,6.66314088444,7.3605081183,7.07044629985,-2.53697275214,-9.11410575406,9.58659967844
2.34375,30,52,679.138141789,787.287358098,174,8.34245024763e-05,0.0608978054384,-2.48567683431e-10,1.67686754945e-08,3.66757463456e-08,8.33367957437e-05,0.0011478616209,2.35336176549e-05,-1.37553851513e-06,-7.7846778442e-07,1.06675069217e-06,-4.29883279624e-07,-4.46448722419e-06,-4.00369529184e-06,-2.12809334048e-06,-1.3032444006e-06,2.96412319323e-06,4.54540905141e-07,1.56495065142e-06,-9.59769401475e-07,-4.81624443043e-07,-3.43389893327e-07,-6.0615716015e-07,-1.44933574818e-06,-6.04737511275e-07,1.04314619819e-06,1.89080820594e-06,2.78644217951e-06,-5.36202291624e-07,5.33298840095e-06,-3.12540552157e-06,-6.01547736647e-07,49.0844937687,-2.86738957483,-1.6260151619,2.22688253776,-0.896882292385,-9.31149270985,-8.3506084277,-4.43889752163,-2.71816585126,6.18227222864,0.947341491002,3.26499445347,-2.00030281697,-1.00497263054,-0.714927884617,-1.2644051475,-3.02218026442,-1.26234554736,2.17469806386,3.94322973803,5.81178743731,-1.1179682129,11.122126805,-6.51872453001,-1.25557228024
2.34375,30,53,787.287358098,912.658774529,128,6.13697489481e-05,0.0519000154866,-1.4520669442e-10,1.28092864153e-08,2.01325504586e-08,6.13135534763e-05,0.000869740083751,1.73120865507e-05,-1.83391898433e-06,-3.55041331387e-06,3.88510233352e-07,-3.00721714215e-07,1.80880229066e-07,-2.00988378675e-06,-3.62978625578e-06,4.08786563639e-08,-3.77796699129e-08,7.66864855745e-07,-1.29630955366e-06,2.85482805432e-06,-8.98062022789e-08,-1.47015764921e-07,-2.24988615767e-06,-4.52768214925e-06,2.45532703773e-07,2.10810592892e-06,-5.34704959399e-06,-2.0707570293e-06,5.79460089372e-06,5.45472878772e-07,3.25432637495e-06,5.02003361133e-06,36.1081333471,-3.82387099157,-7.40664491168,0.811476738566,-0.627415956367,0.37712463233,-4.19130682592,-7.57099663707,0.0855832691973,-0.0779225932769,1.59959902701,-2.70475591769,5.95464608452,-0.186661344137,-0.306874891576,-4.69245545377,-9.44250441026,0.511667592496,4.39665130247,-11.151886992,-4.31930326617,12.0864540966,1.13794222343,6.78766159786,10.4701935289
2.34375,30,54,912.658774529,1057.99493686,64,3.0684874474e-05,0.0292878483426,-5.31065010866e-11,6.24919881025e-09,1.05329119805e-08,3.06611103174e-05,0.000484579225705,8.65604327536e-06,2.54482605281e-06,1.76995431606e-06,-6.16862515808e-07,2.2770819643e-06,1.76895289336e-06,3.53717462312e-07,6.12305699155e-07,1.35620525975e-06,-1.21957975728e-06,4.94302680522e-07,1.838878751e-07,-6.17800392126e-07,-4.21331903346e-06,4.89581194498e-07,-1.54039239302e-06,8.20430907617e-07,-1.65149550355e-06,-1.4133844812e-06,1.80589448083e-06,3.08302059181e-08,5.8061334418e-07,2.2768398267e-06,-4.62563267147e-07,-8.19236032612e-07,18.0540666735,5.30834574288,3.69091427727,-1.28609238209,4.74947012795,3.6894303027,0.737648807506,1.27695826385,2.82854850127,-2.54355060552,1.0309694729,0.38369804939,-1.28890078514,-8.78795313926,1.02121501679,-3.2128779402,1.71051736636,-3.44395189547,-2.94821063348,3.76629521914,0.0646048244893,1.21149410688,4.7484853248,-0.964651113226,-1.70876994039
2.34375,30,55,1057.99493686,1226.47512703,0,0,0,0,0,0,0,0,0,0,0,0,0,0,0,0,0,0,0,0,0,0,0,0,0,0,0,0,0,0,0,0,0,0,0,0,0,0,0,0,0,0,0,0,0,0,0,0,0,0,0,0,0,0,0,0,0,0
2.34375,30,56,1226.47512703,1421.78491108,0,0,0,0,0,0,0,0,0,0,0,0,0,0,0,0,0,0,0,0,0,0,0,0,0,0,0,0,0,0,0,0,0,0,0,0,0,0,0,0,0,0,0,0,0,0,0,0,0,0,0,0,0,0,0,0,0,0
2.34375,30,57,1421.78491108,1648.19676227,0,0,0,0,0,0,0,0,0,0,0,0,0,0,0,0,0,0,0,0,0,0,0,0,0,0,0,0,0,0,0,0,0,0,0,0,0,0,0,0,0,0,0,0,0,0,0,0,0,0,0,0,0,0,0,0,0,0
2.34375,30,58,1648.19676227,1910.663523,0,0,0,0,0,0,0,0,0,0,0,0,0,0,0,0,0,0,0,0,0,0,0,0,0,0,0,0,0,0,0,0,0,0,0,0,0,0,0,0,0,0,0,0,0,0,0,0,0,0,0,0,0,0,0,0,0,0
2.34375,30,59,1910.663523,2214.92675006,0,0,0,0,0,0,0,0,0,0,0,0,0,0,0,0,0,0,0,0,0,0,0,0,0,0,0,0,0,0,0,0,0,0,0,0,0,0,0,0,0,0,0,0,0,0,0,0,0,0,0,0,0,0,0,0,0,0
2.34375,30,60,2214.92675006,2567.64231331,0,0,0,0,0,0,0,0,0,0,0,0,0,0,0,0,0,0,0,0,0,0,0,0,0,0,0,0,0,0,0,0,0,0,0,0,0,0,0,0,0,0,0,0,0,0,0,0,0,0,0,0,0,0,0,0,0,0
2.34375,30,61,2567.64231331,2976.52599522,0,0,0,0,0,0,0,0,0,0,0,0,0,0,0,0,0,0,0,0,0,0,0,0,0,0,0,0,0,0,0,0,0,0,0,0,0,0,0,0,0,0,0,0,0,0,0,0,0,0,0,0,0,0,0,0,0,0
2.34375,30,62,2976.52599522,3450.52227654,0,0,0,0,0,0,0,0,0,0,0,0,0,0,0,0,0,0,0,0,0,0,0,0,0,0,0,0,0,0,0,0,0,0,0,0,0,0,0,0,0,0,0,0,0,0,0,0,0,0,0,0,0,0,0,0,0,0
2.34375,30,63,3450.52227654,4000,0,0,0,0,0,0,0,0,0,0,0,0,0,0,0,0,0,0,0,0,0,0,0,0,0,0,0,0,0,0,0,0,0,0,0,0,0,0,0,0,0,0,0,0,0,0,0,0,0,0,0,0,0,0,0,0,0,0
4.6875,60,0,0.3125,0.362263999424,75,3.59588372743e-05,9.57856798246e-06,3.44295559784e-07,3.9694587661e-07,8.85440971122e-07,3.34483867853e-05,1.74917117992e-06,1.01438007133e-05,-2.34301440406e-08,2.49563603493e-06,6.81471342969e-07,2.37798211149e-08,1.16353826099e-06,-1.1872720266e-06,8.6160967813e-07,9.23282768461e-08,1.61706948811e-06,-2.43529432618e-06,1.52212750586e-06,-1.70118685115e-06,1.7357692014e-07,-6.20236191253e-07,-2.86912272614e-07,1.16224033994e-06,-6.80964519426e-07,-9.11042385768e-07,-1.08045467062e-06,-1.67120769108e-06,-3.61469221023e-07,2.03457131983e-06,3.26502810887e-07,-7.24490005415e-07,21.157109383,2.73171015356,1.08597524027,4.37420495602,-0.868291840941,4.02299463728,-4.09736908117,2.05252766065,-0.113029361216,3.32453350605,-4.44981584965,1.89260805962,-2.56449895342,-2.33782047311,-0.670333986477,-0.455543569528,4.29030487635,-3.00409648667,1.66720543508,-4.65077558931,-1.22429467133,-1.52491648708,4.69140960743,1.13330476179,-1.53347429904
4.6875,60,1,0.362263999424,0.419952656891,41,1.96574977099e-05,7.70144123258e-06,4.22379837567e-07,1.91233883759e-07,4.39351124849e-07,1.82362786262e-05,1.27020682413e-06,5.54527772328e-06,1.29709594291e-07,2.38913277113e-07,-4.82292409482e-07,-6.71500422763e-07,1.09996936306e-06,-3.60189285034e-07,-2.00392924201e-06,6.29180840761e-07,-1.37085562726e-07,9.33183568661e-07,-1.77700415112e-06,-5.1819812553e-07,-3.69108056256e-07,5.14033009266e-07,-3.404154035e-07,-1.67102333642e-06,-8.70109807335e-07,-2.46659177218e-07,1.97467200659e-06,9.67996563218e-07,-8.04813385325e-07,-7.17530018968e-07,6.49065788384e-07,5.17197626765e-07,11.5658864627,1.33302255605,-0.592254680781,-0.199715359563,-1.37328466355,1.83698742382,-0.602934586861,-4.27721341239,1.27588392541,-0.0611891769583,2.22425707721,-3.36771822547,-0.618396316662,-0.0642573129875,-0.0807246198444,0.00626045900312,-3.49741224423,-2.13060200552,-0.70134243256,4.37406434044,2.82173516936,-1.9105087534,-1.05765160383,0.993929599016,0.383151079319
4.6875,60,2,0.419952656891,0.486827932973,64,3.0684874474e-05,1.39743170457e-05,8.61085162726e-07,4.88792686046e-07,6.91795071861e-07,2.86121558018e-05,2.34426423557e-06,8.65604327536e-06,-2.21367438754e-07,7.64157006051e-07,1.02523493299e-06,-1.93643679859e-06,8.62118574126e-07,-1.015699773e-07,-3.23268761345e-08,-6.9829639321e-07,-1.61507381087e-06,-8.81406744644e-07,2.17541824157e-08,-1.7715829586e-06,-1.47338468734e-07,5.65903399406e-07,3.47286317205e-07,5.15082373849e-07,1.14983824385e-06,1.03731364304e-06,-2.24719094001e-07,-2.97275023376e-06,2.92885093128e-07,7.0556259441e-07,-2.32388962238e-06,4.43209617639e-07,18.0540666735,0.89218516514,-0.00627919671287,3.58292291789,-3.71655865809,1.87689959246,-0.74076207098,-0.423808102031,-1.00075444654,-3.67215527336,-1.53112022453,-0.538464972561,-4.3754090662,-0.772876616855,1.49166476377,0.521950421404,0.345912331872,2.34693343957,2.34084993257,-0.197428277434,-4.90442750638,-0.387667387747,1.65448378539,-4.26398960512,1.3837765502
4.6875,60,3,0.486827932973,0.564352748896,107,5.13012745113e-05,2.71414158496e-05,-2.11808875661e-08,5.47937341729e-07,1.26237242439e-06,4.77058605232e-05,4.84331406238e-06,1.4471822351e-05,-5.11166707643e-07,-2.15963161452e-07,6.28622725784e-07,-2.8562850764e-07,-1.09140358437e-06,8.41562455518e-07,1.56440835617e-07,-7.06827970808e-07,-3.18590946503e-07,-6.30107957394e-07,-5.01042666918e-07,-1.16002038051e-07,1.64553445528e-06,3.62481142177e-08,-2.43598987981e-06,8.36472704702e-07,2.3445834032e-06,-3.02756599112e-07,-1.39160207794e-07,-1.24322048642e-06,1.00776218486e-06,7.98069953148e-07,-1.02828540559e-06,1.65211589111e-07,30.1841427198,0.637639235117,-2.56606535833,3.31141491805,-0.783144009055,-2.28873199969,1.64566235794,0.350955238981,-0.948274529129,-0.577093708776,-1.72606296588,-0.612887396471,-0.777760312404,3.50352582568,0.482253940707,-5.24102870481,0.316170010087,4.3453053992,0.133958474816,0.110636268703,-2.3877487744,1.84958543862,2.95557748653,-0.674673054551,-0.446237612666
4.6875,60,4,0.564352748896,0.654222988482,154,7.38354792031e-05,4.50210828936e-05,-7.26913987823e-07,8.88853257649e-07,1.80139457199e-06,6.87313051663e-05,7.99664881849e-06,2.08286041313e-05,-2.04444756837e-06,9.34259426458e-07,-1.07480290634e-06,2.64661332073e-08,4.48313911477e-07,2.01495660696e-06,-4.86112567473e-06,-2.50349334052e-07,1.76715111172e-06,1.37828999895e-06,-1.00974810298e-06,1.50903551674e-06,1.00534634671e-06,-5.76232498707e-08,-4.2942724957e-07,5.48118936179e-07,1.10208123563e-07,1.35497228833e-06,2.19585382759e-06,6.76356532727e-07,-1.19650243763e-07,4.5557358368e-07,1.000564471e-06,-1.07624823271e-06,43.4425979332,-2.01263295087,-0.509342225614,-0.0307265295346,-0.340382174304,1.16769435549,4.36469803858,-9.74178667411,-0.500066592059,3.49194150458,2.64842787572,-1.66270510332,3.09394205654,3.36844678227,-1.01340723794,-0.760317335679,1.43793721898,0.389165325919,2.07346334216,3.8535084266,0.942646800287,-0.255851390925,1.00506931688,1.81173741298,-2.33379301136
4.6875,60,5,0.654222988482,0.758404596232,266,0.000127534009533,9.06349759006e-05,1.1999555264e-06,1.50683286196e-06,2.90868509764e-06,0.000118547051622,1.55845597572e-05,3.59766798632e-05,-3.54389198364e-06,-1.51986638873e-06,2.55184727081e-07,5.82649162465e-07,2.9983136012e-06,-1.98061517644e-06,-1.69054219009e-08,1.77954675636e-06,-2.50706327634e-06,8.03089707412e-07,8.04433162645e-07,1.31633122831e-06,1.22905702535e-06,-4.90226040263e-07,1.00836473748e-07,1.6898493315e-06,-4.33229290917e-06,-2.1817908714e-06,1.73328914535e-06,1.50927505589e-06,-2.37125214021e-06,1.74931340003e-06,-2.82672512011e-06,-1.42263995678e-06,75.0372146119,-4.01046944254,-7.45938526876,3.92150734903,1.27196032571,6.51030423673,-3.67686607301,-0.211021958227,4.29807278634,-5.62500396366,1.7592798882,1.63235601717,3.11093263488,2.06158469957,-0.900943018897,0.181872803366,3.71167071296,-8.1397535927,-4.69926709377,3.85373500001,3.21133239792,-4.86165000174,4.20803180933,-6.8909458967,-2.96483785533
4.6875,60,6,0.758404596232,0.87917658308,380,0.00018219144219,0.000149380817499,3.75137501726e-07,2.33740659176e-06,4.34115974555e-06,0.000169639104961,2.63209108987e-05,5.13952569475e-05,5.48787191318e-07,-1.20470842322e-06,5.14053619437e-07,-1.8426925312e-06,-2.51240214407e-06,-1.68605382118e-06,-2.24307513403e-06,-6.22516250278e-07,1.69194077806e-06,4.2599155635e-06,5.726325702e-06,9.7583186814e-08,-6.48367240921e-07,1.59501731366e-06,-1.58477601561e-06,3.77313333911e-07,-1.15431779521e-06,-1.24205324441e-06,-2.68990464122e-06,-4.24564182691e-06,1.05244527207e-06,1.80628570308e-06,2.01989744645e-06,2.50448866196e-06,107.196020874,5.06989197294,-7.50304750896,5.39256027366,-3.4933883316,-5.21968633886,-3.59849671592,-5.39725114632,-1.2658834316,3.31373932887,8.64296604518,11.7035995993,0.473576042614,-1.27514503364,3.66575844518,-3.27789163282,0.738589913764,-2.91592831661,-2.03905339813,-7.14654216964,-9.8840697853,2.53512260389,3.26630829773,2.66419078049,5.90257849721
4.6875,60,7,0.87917658308,1.0191808806,591,0.000283355637721,0.000269763297239,1.11949143304e-06,3.19343351153e-06,6.61750748215e-06,0.000263431399424,4.73741392699e-05,7.99331496209e-05,-5.36992038817e-06,-6.89462584797e-07,-3.63873166908e-06,6.19592654059e-06,3.50330470236e-06,2.49172966109e-07,-8.05852022817e-07,5.99343080979e-06,1.56104262416e-06,-6.08461699594e-06,-3.77135550119e-06,-3.65748904705e-06,3.35479600352e-06,-1.87604636686e-06,-6.67760314436e-06,2.55959574333e-07,-5.37580721662e-06,1.97091416109e-07,4.54655487997e-06,1.59916888613e-07,-1.1889088148e-06,8.35143965865e-07,-9.81127422135e-07,-4.60200627163e-06,166.718021938,-5.72075696657,-8.29502773639,-2.05877048353,11.477021942,7.46502390836,0.805004570495,-1.06957687536,12.9007975323,3.79453868623,-12.5491173103,-7.79252951076,-8.04361270519,6.58196260182,-4.53749870922,-13.4800729928,0.00900777725704,-11.8558145382,1.15817798151,9.85430834583,1.12895191703,-3.02515079362,3.33477293722,-1.26880044871,-9.53266678184
4.6875,60,8,1.0191808806,1.18148013421,919,0.000440615619401,0.000487559739737,-3.9117653619e-07,5.39561863226e-06,1.02893996944e-05,0.000409987314267,8.53766909037e-05,0.000124295371407,-5.79169390957e-06,2.15563814138e-06,2.21466779401e-06,2.93675816285e-06,6.79045201347e-07,-1.81003014056e-06,-1.11044293422e-05,2.30091013441e-06,-3.96162820105e-06,-3.76637609611e-06,3.10365665171e-06,-1.97500467629e-07,3.94699671262e-07,1.2029938326e-07,1.6276992597e-06,4.37187414231e-06,-6.41602105397e-06,3.59745946585e-06,2.53855029221e-06,3.24921849167e-06,1.28437134532e-07,-2.22293303438e-06,5.7286576083e-07,2.21032632825e-06,259.24511364,-4.90655997796,-4.41057424797,12.0136064227,6.08397096158,2.24441709539,-3.96268019259,-23.1258601203,5.40161547165,-8.33957669716,-8.03157559033,6.14804997885,0.548477603429,1.92125230686,-0.84023630656,2.76784510732,8.71683585484,-13.2267520872,9.3403229295,4.5669627358,5.19736903499,-0.402864824332,-5.17607728776,0.806714442881,4.81835813535
4.6875,60,9,1.18148013421,1.36962469971,1355,0.000649656326755,0.000832432212847,-1.59979155801e-06,7.44331370848e-06,1.47811510157e-05,0.000603933533404,0.00014354052566,0.000183264666221,1.21815506061e-05,-4.92340794146e-06,-7.47626027017e-07,-7.79684404224e-06,1.30129789785e-06,-7.49637706013e-06,-7.16553242631e-06,-6.54861368279e-06,2.9698372483e-06,6.42064143269e-06,-1.42294455045e-06,-3.887614309e-06,-2.02379663622e-07,-3.73855945443e-06,-4.97345397147e-06,-2.1860635628e-06,2.46779029873e-06,1.88745957952e-06,2.19014882421e-06,9.91067256707e-07,4.56792100182e-06,-3.0084711647e-06,2.51886301661e-06,1.2573586363e-06,382.238442854,34.5142549323,-21.894896179,8.43608988906,-15.4606378686,0.81984021499,-15.706277076,-15.5888569854,-14.4151673836,5.33232191234,13.8257080986,-3.57512879245,-7.18637188138,0.527004979341,-8.23882959587,-10.1745557727,-6.07246692424,4.214265042,2.7697677071,2.7511285403,3.03655779545,7.98404482535,-5.148050859,4.91054505634,1.86422129536
4.6875,60,10,1.36962469971,1.58773030856,2212,0.00106054597401,0.00157460020193,1.95154725944e-06,1.20333846993e-05,2.51956427936e-05,0.000986770174646,0.000278371025653,0.000299174495705,-1.39492846142e-05,-1.22953380341e-05,4.37387744645e-06,-9.94506506045e-07,7.60793338687e-06,-3.87894238871e-07,7.00727479507e-06,9.41701974071e-06,2.1371917398e-06,3.63327924206e-06,-9.5452484555e-06,-9.27118207176e-06,4.61604752936e-06,4.10874713441e-07,-1.03135360265e-05,4.18547103488e-06,4.07571717132e-06,5.5106948445e-06,3.17349177125e-06,6.06874981194e-06,-1.20265075895e-06,-5.19650952167e-06,3.32656479827e-06,-7.85168942106e-06,623.993679404,-15.9079106799,-42.1755188793,23.1731317452,-2.76967357452,15.1692043446,0.107653857974,13.2530785043,21.0734443983,4.53378482758,8.75366156224,-20.2876716598,-19.5874382537,9.0404389549,-0.537315520238,-20.3882284587,7.40833986086,8.99721584048,10.5734238536,6.44105385813,13.078479053,-2.57315514288,-10.6853596385,6.95343642208,-18.0700636822
4.6875,60,11,1.58773030856,1.84056810108,3381,0.00162102438432,0.00278889412189,-6.07106726045e-07,1.8525589306e-05,3.73131147886e-05,0.00150791169058,0.000483972903751,0.000457282536156,-7.26964813385e-07,-2.11366189185e-06,1.28275343091e-07,3.55378072974e-06,-8.92127069345e-06,-2.57860990209e-06,-1.70810463371e-06,8.53200903691e-06,9.24408882588e-06,2.66450972873e-06,-6.68910000046e-06,1.42688027452e-05,1.40584727153e-05,-4.9892248817e-06,3.30149620215e-06,-6.88792807637e-06,7.39296865192e-06,4.57077284963e-06,7.85245877861e-06,3.92608575224e-06,-6.97794767493e-06,1.32692232721e-06,-2.11000639161e-06,-1.53587027742e-05,953.762490987,15.3285003706,-25.7708676796,18.5874503157,7.51253432395,-19.0551410479,-4.82057708874,-2.98234446201,17.4763452064,19.9739563412,4.59955211791,-12.6346907409,30.5787703116,28.5834265553,-10.861573676,8.23185746274,-12.700931326,15.4151755717,7.31965966571,18.2976509063,6.40201708667,-15.2186709084,4.63975209853,-5.18373143819,-32.7131166788
4.6875,60,12,1.84056810108,2.13366899682,5072,0.00243177630207,0.00484585740802,5.56934800577e-06,2.7957407219e-05,5.64855728969e-05,0.00226339122219,0.000843337844129,0.000685991429572,-9.15805578425e-06,-1.32867494217e-05,-8.71616826272e-06,1.90611272678e-05,-1.33099716303e-06,-3.05873799522e-05,1.32447594715e-05,5.71479482313e-06,-1.63456756022e-05,4.81626756287e-06,2.40448446155e-06,6.67562739386e-06,-2.75170980279e-06,1.8030685686e-06,-5.40949083132e-06,1.82693507861e-06,1.12097702156e-06,1.89304955937e-07,1.02270889515e-06,9.88145539781e-06,-2.89519827673e-06,8.43286664098e-07,1.16863235665e-05,3.05505942744e-06,1430.78478388,2.45023329009,-56.2436489156,5.4761415049,39.75399588,-2.99512336333,-62.3175876098,27.0706621788,12.5110919546,-32.6594723428,9.86109736764,3.81748950284,16.2340000024,-8.43252141681,3.60812300098,-11.6710851233,3.11445655383,3.51934846403,-0.867456065828,3.79756209203,20.4240948164,-6.57371789177,1.73034358924,23.8387852449,6.07825111005
4.6875,60,13,2.13366899682,2.47344468555,7761,0.00372102048114,0.00859829490672,5.03014105301e-06,4.27111368144e-05,8.68124815877e-05,0.00346529179187,0.00149445516543,0.00104968049781,3.49309519029e-07,-2.40926672708e-05,7.15540764331e-07,1.02563890857e-05,5.65488834493e-06,1.44416760097e-06,5.03487694422e-06,-8.7535556703e-06,1.53881529633e-05,9.89491819203e-06,1.56888350071e-05,-1.47021720296e-05,8.93158773157e-06,3.52506802863e-06,1.93237446402e-06,3.93121351373e-06,-2.91691163366e-06,-3.2604965166e-06,-4.62549520781e-06,-1.03434885776e-05,-1.42042321345e-05,-1.27510963259e-05,-1.92672247979e-05,1.3389293768e-05,2189.33767896,29.563768004,-87.0428247538,33.2204298642,21.7146564067,10.8767084756,3.20392789957,9.12223641915,-18.5806010544,32.2752379604,19.7797842201,31.5133670232,-30.9552580367,17.8970928304,7.76791630579,1.89014963651,8.75388506032,-5.21713094567,-6.45949646223,-10.6851808529,-22.2216990614,-32.2666033258,-26.5410219454,-40.2682414262,27.3298353148
4.6875,60,14,2.47344468555,2.86732788526,11789,0.00565224976835,0.0151445194237,-4.3392485343e-07,6.52966617745e-05,0.000131331176444,0.00526696495735,0.00262972714768,0.00159447022146,-2.63984849093e-05,-2.11399388329e-05,-1.71812851916e-05,1.35213199552e-05,1.64984451708e-05,-1.36892730329e-05,1.55879916233e-05,2.56533733902e-05,-2.57063412685e-05,-4.26477615612e-06,6.8588575956e-07,9.09589980291e-06,-1.62892599042e-05,5.10452674047e-06,-1.21799015551e-05,-3.46844563171e-06,1.31253454371e-05,-3.051054201e-06,-3.16610400039e-06,-6.46335807279e-06,-8.60566490366e-06,-1.33769285255e-05,2.84319297464e-05,-8.05153228428e-06,3325.61550022,-16.9060689982,-92.613301283,5.33185039937,27.2996846532,34.7605918884,-26.3330712342,31.8332361132,54.4789358028,-51.9361930135,-8.25426244723,-0.213483584944,18.9465353317,-35.7646834058,7.95369521241,-23.7780574839,-9.42044410784,28.9463401197,-5.02898645024,-6.86405518461,-14.8540525322,-16.3225032234,-28.5987513378,59.9263349785,-16.3737208557
4.6875,60,15,2.86732788526,3.32393493559,17707,0.00848964175487,0.0263589911808,4.84630996253e-06,9.5439799265e-05,0.000193493578631,0.00791277571009,0.00452724083301,0.00239488372308,3.474919846e-05,-1.92654395442e-05,2.1767339186e-05,3.10841135087e-05,1.32912052922e-06,-2.27851256407e-05,2.61586360708e-05,4.1139140088e-06,-1.8248035244e-05,4.49025724674e-06,-6.33188733101e-06,1.83533294521e-06,2.12321954198e-05,6.88635579083e-06,-8.08875705726e-06,-2.12066168084e-05,-1.10730382896e-06,6.66779003626e-06,2.45924818321e-05,2.26408121359e-05,1.67820369479e-05,-7.26749798551e-06,3.41265711884e-05,-4.2277343518e-06,4995.05247794,121.251971906,-102.86482354,98.9290175865,66.9137187686,0.757053927557,-47.7298620439,53.3428821383,8.99962546796,-36.2442298813,10.3491915612,-13.2716876857,4.16150943527,43.1230813353,13.9026327592,-16.3004207369,-46.9237088143,-1.31680871326,15.7901853826,50.5118644467,46.3648463114,34.1663510888,-14.5073848755,72.3228087883,-7.08256379724
4.6875,60,16,3.32393493559,3.85325428349,25875,0.0124057988596,0.0446617590339,3.53347643673e-06,0.000140117595761,0.000280414280049,0.0115742634066,0.00760598722941,0.00349961124609,-2.2490187593e-05,-5.30717399104e-06,4.63117095696e-06,3.17051695798e-05,2.03307913523e-05,3.86098372551e-05,4.07309371534e-05,-8.21717922174e-06,-2.90569305182e-05,-3.39862948571e-05,-8.54199304761e-06,7.14860223189e-06,-1.13251029779e-05,1.3547584076e-05,1.21798656643e-05,-3.58117112308e-05,-2.56590332941e-05,-4.36568285655e-05,6.66094926428e-06,1.05695010836e-05,-3.3896535494e-05,6.70913848039e-06,-1.24610054819e-05,2.61382295534e-05,7299.20273715,14.9484036931,-89.4169323328,77.6010923041,66.0386797986,42.9857980067,81.4193463736,84.3908488671,-16.1465345393,-59.042558538,-71.2653821968,-16.620230215,13.0256280034,-24.4400953617,29.6460829169,24.4211708488,-76.9379781408,-51.8631945706,-90.6797985621,16.385744872,22.5809096926,-68.3887852548,12.6060362973,-24.5640346041,58.9943723525
4.6875,60,17,3.85325428349,4.46686498411,37188,0.0178298298741,0.0743684213222,-1.47107859609e-05,0.000198903522623,0.000398102827499,0.0166526755787,0.0125209770638,0.00502970214569,2.97275504127e-05,-4.69083820252e-05,-5.25677796033e-05,1.7473651339e-05,-6.08417796854e-07,-1.01043980415e-05,4.21940106633e-05,1.81837999039e-05,-1.75753149556e-05,-2.9800418999e-05,1.44958292235e-05,6.15370313629e-06,-3.93881223954e-05,-2.89376419275e-05,2.25844267458e-05,2.01800599396e-05,5.6503392445e-06,-6.53184806956e-05,5.39059211095e-05,2.05941471851e-05,-3.06029643994e-05,-1.99701743143e-05,-2.2752333503e-05,-1.5467286738e-05,10490.5411165,138.53770042,-195.177116512,-25.8669932534,36.4667692649,-2.86619068055,-19.0343285551,87.8118679172,35.8347455993,-36.7267578828,-63.3960459761,32.3154225853,12.649573219,-83.3683239918,-60.4909995598,46.853571205,41.5748756536,10.5795867091,-134.625241032,113.13514921,43.9326602086,-62.7613540061,-41.2574294733,-47.5273636865,-31.5969019387
4.6875,60,18,4.46686498411,5.1781899969,52269,0.0250604328732,0.121165695859,2.77207674342e-06,0.000276806928696,0.000554612083387,0.0234424219058,0.0202249200838,0.00706941759312,5.55727812804e-05,-1.85459338422e-05,1.95433854215e-05,1.7058830499e-06,-7.37404257198e-07,-1.96588139479e-05,-9.54552536052e-06,-4.49955313073e-05,-3.46873716682e-05,-1.01656688222e-06,3.21558869658e-05,-2.11015186369e-05,-1.65629754898e-05,-1.73045049009e-05,2.01415588459e-05,-2.93160469833e-05,1.05005672029e-05,6.51438363097e-05,4.00610001761e-05,-3.26992748236e-05,-1.04867217328e-05,7.66310896484e-06,-3.02192808849e-05,-3.69164625408e-05,14744.8126712,208.295649335,-156.113136039,142.179762543,5.86780902195,-3.20902435831,-41.6383702092,-21.3567203635,-94.4985872183,-73.0036392384,-1.5131484573,66.1648839133,-44.2543766353,-35.802127939,-35.0925645215,41.4124977295,-61.5507139907,21.4687099204,136.778680148,79.1639379565,-68.1920998347,-24.668695423,16.1839338518,-64.0833890096,-74.2545563808
4.6875,60,19,5.1781899969,6.00278981776,72063,0.0345506892066,0.193493306815,2.92968618318e-06,0.00037302660672,0.000748036560381,0.0323747622287,0.0317720582144,0.00974656947738,-3.03105491986e-05,4.90465817737e-06,-4.73963264483e-05,0.000100216614988,6.64449274882e-05,-3.53268637929e-05,6.3951849074e-05,2.25348678526e-05,1.01059887116e-06,2.2747243047e-05,-2.91090718873e-05,-1.81803978821e-05,-0.000103050000568,-4.76180273988e-05,4.51683090414e-06,-1.51671883376e-06,0.000115696832606,1.89507567629e-05,2.43536298228e-05,-6.67810684097e-05,-1.42088672498e-05,2.68527869316e-05,-3.80074659043e-05,2.30520895469e-05,20328.5969796,46.7463519087,-129.931604238,21.1288225454,208.243467011,137.719575359,-72.1597385781,132.700391154,45.9874349693,6.40119683385,45.9929563827,-63.345611444,-39.9603874442,-219.015243037,-100.317219622,7.31673637425,-3.43638353273,240.124922839,36.0988313596,52.5789701191,-138.078341513,-25.3958582478,56.092420476,-80.8281839697,47.637463197
4.6875,60,20,6.00278981776,6.95870287067,95004,0.045549778352,0.295601305893,-1.34886635247e-05,0.00048087432508,0.000960166127094,0.0427741854365,0.047543154151,0.0128493552396,-1.14772456058e-05,1.60093375813e-05,1.22361635506e-05,3.59883943415e-05,4.31079960837e-06,2.27672659943e-05,-2.57324975724e-05,-6.00952006079e-05,-5.39428069942e-05,2.74057747661e-05,1.05441767692e-05,1.15793474003e-05,1.19980168333e-05,1.61761836066e-05,1.12748976072e-06,1.97350104663e-05,-5.82952760324e-05,2.52263221218e-05,-1.0756149889e-05,-1.50749305111e-05,-3.04640387266e-05,-1.85178768233e-05,5.34093817515e-05,9.20382455299e-06,26800.1335977,100.577132681,-124.430128154,161.984163954,76.2164174808,8.95461200574,47.255580052,-54.2929706005,-124.484054773,-113.484498781,57.6189370648,21.2078780227,24.0204410029,25.4704043322,33.9122767707,0.828655374896,38.8769259315,-119.996475977,53.3259788882,-20.845126203,-32.3971754448,-64.5944200482,-41.2797240744,111.191731587,21.6831722816
4.6875,60,21,6.95870287067,8.06684010473,119888,0.0574804411085,0.432189630232,2.62556151164e-06,0.000589976766756,0.0011773832319,0.0541241839708,0.0679429633299,0.0162149330656,2.01676672283e-05,-4.466749104e-05,5.54115120525e-05,-9.75531351146e-05,7.03258791335e-05,1.34697519736e-05,6.66460287687e-05,7.12815749433e-05,6.98672628411e-05,-1.37044767192e-05,-0.000112457912743,4.39225911056e-06,-5.50415537896e-05,-3.12635155462e-05,-6.05689437135e-05,3.77791738958e-06,2.02377361775e-05,2.99001224654e-05,2.13724493685e-05,2.27498795958e-05,-4.51198617243e-05,-8.469022967e-06,3.59685439945e-05,-5.59486424083e-06,33819.7803962,178.410389589,-265.084214908,264.011642433,-203.709410139,144.561655245,29.4168883289,137.20144805,148.944561143,145.369179379,-25.3155632886,-234.791310569,8.24281144452,-116.299192759,-66.9761268095,-123.687516065,9.57153170799,41.2237611351,58.7639234245,48.4784771153,49.4709038435,-95.1405137001,-16.4784016029,74.227762549,-14.4252109595
4.6875,60,22,8.06684010473,9.35144242897,144960,0.0695012406836,0.605361915901,7.28306278758e-06,0.000685395314888,0.00136945517583,0.065646351982,0.0924021873962,0.0196059380187,-4.78804603627e-05,-6.97311408553e-05,-2.74651911987e-05,-3.56147294606e-05,3.65716377772e-05,-2.91486354639e-05,3.19440511751e-05,0.000150427022222,-5.74579795436e-05,-4.53762893533e-05,-4.95072545324e-05,-5.38056967904e-05,-0.00012877322617,-0.000127157911071,-4.04294692792e-05,-2.48926288112e-06,2.58916245977e-05,-7.38604739406e-05,3.5971145871e-07,2.16441172177e-05,-5.39171197371e-05,1.49868978502e-06,3.8569277901e-05,2.28494552873e-05,40892.4610155,41.5583419202,-324.064777108,96.3190974893,-75.0105738467,74.9303138233,-59.0017521445,65.5608605106,313.668482739,-118.252681331,-94.4565612668,-102.872673578,-111.51102886,-269.784883927,-267.682891324,-81.717359111,-5.23550909038,54.2955969738,-155.219472179,0.941793875361,45.8794040796,-109.78621013,4.08490697003,79.827538586,48.493599677
4.6875,60,23,9.35144242897,10.840610991,165197,0.0792038938826,0.799191431141,-4.30847720808e-06,0.000743947082847,0.00147758465713,0.0750689300858,0.117264160612,0.0223430059525,9.28890413648e-05,0.000118521510413,2.39528762027e-05,2.14921015276e-05,-1.89986442131e-05,-1.08192041584e-06,-1.07617539506e-05,3.07972442399e-05,7.04978438366e-05,-1.89916678655e-05,6.42382787056e-05,-3.83784319388e-05,-2.50644588126e-05,-9.99263594845e-05,-0.000127920141069,0.000132927917462,6.78149017624e-05,-1.40357766897e-08,-5.12541363839e-05,-0.000104540162438,-2.46002764391e-05,-2.06496091372e-05,0.000127674457372,2.66510540785e-05,46601.2133166,331.605470263,72.7079715614,200.50647352,44.8452234357,-39.9394593388,-4.30561615399,-21.7991320046,63.4576664962,147.035344541,-39.8530110184,133.173030174,-80.5608516219,-52.9122788898,-210.133827097,-267.013329636,276.973673619,141.286693949,-0.0286960517615,-107.809580321,-219.572319954,-50.2589424277,-43.762830986,267.982923432,52.6433317859
4.6875,60,24,10.840610991,12.5669219002,177454,0.0850805267955,0.994483156925,1.10760981394e-05,0.000754342029898,0.00150087842096,0.0809559119202,0.14006699597,0.0240007734904,-0.000109966703558,1.87022420042e-05,-2.32494163983e-05,2.34585088945e-05,-7.58687515582e-06,3.08123309379e-05,-0.000113758739657,-7.29718648946e-05,-1.31148076848e-05,6.58607168964e-05,-1.8066189346e-05,-0.00013583254465,-8.79943587448e-05,-3.89598633079e-05,-2.35237175825e-05,7.82256970428e-05,-1.37935929489e-05,0.000131457561764,-1.93884186638e-05,-0.000152173252697,5.32973534317e-05,0.000105708749323,-3.50731648549e-05,-2.68228591527e-06,50058.8491794,-102.373255887,-121.663912387,90.379073704,48.4135246055,-16.024328455,64.2371323696,-238.227638685,-151.748195501,-28.1156799517,137.188348624,-38.5284508749,-284.428101532,-183.277419936,-80.1352635881,-50.6990248802,162.222339483,-29.5394719548,272.341196339,-41.9371312743,-315.501006027,112.95284862,219.787813307,-72.3691159482,-4.93198142002
4.6875,60,25,12.5669219002,14.5681388416,180354,0.0864709351701,1.17068923455,-1.29101106597e-05,0.000714298537589,0.00142648911618,0.0826201442585,0.15732245993,0.0243930004513,-5.72021178572e-05,1.28991056236e-05,7.42541908171e-05,-3.4019968405e-05,1.67200956665e-05,1.44798811226e-05,-3.96504233903e-05,4.23977659311e-05,8.24442547702e-05,2.19999591289e-06,-6.989082755e-05,-2.35349707293e-05,4.40862114942e-05,-5.75669037376e-05,7.27241949409e-05,-6.40615120268e-05,-2.81560356204e-05,-5.97270869014e-05,-9.24707153302e-05,-2.6923416473e-05,3.92741671043e-05,3.015176865e-05,1.21303668761e-05,0.000101154141567,50876.9240755,-8.10051411399,-113.538446259,276.088484525,-70.8629997469,34.6369502591,29.9968667905,-82.9608038627,88.4880247501,172.747814227,4.45553751219,-146.066144569,-49.1362077527,92.7226117939,-120.195135444,152.214821448,-131.959250874,-60.3472919584,-126.478496276,-191.133914914,-55.3546364788,82.4542016416,62.9413897806,23.8658471236,211.055820482
4.6875,60,26,14.5681388416,16.888039171,173120,0.0830025854522,1.30195005566,3.34574327463e-07,0.000638439211135,0.00126425842959,0.0796469602107,0.165907250084,0.0234145970599,3.18953327155e-05,4.38324029015e-05,7.90430819522e-05,-0.00011317784927,3.1201369704e-05,-0.000122281648524,-5.00849021837e-06,3.59473940372e-05,0.000110387319488,9.45618313417e-05,-1.63337899251e-05,0.000161448567264,2.93612739031e-05,-0.000161597856965,6.30272344939e-05,3.65570906285e-05,7.14325406917e-06,0.000103563046486,7.77517498412e-05,1.80212339606e-06,4.4550828484e-05,-1.67862894883e-05,0.000143549384722,-9.30864379891e-05,48836.2503519,158.145842654,-24.6439237019,264.75997389,-235.262820638,64.5143536585,-254.953470252,-10.1746723347,74.1918908802,229.170822585,199.383830316,-34.6982103708,337.196868374,60.7231823118,-338.307219572,133.218775182,76.5189227959,13.1724990337,214.676990756,162.221655684,2.30015636082,93.5655005217,-32.5117614906,296.756096919,-196.077488608
4.6875,60,27,16.888039171,19.57737156,157446,0.0754876679131,1.37186579817,9.38295661942e-07,0.000529285053987,0.00105188555887,0.0727419992048,0.164876546658,0.0212946779614,-3.96516721491e-06,0.000137595654547,-9.31168307431e-05,4.37129953898e-05,-6.68353220718e-05,1.35479702276e-05,0.000102908743705,-5.87839939487e-05,-2.61137615231e-05,5.42043758316e-06,-2.0507301459e-05,3.27296917792e-05,-0.000113462234537,-3.95220092806e-05,5.54648237498e-05,-0.000100798836819,0.000145461957715,6.07381133616e-06,-5.09013221574e-05,-1.77234832404e-05,3.39170790013e-05,-8.5888830351e-06,5.8438398211e-05,-1.04747371559e-05,44414.6965856,62.8599709545,196.603126487,-116.003768506,91.0039599822,-138.992545067,28.1975730358,215.363900461,-123.221964991,-53.6281151357,10.8259618323,-42.7220234986,67.9746638567,-237.16962635,-81.9378657924,115.773421312,-211.574712221,304.035872699,12.2959557297,-105.048410011,-36.7664878695,72.2830381172,-18.7848153415,121.381532913,-22.261591933
4.6875,60,28,19.57737156,22.6949661425,137314,0.0658353570863,1.38626159502,7.28226654059e-06,0.000416616933868,0.000831889929809,0.063699934709,0.156382380691,0.0185718113486,-0.00017227347781,8.04573098579e-05,-2.87174598144e-05,6.95690690344e-05,6.62048798866e-05,-7.7171486536e-05,2.20888936415e-06,-0.000152228067001,-2.12270890115e-05,6.65916195388e-05,2.42046705216e-05,4.50373845513e-05,-1.99770705898e-05,-9.1465838384e-05,-3.22723113632e-05,-5.93510145349e-05,6.94649533433e-05,2.86003492152e-05,4.63561607327e-05,3.74248973963e-05,-1.37604508802e-05,-0.000149783614567,-1.90894771582e-05,-5.30204388479e-05,38735.5642376,-306.09901157,99.9663912507,-1.45373040595,144.566369397,138.838202551,-160.795300364,5.01449856815,-317.151788504,-44.4336871485,138.701473448,49.3381298681,94.3064442276,-41.492891803,-191.150128231,-68.1822427371,-124.221454998,145.139988829,59.2799266238,95.9009160216,78.5827835859,-29.2260346011,-311.874554731,-40.7540329607,-109.760882276
4.6875,60,29,22.6949661425,26.309021445,115168,0.055217431616,1.34721314412,-1.81549112731e-06,0.000314953232259,0.000629114810977,0.0536342941195,0.142697132671,0.015576549874,-6.08356607528e-05,1.04709086585e-06,-4.3755010618e-05,4.78665944231e-05,0.000100810570041,-1.06411919683e-05,-5.47027917722e-05,-8.43475834441e-06,-4.09535077131e-05,3.39204910217e-05,-2.58326493248e-05,9.06365813143e-05,5.1991735774e-05,-0.000121250767235,0.000126191210959,-3.95867308791e-05,-1.67604606502e-05,-1.32525363207e-05,4.67609854376e-05,-4.07904144659e-05,4.83633342096e-05,-4.94246798978e-05,-7.26671148549e-05,-1.3055801952e-05,32488.292979,-88.3499411072,-46.580666896,-49.329370855,99.9669128415,210.228734323,-21.8279249292,-113.527447917,-17.9592142652,-85.2044706176,70.6246212796,-54.4668297665,188.578769042,108.918794922,-253.322453746,262.93265181,-82.1167321844,-35.0751160891,-27.5897665062,98.3261477562,-85.6085395218,100.441496017,-102.943547122,-152.47911519,-26.3847525809
4.6875,60,30,26.309021445,30.4985962547,93799,0.0449720396998,1.27150351946,5.79725605332e-06,0.000226234015338,0.000457382644442,0.0438366021815,0.125659060879,0.0126863781748,2.88651187492e-06,-5.27443033862e-05,-1.13068522119e-05,5.80238922547e-05,-0.000103564672195,4.52244409078e-05,1.53980333376e-05,1.32951582431e-05,3.18450604258e-05,-4.87451739933e-05,5.45306737373e-05,4.99054172925e-06,9.93612983813e-06,-3.1246024534e-05,-2.69828321203e-05,2.49006824103e-05,-1.7468844139e-05,-1.38608118522e-05,2.38029879982e-05,-1.47574747386e-05,-1.83763136278e-05,-3.18455525675e-05,1.12592316854e-05,-0.000148201950261,26460.2093736,32.8034529651,-143.961489587,5.80877828826,120.835827288,-215.997801366,94.4597375244,32.1448665529,27.6108644232,66.1510362737,-102.137404586,114.31621011,10.3455466386,20.7586934686,-64.9938458725,-56.0766861867,51.2908719258,-36.764243084,-28.4974888768,49.4449556256,-31.3254452561,-38.0763601566,-66.2239119798,23.9363932806,-309.308358074
4.6875,60,31,30.4985962547,35.3553390593,74732,0.0358303443624,1.17414447657,-4.41947120826e-06,0.000161241059501,0.000321206864699,0.0350383230109,0.107861268216,0.0101075535321,5.26299576577e-05,3.98981498275e-05,2.74282491657e-07,7.46494890984e-05,6.28663610816e-06,0.000115445374182,-3.92607484316e-05,-2.51171954274e-05,-6.8970416754e-05,-2.76392232366e-05,4.29744664886e-05,2.93944372742e-05,-8.85513955665e-05,2.57476872393e-05,-6.29264759651e-05,4.51072774994e-05,-6.31941084511e-05,6.27712570915e-05,-4.56418389769e-05,-9.9024838718e-06,1.61978401877e-05,-2.71979680263e-05,7.58927079754e-05,1.36465004928e-05,21081.5079788,128.165822232,60.0349964059,20.680992944,155.803619972,13.2136332981,240.71633409,-81.9520504041,-52.2987351943,-143.860460099,-57.5301796484,89.5178085762,60.9468465023,-184.292863321,53.5847889317,-131.556877327,93.3099561128,-131.737360473,130.825733722,-95.6042175314,-20.3712010416,33.9678258847,-57.3201700222,158.661716682,28.3303577201
4.6875,60,32,35.3553390593,40.9854928916,58195,0.027901660469,1.05979702769,-5.43351234106e-07,0.00011029314985,0.000221471276769,0.0273640843334,0.0907932904894,0.00787091310015,-4.1398085425e-05,-3.57327011248e-05,2.35575935104e-05,-5.61111230976e-06,-1.54242744888e-06,8.61352338163e-06,1.79241985424e-05,-3.58547141756e-05,-8.16421697913e-06,-1.80703565768e-06,6.07348507405e-05,4.41007408826e-05,1.34978795551e-05,-2.56720868879e-05,-2.47887120961e-05,-1.32033026572e-06,6.10865688965e-05,7.16189382429e-06,3.07369122199e-05,3.26459361206e-05,-5.25949692912e-05,-2.47149163088e-05,-2.49770930923e-05,-6.67702780816e-05,16416.5064073,-74.036842906,-90.1387407644,62.6470987554,-11.7345606649,-3.08142393101,18.0763797812,37.3316646406,-74.6591977214,-17.1511577241,-3.89324045786,126.750727638,92.0494973371,28.0818284437,-53.5772657385,-51.7030812578,-2.51046569177,127.389704339,15.1291360388,63.7206729045,67.8018901522,-109.886640666,-51.5354938007,-52.3018962099,-139.181000707
4.6875,60,33,40.9854928916,47.5122194344,44889,0.0215220832854,0.947457646296,-3.7241885247e-07,7.47092198885e-05,0.000149858892847,0.0211613674822,0.0753012699479,0.00607126760293,1.48800055281e-05,5.92601950788e-06,-2.9322487947e-05,2.0882121507e-05,2.83056934921e-05,-5.70276028993e-05,-3.20712400579e-06,-8.31494655848e-05,2.09164191455e-06,-9.03773730901e-07,-3.03716813907e-05,-1.69723230494e-05,-8.27743764437e-06,-3.37700051981e-05,8.93104661399e-05,-1.7278992502e-05,3.64608682452e-05,2.12562696001e-05,-9.91355483446e-05,4.34110781217e-05,-1.96029898256e-05,3.1762564905e-05,1.01551740679e-05,7.6220695758e-06,12662.9531079,39.1591383597,1.95371268069,-52.2068198142,43.6208933198,58.9326780768,-118.937101656,-6.6065279304,-173.63999601,4.35589258657,-1.95127586523,-63.7534307005,-35.008952142,-17.3929892219,-70.2766172543,186.076190206,-35.5843463195,75.7385577619,44.4327691488,-206.711609794,90.8012260225,-40.9315897327,66.3575238735,21.1353348884,16.2776189074
4.6875,60,34,47.5122194344,55.0782932282,34208,0.0164010654064,0.836913058101,9.34003639638e-07,4.99174557482e-05,0.000101286562462,0.0161633066116,0.0623513432832,0.00462665513068,-9.85448467658e-05,3.95191395683e-06,-4.94588403657e-05,-2.46070403532e-05,-3.64921027657e-05,2.3712847991e-06,9.62078639583e-06,-6.80645131506e-06,-5.62763793689e-05,-3.74459893303e-06,1.02077824975e-05,4.98665569814e-06,1.37177780519e-05,5.93850419407e-05,-2.70691292583e-05,-2.26288031485e-05,-3.58384976979e-06,2.4830418338e-05,-2.07422294833e-05,-5.94326713327e-05,-3.94477734867e-05,-3.60862607553e-05,-2.6574136294e-05,5.06452013021e-05,9649.898637,-200.187518757,1.46966484659,-97.2787906296,-51.495387678,-75.8849688141,5.04907919563,20.1217461534,-13.9984353417,-117.340226958,-7.82116540007,21.2305811208,10.3867614078,28.487274905,123.912218749,-56.5210077173,-47.3804961361,-7.05877471126,51.7802491061,-43.3040512344,-123.891792773,-82.3335034095,-75.5540267932,-55.1710626827,105.861853818
4.6875,60,35,55.0782932282,63.8492249161,25905,0.0124201823945,0.734643310587,-2.93954156764e-07,3.26551127237e-05,6.62815847301e-05,0.0122636558507,0.050509434609,0.00350366876638,1.94797901276e-05,-7.29161806298e-06,-4.56761716845e-05,4.75040005745e-06,-2.3621689835e-05,4.0956395993e-05,5.99453446011e-06,5.07122127529e-05,-1.03785029805e-05,1.58447956644e-05,2.89169185804e-05,-2.75854907693e-05,6.43096737594e-06,5.9069454087e-05,2.24320966385e-05,-5.75438635709e-05,-4.42243728619e-05,-1.86928525252e-05,-1.89116352377e-05,7.05647579891e-05,2.47240484898e-05,4.83279503395e-06,-8.85385304813e-07,-2.45451461231e-05,7307.6655809,44.1368955564,-19.5982957607,-91.460290607,9.92886438461,-49.2607977846,85.3999509108,12.5022147644,105.716062929,-21.5665556119,33.0374435774,60.4892253214,-57.5057019146,13.5636809146,123.231693055,46.9731356154,-120.107419518,-92.0610689642,-39.0703081835,-39.5565472668,147.367197388,51.5484661021,10.170142415,-1.87367711315,-51.1048425051
4.6875,60,36,63.8492249161,74.0168818502,19494,0.00934642098433,0.640848513432,1.38335681006e-08,2.14055863457e-05,4.36806156678e-05,0.00924463146971,0.0410844291702,0.0026365766814,-3.55010308396e-06,-7.17183626143e-06,5.36938821396e-06,2.59831892777e-05,2.31862928179e-06,6.45647802092e-06,3.62503278906e-05,-4.95259287635e-05,-1.33943556538e-06,-2.1409838468e-05,-1.44575634473e-05,3.2359496655e-05,-1.73900444912e-05,-2.27980964233e-05,-3.15062025112e-05,-2.16662085946e-06,-1.34562784944e-05,1.22401392769e-06,-2.67050008695e-05,-2.23426914736e-05,2.46687274247e-05,-1.42913780946e-05,-1.30097726445e-05,2.27330109475e-05,5499.15587084,-5.16665988707,-17.8332310291,13.6958157784,54.1540760119,4.83659926605,13.5247820537,75.6171464103,-103.277307623,-2.80412744876,-44.6467594715,-30.2478510742,67.412679748,-36.2913594917,-47.4175543127,-65.8609063633,-4.63424126757,-28.1037376542,2.43908604073,-55.5594750313,-46.7163820615,51.6351600349,-29.7554483537,-27.1271857832,47.4768363441
4.6875,60,37,74.0168818502,85.8036852606,14622,0.00701053491499,0.557230667012,-2.89929162527e-07,1.38932827334e-05,2.84621682395e-05,0.00694448121536,0.0331490241816,0.00197763538707,-5.68826245957e-06,7.01329982297e-05,-2.98153051301e-05,3.63563886571e-05,5.83834095765e-06,-2.85427885345e-05,3.17761335677e-05,-6.80309299582e-05,-3.96469397865e-05,-1.28005555652e-05,2.4794902799e-05,-7.79289027465e-06,1.17895297407e-05,-1.00356786683e-05,2.94138949114e-06,1.83555043127e-05,-1.44253618341e-05,3.04704373074e-05,-1.16436274733e-05,2.91554043436e-05,4.10200692903e-06,-2.99832349574e-05,3.08399888701e-05,6.14133729349e-05,4124.79004532,-10.4366409725,144.404211059,-60.5727644969,75.8253908902,12.2626728915,-59.627952579,66.3908311211,-141.900458686,-82.702238988,-26.6369646164,51.602948042,-16.1949328079,24.5413950354,-20.8614475015,5.93989339318,38.10984273,-29.9608306324,63.6595089418,-24.365602259,60.8083950124,8.47077272357,-62.5110494145,64.4096183008,128.174739143
4.6875,60,38,85.8036852606,99.467475801,10931,0.00524088066993,0.482920338557,-2.92319175865e-07,9.23483802802e-06,1.83509514816e-05,0.00519827129091,0.0264670275381,0.0014784251413,-1.50203687296e-05,-2.07947431245e-05,1.71546837514e-06,2.18409972001e-05,7.56692338421e-06,3.29166759994e-05,1.85849048123e-05,7.20558291519e-06,2.13082174007e-05,-5.50706952789e-06,-2.74918752305e-05,3.86662954597e-07,-4.21268591972e-06,-2.32198176877e-05,-9.04376907737e-06,8.78247989677e-06,1.43256628406e-05,-4.91046704881e-05,3.07182378304e-05,-3.04856484796e-05,3.00311398092e-05,-3.1636780141e-06,-8.00615606837e-06,-6.71949690077e-07,3083.57816888,-30.3842852556,-44.5572229433,4.60987929789,45.5194993173,15.7566896157,68.6962803215,38.753523524,15.0282768711,44.4655716788,-11.5270533211,-57.2792345927,0.666089173131,-8.73981041332,-48.4329944811,-18.8805306935,18.370693375,29.859508911,-102.446303311,64.0860195238,-63.5986040565,62.7078574625,-6.54023504153,-16.7344741596,-1.39532927656
4.6875,60,39,99.467475801,115.307153908,8151,0.00390800643497,0.41743312501,2.9467761329e-07,6.0973204047e-06,1.18949336829e-05,0.00388064722265,0.0212340875809,0.00110242826152,1.06003120861e-05,5.22160939529e-06,-7.98432559195e-07,1.08511351957e-06,2.11461731893e-05,2.08772962869e-05,2.43173679923e-07,-1.77287714393e-05,-1.37774315627e-05,1.64164718932e-05,-1.80550122423e-05,-2.22842564952e-05,-8.61175820753e-06,-9.07042389252e-06,5.51291565727e-05,9.66057256709e-06,6.93037242666e-06,7.01786125964e-06,-2.89561507373e-05,-2.55268685681e-05,-2.10039227307e-05,6.31082954474e-06,8.57216760232e-06,3.34573671409e-05,2299.35464775,22.7173684232,10.1283989589,-0.998952754321,2.30528751486,44.072495329,43.532593953,0.498044645875,-37.0081421885,-28.7280635053,34.2495017413,-37.7063050961,-46.50757939,-17.9770371097,-18.9205358195,114.939761415,20.1857072888,14.5312644733,14.5936597851,-60.380946599,-53.1739484006,-43.8281735738,13.106406104,17.7694622119,69.888049534
4.6875,60,40,115.307153908,133.669218358,6073,0.00291170691689,0.360491160874,-1.4044356469e-07,3.85944127153e-06,7.77397534748e-06,0.00289411604807,0.0170950147534,0.000821377356426,3.32102646135e-05,1.29037212737e-05,3.10853164814e-06,-1.40630917907e-05,-1.11190009453e-05,1.92616010036e-05,9.86545593543e-06,-1.18671254272e-05,2.63569831788e-06,1.09526758135e-06,-2.52727484015e-05,-6.40752030078e-06,-3.60659142205e-06,3.01124458713e-05,-9.20168854337e-06,8.86158969458e-06,-2.54403767501e-05,-1.45427373423e-05,4.68630628216e-06,-3.30832492143e-06,4.46605659159e-06,-2.74507462815e-06,3.38266549202e-05,-3.49985123283e-05,1713.16167044,69.6548989568,26.4277536395,6.91629346751,-29.3166650713,-23.2128814036,40.1581669438,20.566992211,-24.7504771522,5.43651338713,2.31604563713,-52.6800526143,-13.3923112011,-7.50310449405,62.819643683,-19.1568382727,18.4514946203,-53.0096279321,-30.3342090222,9.81583768601,-6.84030829387,9.29938278479,-5.75074952063,70.5856848791,-73.0218747917
4.6875,60,41,133.669218358,154.955346055,4532,0.00217287267369,0.311847516355,-1.33059151045e-07,2.44936515968e-06,4.89952297225e-06,0.00216145621454,0.0135247533015,0.000612956064436,-1.26705555777e-05,1.90016814497e-05,4.13575146651e-06,7.79954979782e-06,-1.42975013335e-05,-3.07339557564e-05,6.14131843798e-06,-1.49055063432e-05,2.38953456006e-05,-7.04799588856e-06,1.53910483212e-05,-7.91539839831e-06,-1.30997016796e-05,-2.39585844198e-05,-2.70673698678e-06,2.22156481622e-05,2.66983755758e-05,8.26288515429e-06,7.58247124716e-06,9.11862150895e-06,-3.74709279583e-06,-5.78366299246e-07,-1.39986853267e-05,2.97173194891e-07,1278.45359632,-26.1868430007,39.310829968,8.89799029398,16.2512062533,-29.8033325639,-64.1165330054,12.8178639297,-31.0979954351,49.835533912,-14.7226126831,32.0964194309,-16.474654802,-27.3472081814,-49.9574349786,-5.67919353403,46.3420145385,55.6408702807,17.2394628028,15.7730792465,19.0184690172,-7.80290283157,-1.19685467552,-29.1985567032,0.582674392988
4.6875,60,42,154.955346055,179.631178861,3367,0.00161431206803,0.268586912925,1.47145818184e-07,1.55953712052e-06,3.08867548652e-06,0.00160695449413,0.0107778132543,0.00045538902669,-1.79573525856e-05,1.57268094801e-05,-2.56665493266e-06,9.17945503639e-07,1.12934466351e-05,-1.01164786187e-05,7.39518426492e-06,2.94266464216e-06,3.90554643198e-06,-2.68229154888e-06,4.21593120035e-06,7.91991561756e-06,-7.15735161203e-06,-1.06049283587e-06,4.80855566129e-08,-2.72106662143e-06,7.41572878568e-06,-6.47054183984e-06,4.12739123771e-06,-1.70311040096e-05,-1.52213728899e-05,2.67977665311e-06,2.870152786e-06,-7.62376528991e-06,949.813163903,-37.292783197,32.5948821279,-5.17905130159,1.90324194156,23.5743390731,-21.1001952542,15.4322156435,6.14157137129,8.14882108425,-5.59215601889,8.78087494495,16.5138163783,-14.9531615873,-2.22098933262,0.108906651981,-5.66639192487,15.4748521642,-13.5112281453,8.6179799187,-35.5157458926,-31.7302867946,5.57943910739,5.9756868989,-15.9037044532
4.6875,60,43,179.631178861,208.236509681,2506,0.00120150461612,0.231723493685,-1.04262165505e-07,1.04123945074e-06,1.91378283014e-06,0.00119676057855,0.00846958591098,0.000338938194501,1.44431147419e-05,8.6112242602e-06,-8.36554912238e-07,-7.41391923706e-06,-2.96967245565e-06,-1.0809876001e-05,-3.51515062521e-06,1.10788885704e-05,-2.61321312068e-07,7.70679109568e-06,-1.2724524743e-05,1.17408329669e-05,-1.22488446197e-05,-6.32521002408e-06,-9.38277759469e-06,-2.50131891607e-07,-5.84834416892e-06,6.11298451774e-06,1.69493358557e-05,1.34231524478e-05,4.31852703103e-06,-2.94128844826e-06,1.89327655339e-06,-2.87576972555e-07,706.929548185,30.2278380768,17.8298356029,-1.63460141085,-15.4602843006,-6.20207051232,-22.544099993,-7.32998057475,23.1027509581,-0.545727204532,16.0837256975,-26.531724667,24.4971121589,-25.545799628,-13.1997342026,-19.5601110277,-0.545857628539,-12.2056287167,12.7436589634,35.3695941312,27.989895775,9.02589395573,-6.12958012553,3.94625765883,-0.610340801244
4.6875,60,44,208.236509681,241.397090634,1863,0.000893217517893,0.199687202849,1.22040552389e-08,6.55623388272e-07,1.28229208777e-06,0.000890194410857,0.00689423010905,0.000251972009719,-5.63515787044e-06,1.03078917263e-05,2.26408943133e-06,2.07823231081e-06,2.36154574837e-06,3.5519109907e-06,1.29080527704e-05,-1.42597782857e-05,1.66976447514e-05,1.54703136577e-05,-6.56246974687e-06,1.09789733695e-05,-3.18694623235e-06,-1.90020362257e-06,-4.68657298759e-07,2.32871484731e-06,-8.67889434583e-06,-5.61172763565e-06,-2.4718213221e-06,1.4079490196e-05,1.76374810835e-05,1.32380690666e-05,1.13012879536e-05,5.68850837681e-06,525.542597075,-11.6888004137,21.4151940193,4.79734734627,4.33222080938,4.92693022033,7.40947868913,26.9234911172,-29.7433976734,34.8203221068,32.2768651635,-13.6823116803,22.8936514932,-6.64278685932,-3.94672701311,-0.983101804428,4.86784998558,-18.0965510689,-11.7130465519,-5.14968350525,29.3646002411,36.7835899363,27.610392395,23.5606004626,11.8422565607
4.6875,60,45,241.397090634,279.838321607,1390,0.000666437117483,0.172739580805,-1.12095261051e-09,4.1595463104e-07,8.53257831538e-07,0.000664501563068,0.005673673518,0.000187998439887,3.19704733015e-06,5.98407095182e-06,-9.57885613761e-06,1.35748275222e-05,6.59093815569e-07,-5.06037392887e-06,-6.67884052344e-06,-4.44625443431e-06,-1.23924728157e-05,2.33115241001e-07,-3.8424976595e-06,-8.7818798563e-06,-2.24602565528e-07,7.4889839768e-06,-2.4941661173e-06,4.24258040234e-06,-3.32777346499e-06,9.2022110722e-06,-2.43478316588e-07,-6.01195566784e-06,1.54711907783e-05,7.02593873199e-06,-4.84108629069e-06,4.02279509838e-06,392.111760566,6.70844450319,12.4276430515,-19.9344787343,28.3135242978,1.37442055585,-10.5571654889,-13.9278504559,-9.27282119812,-25.8434171439,0.483440033469,-8.01978080936,-18.3186638696,-0.466801680191,15.6251023486,-5.21235857556,8.83981091792,-6.92042438061,19.1928794689,-0.511510055619,-12.5328363492,32.256256472,14.6561384453,-10.092915184,8.3915029723
4.6875,60,46,279.838321607,324.401118648,1029,0.000493355247403,0.148263384617,1.39651477812e-08,2.40289325641e-07,5.6143326628e-07,0.000492114409726,0.00459718825342,0.000139172945787,-3.57871820683e-06,-1.00261532801e-05,2.63500192976e-06,-3.84200345689e-06,2.83951711698e-06,-6.20385502688e-06,-6.1020304587e-06,-2.68764129631e-06,5.12347510932e-06,-1.48656363503e-05,1.93242594941e-06,5.21624844434e-06,6.15428800511e-07,8.6003020143e-06,-6.4814936846e-06,-6.09169082582e-06,5.83265248206e-06,3.79718076286e-06,1.80540887572e-06,3.75486798869e-06,-3.83276490081e-06,5.0251696005e-06,-1.62912038137e-06,-4.6567317644e-06,290.275540735,-7.43712372036,-20.9462195115,5.52495439679,-8.0179577767,5.92517633602,-12.9351825057,-12.7289797997,-5.60249949927,10.686143782,-31.0056080484,4.02914621456,10.8845493251,1.2825979023,17.9362121477,-13.5156558467,-12.7101027955,12.1609460159,7.92658067054,3.77103824876,7.82972935482,-7.98932082238,10.4768016093,-3.38353218507,-9.72085029162
4.6875,60,47,324.401118648,376.060309309,765,0.000366780140197,0.127751768172,7.507013406e-09,1.81321012669e-07,3.55764853321e-07,0.000365995408591,0.00362656577607,0.000103466767276,-1.03837427282e-05,4.96235942753e-06,-7.40635079832e-06,4.81040816355e-06,2.19160574024e-06,-1.57082306202e-06,2.21136078196e-06,1.66882355065e-05,-1.56598116782e-06,2.7298069929e-06,-1.40382519242e-05,-1.26119714572e-06,-1.99662077286e-07,-4.27970327112e-06,-1.66695704943e-06,2.71070256731e-06,-7.05637348896e-06,-2.48505112355e-06,1.83043479452e-07,1.25221082905e-06,2.39695987824e-06,-2.66251105301e-06,4.88013826779e-06,5.80997852173e-06,215.802515707,-21.639455327,10.3277911127,-15.4300544738,10.0293260537,4.57120100834,-3.27408048837,4.61513567099,34.8078983659,-3.26136526848,5.69498181509,-29.2799193233,-2.6305688507,-0.417491006654,-8.93091073708,-3.47408289857,5.64946516087,-14.7179182729,-5.18747876379,0.38690679252,2.61962251341,4.99668601689,-5.54007741141,10.1765606204,12.1156939224
4.6875,60,48,376.060309309,435.945957359,571,0.000273766614448,0.110541041454,-3.65894171571e-08,1.20138133536e-07,2.3538703505e-07,0.000273266074906,0.00297219039582,7.72281360974e-05,3.41919071271e-06,1.76242640496e-06,-7.15451052762e-06,3.9055617424e-06,-1.36444556863e-06,-5.51092901891e-06,2.31190486549e-06,-5.12208654311e-06,-2.61181177681e-06,1.0813202006e-06,-5.33378974239e-06,-4.26886048143e-06,4.60952107087e-06,-1.21354381052e-06,7.69815378526e-06,-1.59978617679e-06,-3.59871611534e-06,1.31409791722e-06,1.8124144542e-06,-6.41543136269e-07,-6.57284167157e-06,-2.73073899871e-06,-2.67378181204e-06,-7.4381297523e-06,161.076126103,7.14181089181,3.66134627448,-14.910059036,8.14661930415,-2.84758311875,-11.4949686163,4.82420194544,-10.6856232646,-5.44937837465,2.25480378356,-11.126306908,-8.90155459006,9.61100957459,-2.52936681801,16.055100002,-3.33323246629,-7.50869621573,2.74119551972,3.77971736588,-1.33644652969,-13.7141054717,-5.69735701287,-5.5785038415,-15.5113644051
4.6875,60,49,435.945957359,505.368083345,422,0.000202328391063,0.0946926419583,3.22411559948e-08,7.35040026623e-08,1.38667640802e-07,0.00020200182966,0.00227409374402,5.70757853469e-05,-3.16881140829e-06,-3.93862614571e-07,2.27066422352e-06,3.72509306218e-06,2.19109400013e-08,4.14793006762e-06,-1.17871852322e-06,-2.97226723296e-06,-8.43542159709e-07,-6.8244650018e-06,-6.81930944329e-06,-6.90979066023e-06,4.25283117576e-06,1.52012585343e-06,5.440329351e-06,-2.52526998272e-06,3.41395304801e-06,-6.37353069647e-06,1.53171649551e-06,1.91881018161e-06,-5.31307747645e-06,-2.89709635676e-06,-1.07979944351e-06,-2.08185908964e-06,119.044002129,-6.60239744938,-0.830089583724,4.74373963724,7.76920154048,0.0456186127411,8.65073477768,-2.45844730698,-6.19855107552,-1.75892398019,-14.236793806,-14.2216878873,-14.4118228999,8.87155541861,3.16984171256,11.3463429394,-5.26655207517,7.11954360935,-13.2910639316,3.19640489319,4.00581141528,-11.0830687445,-6.04238177885,-2.25114710401,-4.34058106418
4.6875,60,50,505.368083345,585.845321772,316,0.000151506567716,0.0821847962169,-1.52204993793e-09,4.46706504023e-08,1.02397881953e-07,0.000151300571864,0.00191993865114,4.27392136721e-05,-2.77900143596e-06,-8.39244835488e-07,5.16090592675e-06,-1.7111268918e-09,1.63658546274e-06,-5.67971317814e-06,-2.76286291106e-06,4.28977997635e-06,-4.96405864916e-06,-1.69871867825e-06,1.78386017013e-06,3.6232411287e-06,-5.51224954654e-06,-3.25159859979e-06,7.81796930431e-06,-5.89780816221e-06,-4.77427257222e-06,-4.60443420612e-06,-5.04264890459e-06,3.0273342004e-06,2.26980265292e-06,4.95858655838e-07,-1.49555156677e-06,-4.28356077879e-07,89.1419542005,-5.79149671272,-1.75651966604,10.7686980511,-0.00236870229117,3.41409098313,-11.845563347,-5.7635216746,8.94758289505,-10.3527404105,-3.54360196405,3.71950309476,7.55945522131,-11.4965414877,-6.78223512781,16.3077279192,-12.3001276542,-9.957862159,-9.60360684748,-10.5176800055,6.31399658714,4.73630220135,1.031794202,-3.12159805216,-0.892181471634
4.6875,60,51,585.845321772,679.138141789,236,0.000113150474623,0.0712078736704,-9.48356683379e-10,2.99941619891e-08,5.24607659088e-08,0.000113011682212,0.00138007020981,3.19191595779e-05,3.9672830345e-06,-1.57976727727e-06,-2.69084483823e-06,-3.00073792326e-07,-3.00845204886e-06,-2.902594357e-06,4.23104577866e-07,1.43673796128e-06,4.90484354679e-07,-1.43983814817e-06,1.84921380501e-06,9.85622749132e-07,4.72330546389e-06,1.52890698372e-06,-3.46879264783e-06,-1.87689264505e-06,-1.83401850127e-06,4.77805008758e-06,3.1946871649e-06,3.52917764357e-06,3.39107989412e-06,-1.2168603966e-06,-4.37036763464e-06,4.59654800402e-06,66.5743708586,8.27744091058,-3.29872756665,-5.60921305752,-0.625938397148,-6.27507607141,-6.05420684238,0.883133388055,2.99632072292,1.02380591152,-3.00276293573,3.85742748472,2.05644531164,9.85148144902,3.1895868077,-7.23556855348,-3.91641202476,-3.82620944018,9.96710647371,6.66314069418,7.36050567385,7.0704473275,-2.53697305958,-9.11410402672,9.58659874322
4.6875,60,52,679.138141789,787.287358098,174,8.34245024763e-05,0.0608978045645,-4.97135373604e-10,1.67686788959e-08,3.66757476294e-08,8.33367957437e-05,0.0011478616209,2.35336176549e-05,-1.37553850399e-06,-7.78467829427e-07,1.06675071961e-06,-4.29883197882e-07,-4.46448717407e-06,-4.00369529888e-06,-2.12809336002e-06,-1.30324441969e-06,2.964122861e-06,4.54541122514e-07,1.56495067292e-06,-9.59769242849e-07,-4.81624532147e-07,-3.43389976e-07,-6.06157047573e-07,-1.44933553879e-06,-6.04737299645e-07,1.04314633442e-06,1.8908080307e-06,2.7864419437e-06,-5.36202158206e-07,5.33298827812e-06,-3.12540525916e-06,-6.01547700517e-07,49.0844937687,-2.8673901261,-1.62601499208,2.22688260948,-0.896882147078,-9.31149260195,-8.35060844194,-4.43889753413,-2.71816586028,6.182271593,0.947342090264,3.26499436104,-2.00030268263,-1.00497283287,-0.71492830339,-1.26440493396,-3.022179876,-1.26234499888,2.17469846755,3.94322961504,5.81178698413,-1.11796808989,11.1221267041,-6.51872395814,-1.25557196592
4.6875,60,53,787.287358098,912.658774529,128,6.13697489481e-05,0.0519000149761,-2.90413391565e-10,1.28092879642e-08,2.01325510405e-08,6.13135534763e-05,0.000869740083751,1.73120865507e-05,-1.83391897611e-06,-3.55041328743e-06,3.88510219119e-07,-3.00721695699e-07,1.80880265581e-07,-2.0098837072e-06,-3.62978627462e-06,4.08786767174e-08,-3.7779695997e-08,7.66864815465e-07,-1.29630948355e-06,2.85482802818e-06,-8.9806231989e-08,-1.47015777374e-07,-2.24988600135e-06,-4.52768221476e-06,2.45532567767e-07,2.10810574264e-06,-5.34704938884e-06,-2.07075679476e-06,5.79460071443e-06,5.45472785123e-07,3.25432629224e-06,5.0200335186e-06,36.1081333471,-3.82387136644,-7.40664466425,0.811476725123,-0.627415898141,0.377124760653,-4.19130678321,-7.57099665664,0.0855832587463,-0.0779227938981,1.5995988864,-2.70475560553,5.95464588944,-0.18666150525,-0.306874966656,-4.6924552878,-9.4425045944,0.511667354021,4.39665091155,-11.1518867313,-4.31930279001,12.0864537138,1.13794196185,6.7876615408,10.4701931543
4.6875,60,54,912.658774529,1057.99493686,64,3.0684874474e-05,0.0292878481559,-1.06213002942e-10,6.2491992914e-09,1.05329121486e-08,3.06611103174e-05,0.000484579225705,8.65604327536e-06,2.54482604699e-06,1.7699543216e-06,-6.16862518344e-07,2.27708194712e-06,1.76895288208e-06,3.53717454725e-07,6.12305650339e-07,1.35620525896e-06,-1.21957969705e-06,4.94302661317e-07,1.83887865695e-07,-6.17800421178e-07,-4.21331893154e-06,4.89581229578e-07,-1.54039237004e-06,8.20430942206e-07,-1.65149545848e-06,-1.41338457032e-06,1.80589444168e-06,3.08302992948e-08,5.80613258904e-07,2.27683964682e-06,-4.62563387112e-07,-8.19236047585e-07,18.0540666735,5.30834553364,3.69091438164,-1.28609236953,4.74947014762,3.68943026033,0.737648856495,1.27695819505,2.82854853673,-2.54355050286,1.03096946524,0.383697971985,-1.28890076624,-8.7879529298,1.02121510922,-3.21287779635,1.71051752176,-3.44395185817,-2.9482106533,3.76629519324,0.0646050326799,1.21149388259,4.74848494161,-0.964651433635,-1.7087700215
4.6875,60,55,1057.99493686,1226.47512703,0,0,0,0,0,0,0,0,0,0,0,0,0,0,0,0,0,0,0,0,0,0,0,0,0,0,0,0,0,0,0,0,0,0,0,0,0,0,0,0,0,0,0,0,0,0,0,0,0,0,0,0,0,0,0,0,0,0
4.6875,60,56,1226.47512703,1421.78491108,0,0,0,0,0,0,0,0,0,0,0,0,0,0,0,0,0,0,0,0,0,0,0,0,0,0,0,0,0,0,0,0,0,0,0,0,0,0,0,0,0,0,0,0,0,0,0,0,0,0,0,0,0,0,0,0,0,0
4.6875,60,57,1421.78491108,1648.19676227,0,0,0,0,0,0,0,0,0,0,0,0,0,0,0,0,0,0,0,0,0,0,0,0,0,0,0,0,0,0,0,0,0,0,0,0,0,0,0,0,0,0,0,0,0,0,0,0,0,0,0,0,0,0,0,0,0,0
4.6875,60,58,1648.19676227,1910.663523,0,0,0,0,0,0,0,0,0,0,0,0,0,0,0,0,0,0,0,0,0,0,0,0,0,0,0,0,0,0,0,0,0,0,0,0,0,0,0,0,0,0,0,0,0,0,0,0,0,0,0,0,0,0,0,0,0,0
4.6875,60,59,1910.663523,2214.92675006,0,0,0,0,0,0,0,0,0,0,0,0,0,0,0,0,0,0,0,0,0,0,0,0,0,0,0,0,0,0,0,0,0,0,0,0,0,0,0,0,0,0,0,0,0,0,0,0,0,0,0,0,0,0,0,0,0,0
4.6875,60,60,2214.92675006,2567.64231331,0,0,0,0,0,0,0,0,0,0,0,0,0,0,0,0,0,0,0,0,0,0,0,0,0,0,0,0,0,0,0,0,0,0,0,0,0,0,0,0,0,0,0,0,0,0,0,0,0,0,0,0,0,0,0,0,0,0
4.6875,60,61,2567.64231331,2976.52599522,0,0,0,0,0,0,0,0,0,0,0,0,0,0,0,0,0,0,0,0,0,0,0,0,0,0,0,0,0,0,0,0,0,0,0,0,0,0,0,0,0,0,0,0,0,0,0,0,0,0,0,0,0,0,0,0,0,0
4.6875,60,62,2976.52599522,3450.52227654,0,0,0,0,0,0,0,0,0,0,0,0,0,0,0,0,0,0,0,0,0,0,0,0,0,0,0,0,0,0,0,0,0,0,0,0,0,0,0,0,0,0,0,0,0,0,0,0,0,0,0,0,0,0,0,0,0,0
4.6875,60,63,3450.52227654,4000,0,0,0,0,0,0,0,0,0,0,0,0,0,0,0,0,0,0,0,0,0,0,0,0,0,0,0,0,0,0,0,0,0,0,0,0,0,0,0,0,0,0,0,0,0,0,0,0,0,0,0,0,0,0,0,0,0,0
6.953125,89,0,0.3125,0.362263999424,75,3.59588372743e-05,9.34007675453e-06,-4.02186839277e-07,3.90988022942e-07,8.62229183922e-07,3.34259758969e-05,1.65643565624e-06,1.01438007133e-05,-1.85564532835e-06,4.28355792141e-07,6.86912170261e-07,7.60840134293e-09,2.08049767263e-07,-9.72470400941e-07,-1.18493532529e-06,1.60561316307e-06,-1.41154871656e-06,1.99553872874e-06,3.28045765464e-07,9.11062183748e-07,-8.34983431796e-07,-6.27796805699e-07,7.6585045207e-07,1.27538537269e-06,2.11042835112e-08,6.09877084331e-07,-1.81475215861e-06,-9.98657240383e-07,2.27724776618e-06,-5.93951018994e-07,-8.83768985525e-07,2.50054202643e-06,21.157109383,-0.784063987021,-2.8837436101,4.34764331402,0.279411386933,-0.0105035103247,-1.70107149674,-2.35408373015,2.86653554801,-2.39120231019,4.35682042326,-0.266541852387,2.18536233765,-1.37128312644,-2.23194513637,1.33407269844,3.39058709814,1.9387916194,-1.17215198573,-2.07684514694,-1.93147009806,2.46674234407,0.671503914232,-5.0345161241,4.9159988583
6.953125,89,1,0.362263999424,0.419952656891,50,2.39725581828e-05,9.35204484873e-06,3.28965655863e-07,2.83457657091e-07,5.04765659915e-07,2.22497955317e-05,1.53574300198e-06,6.76253380888e-06,-1.91255047937e-06,-2.02960965983e-06,6.19547552984e-07,1.55217534251e-06,4.83392234028e-07,-1.78230459953e-06,-1.14767829223e-06,-1.85863490213e-06,1.67168473231e-06,6.29613684334e-07,9.33872957689e-07,3.22635533737e-07,8.86562387547e-07,2.60946566595e-06,9.7424817129e-07,-2.31938611958e-06,7.77392531048e-07,-6.32166504873e-07,7.60229185949e-07,3.14022633884e-07,3.83481853506e-08,-4.03416351317e-07,3.16170734505e-07,7.37572746924e-07,14.1047395887,-3.11192297688,-5.74117665608,2.35640570216,2.94673364202,1.43728756195,-3.08240957522,-3.17633399232,-3.39979877076,4.13371751975,0.569601861444,1.33100404133,1.44399359114,2.08678509315,5.09328028317,1.45309723088,-3.54695971626,1.71639714032,-1.20974272106,1.44011060024,0.557121100285,-0.937242394906,-1.80925714222,0.622564052974,1.21288991934
6.953125,89,2,0.419952656891,0.486827932973,62,2.97259721467e-05,1.36775908167e-05,-8.85661282958e-07,3.32807967414e-07,7.16036742725e-07,2.76444807962e-05,2.41190907155e-06,8.38554192301e-06,1.97543302961e-06,8.18679815789e-07,6.46101529741e-07,-7.51577841334e-07,1.04172300275e-06,4.84175942082e-07,-2.87411499852e-07,1.19100617865e-06,1.81366413046e-07,5.15058800162e-07,2.15702601564e-07,1.23224043679e-06,1.6353443904e-06,-3.04393777819e-07,1.04760225252e-06,1.16180907244e-06,-1.56705383887e-07,3.88539853727e-06,1.9523589419e-07,8.6395088248e-07,-1.90703359682e-06,1.49454169894e-08,1.18459706038e-06,-2.06121242994e-06,17.48987709,5.45380693345,0.233744512948,2.58444282302,-0.793179349909,1.79401172656,0.641420668938,-0.396950859607,2.10720129447,0.0759590097843,2.19903688311,-0.0325111461841,2.74567881139,2.73329467115,-1.43934163555,2.75177207045,2.46586763658,0.314007934619,8.0739007345,0.725571013578,0.998306540862,-3.87698613557,-0.0410907317073,2.03414123141,-3.43556577046
6.953125,89,3,0.486827932973,0.564352748896,90,4.31506047291e-05,2.28203100226e-05,-2.65500797566e-07,4.66166957202e-07,1.15551869676e-06,4.02046011711e-05,4.26045689804e-06,1.2172560856e-05,-2.89624640752e-06,1.44949882028e-06,-3.45148504966e-07,-1.21013940701e-06,5.57464147974e-07,-1.10374400096e-07,-1.88881015339e-06,-2.51730157545e-06,3.10465972346e-06,-5.28939144025e-07,3.52604925069e-07,1.29871215488e-06,7.28668537335e-07,-3.17348842442e-07,-1.38286818987e-06,2.61638834013e-06,-6.7625072063e-08,1.3562861637e-06,8.91739174928e-07,-1.44813570156e-06,2.91959292586e-06,6.20640321886e-07,-6.7651538781e-08,-1.00582825449e-06,25.3885312596,-4.56989978557,1.20451046568,0.990284241404,-3.38810622809,1.89429730599,-0.232693434055,-3.49620772573,-5.03497033488,5.11837729643,-0.521837257686,0.394808090662,2.01515788973,2.32803151947,-0.287046842013,-3.4519156356,6.07760319133,-0.825960290079,3.77582760293,2.08071164533,-3.8596479012,6.57060200474,1.21399657628,-0.766284919191,-2.49954223351
6.953125,89,4,0.564352748896,0.654222988482,148,7.09587722212e-05,4.35807584994e-05,-6.81921310951e-07,1.02615927692e-06,1.784478768e-06,6.62226733784e-05,7.8703596074e-06,2.00171000743e-05,-6.30753878218e-07,-8.47911131679e-08,1.39554235837e-06,3.06314476874e-07,-1.70143514187e-07,-2.76549662178e-07,-2.91386649682e-06,5.53852554335e-07,-5.21701290536e-07,5.0742131828e-07,1.19725071157e-06,1.0919818923e-06,-1.8845327207e-06,-2.12544786253e-06,-5.33601608895e-07,-3.32800830794e-07,-3.1676792573e-06,-4.37201883663e-07,1.32011959053e-06,-1.74474981397e-06,3.40574925632e-06,-2.84341720475e-06,-3.29043714656e-06,3.32286885145e-06,41.7500291825,0.753862078654,-2.6844238292,4.99393207339,0.80883176165,-0.340825543871,-0.496791959021,-6.34060739263,1.26943752841,-0.892872734496,0.698254002539,2.33224925467,1.83070712116,-2.6367541209,-4.47642856793,-1.93420764877,-1.09934303366,-6.68735185252,-0.841396984057,2.04921219649,-3.95740380751,7.44531221971,-5.1906118895,-7.12169868185,6.6198764822
6.953125,89,5,0.654222988482,0.758404596232,258,0.000123698400223,8.77461616451e-05,2.09787624361e-07,1.40124258694e-06,2.63344329045e-06,0.000114798519059,1.46139359522e-05,3.48946744538e-05,-1.97419945673e-06,9.46846821168e-07,2.43105635331e-06,-6.74260823403e-08,-3.17870278831e-07,1.65734981782e-06,-2.30184467983e-06,1.04120113421e-06,-2.29354096423e-06,2.29711958704e-06,-6.25845370943e-07,5.06954976595e-07,3.17660527451e-06,-1.10068809927e-06,-4.88617797533e-06,1.01088766562e-06,-9.58252379224e-07,6.69164314369e-07,-2.12825775138e-07,-9.69783760326e-08,-2.33639948273e-06,-7.09963829938e-07,-3.09224086553e-06,4.81291270694e-07,72.7804562777,-0.920252917483,-1.82020104101,8.39865273788,-0.0197454627816,-0.635824412562,3.17803489898,-4.8233752438,3.21215772199,-4.70783803866,4.25765792988,-1.18760868928,1.23051308476,6.87820382258,-2.51913211202,-10.371651796,-0.381992517908,-1.57631720417,1.73579966965,-0.736913900028,-0.539206364912,-5.68809347677,-1.23498084652,-5.9752208495,0.0869381339046
6.953125,89,6,0.758404596232,0.87917658308,394,0.000188903758481,0.000154929675356,1.0066718457e-06,2.33902762524e-06,4.66162546561e-06,0.000175943249509,2.79195661458e-05,5.32887664139e-05,4.16650275457e-08,-2.57493350489e-06,-5.98888842093e-08,-1.95902258949e-07,6.30154795154e-07,-4.11796089618e-07,3.49375967883e-07,-2.63755600828e-06,1.04198349458e-06,6.2687883481e-07,-9.44296660307e-07,-2.05570977963e-06,2.91857159122e-06,-1.54202108569e-06,1.77286242767e-06,-1.35765142734e-06,-3.2409166404e-06,-1.45546441859e-06,-2.78264656471e-06,-3.43919178698e-07,-6.50411856662e-07,1.21730760642e-06,-9.68376220394e-08,-4.37580716963e-06,111.145347959,4.16300651397,-10.6714350987,4.50717409189,-0.16263822248,0.709476652396,-0.78301511546,0.525143232604,-5.70068079944,1.30499979258,1.34506403982,-2.31894619016,-4.02842897759,5.95939771906,-2.35128881702,3.92561824658,-3.37801820055,-6.89316721823,-3.59574915625,-5.59102801073,-0.583236498916,-2.8302473514,3.41113020796,-1.23544499292,-7.9889270618
6.953125,89,7,0.87917658308,1.0191808806,562,0.000269451553975,0.000256648701782,1.37731171518e-06,3.33436605367e-06,6.05354322174e-06,0.000250543743749,4.3774934492e-05,7.60108800118e-05,3.62395814342e-06,4.99654841169e-06,3.30573112957e-06,-5.12747170432e-06,1.49169716212e-06,-1.76363274003e-06,-2.07786733981e-06,1.60995814166e-06,-8.91230433308e-07,2.54159601032e-07,1.29189974676e-06,-2.56893779834e-06,1.93507823381e-06,-6.0130554768e-07,2.3601377633e-06,-1.34948832146e-06,-2.64774170978e-06,4.82665092567e-06,2.43227656048e-06,-2.96890963135e-06,-2.11947464549e-06,-1.55875733581e-06,3.59457137899e-06,2.30257836228e-06,158.537272977,12.8523918004,3.91304458831,12.455882381,-9.74032261362,2.94506498729,-4.88948987564,-4.29176128336,3.21577259582,-2.089558505,1.98124160153,2.21466356179,-5.32034905299,3.58377802879,-2.06790302423,5.67740654172,-2.54702620809,-5.35811065065,10.2420655706,4.85146524069,-5.98015757856,-5.00895126268,-3.21884268819,6.95658313954,5.35599485073
6.953125,89,8,1.0191808806,1.18148013421,895,0.000429108791473,0.000474349802341,1.00911459904e-06,5.0668608961e-06,9.56125271107e-06,0.000398816079044,8.0338123447e-05,0.000121049355179,-1.04727106057e-06,-6.7761537215e-06,1.63307928607e-06,2.81245862781e-06,2.6435939865e-06,2.52118824371e-06,-2.39140142918e-06,1.13420852695e-06,-1.78707371856e-06,8.52058980525e-06,3.3022658829e-07,-3.20926308337e-06,4.15019795583e-06,2.81843535722e-06,-4.87253955085e-06,2.15436441833e-06,1.08383310186e-06,-1.38173786477e-05,4.12617021178e-06,1.78143470206e-06,-2.03793827888e-06,-2.65462878589e-06,2.03051357535e-06,-4.39258097822e-06,252.474838638,4.84969248287,-22.8943570987,10.9047305398,6.37252918172,4.70748754584,5.49103190415,-6.01614994845,3.07511305938,-3.89904640308,16.3577695982,1.63933622487,-6.88712892625,9.76545740256,4.79295641455,-9.89295688762,3.37636281087,4.27293313067,-29.9079968234,8.37642180035,3.67224464863,-6.43125686557,-4.50708210047,4.08100589967,-8.61895990349
6.953125,89,9,1.18148013421,1.36962469971,1431,0.000686094615193,0.000878616818195,2.96538099863e-06,7.93235753245e-06,1.67596188149e-05,0.000638692573522,0.000157710473728,0.00019354371761,-6.2861079475e-06,-9.72541093894e-06,-2.6256891735e-06,-2.80685971152e-06,-1.48668855059e-06,-3.654316223e-06,-3.2432317175e-06,-2.29430717027e-08,-7.10404739479e-07,4.9017260421e-06,-5.21428873587e-06,-1.57532055639e-06,4.06134459269e-06,-1.22698116064e-05,-9.02346783351e-06,-9.39242483194e-07,-1.93045628388e-06,1.1557294142e-06,4.55337203102e-06,-1.1595370744e-06,-6.9770997533e-06,5.94336885051e-06,-3.5125043145e-06,5.77877916448e-07,403.677647028,-3.475650636,-32.5031896194,5.00553359752,-6.38474214281,-4.25727851339,-6.48130204723,-6.95027996498,0.185283564311,-1.60954221965,10.0600944803,-10.2818649177,-2.53799486088,7.67935672268,-25.1985383115,-18.6331944548,-3.97379043252,-4.83303092777,0.358904929376,9.35367123389,-1.47894061413,-13.6756346858,14.6259043807,-8.54117815226,0.947079767094
6.953125,89,10,1.36962469971,1.58773030856,2187,0.00104855969492,0.00155785703154,6.04801982713e-07,1.19140823681e-05,2.40619224488e-05,0.000975006261478,0.000270452582018,0.0002957932288,-4.29502576811e-06,2.44554900433e-06,-5.25743673487e-06,8.83343985719e-06,-3.76344809826e-06,-8.87087977135e-06,-5.8530411832e-06,1.56238117009e-05,1.95637145161e-07,1.81493545818e-06,6.51391227844e-06,5.00375631467e-06,2.69283498271e-06,6.09186160281e-06,2.56123426694e-07,-4.80656627361e-06,3.72355727809e-06,2.44724546968e-06,9.369796726e-06,1.08805909352e-05,-1.25058032029e-05,3.25039999583e-06,2.35745119279e-06,-1.21080501762e-05,616.941309609,3.6888309747,-11.0420742495,2.29396346532,18.1939506434,-7.11252653513,-18.3658492196,-11.9153727036,32.6360235557,2.00201020234,2.68772790563,14.4709596538,12.6771155548,4.36716492415,10.960851877,2.19650498252,-9.84942452665,8.79824979539,5.98912216198,17.57258212,22.557826708,-27.5728599519,5.44447626635,5.99266798824,-26.1523750046
6.953125,89,11,1.58773030856,1.84056810108,3389,0.00162485999363,0.00279278616682,-8.29611527095e-07,1.87503736088e-05,3.70437224685e-05,0.00151135276014,0.00048153402315,0.000458364541566,-7.60848608734e-06,-1.25402817483e-05,-3.00615681377e-06,9.64600731266e-07,-4.88475063518e-06,6.715778768e-07,-1.95343714754e-06,-2.33971369122e-06,9.32414323572e-06,-6.24021733436e-06,-5.88693118008e-06,3.76905258732e-06,3.21505810454e-07,4.81610527472e-06,-3.18867078824e-06,7.74759639643e-06,3.79013452186e-06,1.43381399144e-05,1.08291006771e-05,-3.48079399708e-06,-2.42241479774e-06,-7.57795343887e-07,-6.29822363171e-08,-6.67115933843e-06,956.019249322,1.02670680035,-47.568519401,12.3317272849,1.09768936922,-10.4207622807,2.80818228253,-4.65784914036,-4.61611005106,19.0247345847,-12.7124470419,-11.813564247,7.44982473302,0.200555994941,9.90379038248,-6.96430869132,16.0633986625,7.2044398277,29.7987565835,25.0226930423,-7.70850175346,-5.08744041824,0.0715464158323,0.032837639751,-14.5451874607
6.953125,89,12,1.84056810108,2.13366899682,5009,0.00240157087876,0.00479196191154,2.57861997537e-06,2.79559913728e-05,5.52891841066e-05,0.00223517742631,0.000830535041926,0.000677470636973,-1.14154354111e-05,-6.2400935879e-06,6.12816747044e-06,1.04246626276e-05,1.66857999065e-05,-9.41759147814e-06,2.1957602637e-05,-3.92752642147e-06,-7.17176420268e-06,-1.08996689019e-06,-6.40683631246e-06,8.8842024448e-06,4.37552929354e-06,-7.48954421491e-06,-3.02213043484e-06,2.41651936208e-06,8.31033031386e-06,1.66764603654e-05,1.52703495887e-05,-7.38194062076e-06,-8.39500969403e-06,-7.46747640254e-06,-1.46363301189e-06,-4.59029219056e-06,1413.012812,-2.14267641305,-41.1060473708,36.6525417427,21.7936549353,34.6338029142,-18.8252604684,45.4805276481,-7.36776357015,-14.3993002155,-0.67348646342,-15.2013258752,17.1678112321,6.15999519502,-16.0081792985,-7.10824561818,3.01119113949,17.6634632347,34.0207327957,33.7005441442,-17.2987017746,-17.4411994928,-13.792824329,-3.30985934462,-9.08814614366
6.953125,89,13,2.13366899682,2.47344468555,7835,0.00375649986725,0.00868255929992,-8.22769981066e-07,4.35790841179e-05,8.7744597385e-05,0.00349874884981,0.00151305236175,0.00105968904785,-9.38309039592e-06,-1.4966958594e-05,-1.61100481981e-05,-5.68845585296e-06,1.3347462397e-05,-1.35500927447e-05,2.24939041624e-06,1.26854087936e-05,-4.90940299113e-06,9.10580240904e-06,1.31109439436e-05,-2.41132060388e-05,-4.65891795041e-06,1.94230119446e-05,-2.7183039769e-05,5.01998243274e-06,-9.61125727551e-06,-1.85153925448e-05,-3.02531295216e-05,-8.9631169973e-06,-1.28172081368e-05,1.85533539399e-05,-1.16410024406e-05,2.11952054321e-07,2210.21269355,9.96682647128,-68.6061459812,-1.82849027722,-12.7231780077,27.6431141146,-27.8491788011,3.48269534359,27.3206053527,-10.4120739515,18.57690323,25.6195874203,-49.0052785238,-11.3351504508,40.9700755275,-56.024569164,9.73166762572,-18.8409588398,-38.5628845597,-64.6826460751,-17.6570066342,-28.8679189252,37.0925856795,-22.8814483517,-2.15023022911
6.953125,89,14,2.47344468555,2.86732788526,11710,0.00561437312642,0.0150457279798,6.51909521141e-06,6.46533929827e-05,0.00013012907863,0.00523128152126,0.00260934733433,0.00158378541804,-5.80458658995e-06,-3.49826023256e-05,-2.51002615667e-05,3.22547544892e-05,8.2537185831e-06,2.99771262599e-06,1.29515218033e-05,1.95169382452e-05,-1.04546450029e-05,-1.77689494225e-06,-3.32803216686e-08,-1.32900640805e-05,4.04710428473e-05,-4.11732246587e-06,1.05119846789e-05,-2.68834176825e-05,-5.18097888873e-06,-9.20859099281e-06,1.78913728439e-05,1.70894556303e-05,1.06886011554e-05,-1.39279294778e-05,3.07417790733e-06,1.12519168808e-05,3303.33001167,25.4943676093,-120.80214526,-11.5064273216,67.2747412532,15.9580143096,7.077752291,27.4881495788,40.187123437,-18.8396883647,-4.15271262378,0.440122828214,-28.3784475378,84.7035735036,-9.64070238807,21.9812791539,-55.8658376994,-10.4362007318,-17.842429834,35.2866835929,35.6226974622,18.2299937779,-26.7158675696,5.4002177909,25.380509691
6.953125,89,15,2.86732788526,3.32393493559,17754,0.00851217595956,0.0264247248836,4.90423012216e-06,9.6550741618e-05,0.000192275556118,0.00793311835399,0.00451780819265,0.00240124050486,9.20894262314e-06,2.19195408723e-06,3.648801717e-05,2.34430155316e-05,6.64910158887e-06,-5.76700097091e-06,2.7953430349e-05,-7.78808495698e-06,-2.16762488439e-05,-1.37313996374e-05,-1.60766465506e-05,1.57497631079e-05,1.22475891307e-06,3.66763574479e-06,-1.12932520388e-05,-2.69811629709e-05,1.57604030245e-05,1.30146036668e-05,3.78720960489e-05,-1.45794159697e-06,-2.05489268812e-06,-1.1481721986e-05,3.86149429268e-05,5.90474455725e-06,5008.31093315,68.2010145719,-58.1433808901,130.07575005,50.2221429397,13.3084723299,-12.0890665505,57.1079301116,-14.7604987449,-43.351646225,-27.2194630701,-33.5175253562,31.5140205734,0.874538919435,6.63604781567,-23.3431689351,-59.8186880257,34.9268523358,27.8164540282,80.8840148308,-3.83837006193,-2.69201160254,-24.341910831,81.2728938503,15.2460215669
6.953125,89,16,3.32393493559,3.85325428349,25819,0.0123789495945,0.044551016924,-3.57187429174e-06,0.00014073421227,0.000279935734804,0.0115499513558,0.00758888466033,0.00349203720823,3.66352364835e-05,-2.81019158252e-05,-4.15325096965e-06,2.24319184122e-05,-1.41694728257e-05,-1.64875017853e-05,2.58995629578e-05,-2.29668881432e-05,-1.8044251075e-05,-6.4317643967e-06,6.40066639695e-06,1.32858467001e-05,-2.63195455481e-05,1.54690473831e-05,6.05316756311e-06,-6.46232495888e-06,-2.68217780527e-05,-3.93255130418e-05,5.51204834298e-06,2.45854777744e-05,3.76681969957e-06,-2.31336330453e-05,2.84001172459e-05,4.86224008355e-06,7283.40542881,137.558617712,-136.981944186,58.9324378845,48.0546002232,-30.9740459317,-33.2725820997,52.5772668745,-48.4476808666,-38.0209175853,-13.7447265977,13.8962592044,28.6871712556,-54.7740089595,33.2365519887,11.8507666507,-14.7711925947,-53.8412660397,-81.3165364833,10.4638191925,50.2340967244,8.80895449784,-50.681998415,59.8601377294,13.1114384852
6.953125,89,17,3.85325428349,4.46686498411,37204,0.0178375010927,0.0743816992236,5.02872931538e-06,0.000199202286337,0.000400017841104,0.0166612208203,0.0125635894634,0.00503186615651,-2.1686746695e-06,-4.73001113798e-05,-3.3961061762e-05,-1.8378567027e-05,3.53811164264e-05,-4.61957751319e-06,4.1996260534e-05,3.05693744972e-05,-6.51535097675e-05,-1.1446841662e-05,-1.11078313336e-05,-4.43699865194e-07,-5.42437688428e-05,-4.02934628102e-05,2.20044323593e-05,2.68606040207e-05,1.10908255059e-05,-5.61682236021e-05,3.50242989141e-05,2.15015473221e-05,-3.65255120916e-05,-6.98090085679e-06,-2.37970498547e-05,1.11720276845e-05,10495.0546332,72.626827179,-196.166777642,13.0958515697,-37.8713862919,72.1953648242,-7.16860648783,86.7251271261,62.9858861048,-135.93430054,-23.6567120386,-22.1697033739,-1.41407634657,-114.382718125,-84.9933503931,46.2282190204,53.4286177635,22.5623949982,-116.748400455,73.4484367765,46.4596838709,-74.2128043899,-12.6309480572,-51.197602131,25.5843304701
6.953125,89,18,4.46686498411,5.1781899969,52322,0.0250858437849,0.121247755007,-1.41274737348e-05,0.000276047406963,0.000554649096801,0.0234649612935,0.0202296048911,0.00707658587896,2.64516474839e-05,4.5601584421e-06,5.73029725109e-06,3.98582824549e-05,1.91851084759e-05,6.52909529827e-06,1.00640749081e-05,-3.77892809603e-05,3.15820032011e-06,-1.00621121482e-05,5.07932359285e-05,-8.13838995094e-06,7.45498089784e-07,-2.29908346379e-05,4.02447276324e-05,-2.77395492761e-05,-9.07886495931e-06,5.8945379942e-05,2.56423860316e-05,-3.29687686948e-06,-4.8504610891e-06,1.53196152502e-05,-2.04295905862e-05,-4.6569969451e-05,14759.7636952,147.649711252,-108.052190638,113.469657113,84.5450128082,39.6679380597,12.6628274964,20.6589005364,-79.9286139011,6.48606122742,-20.2562152822,104.996670693,-17.8656869716,0.469774994609,-46.7135132575,83.0171236944,-56.0164961975,-19.7925535308,124.513746273,50.3815017292,-8.02564130992,-11.6414971409,31.0000401296,-44.3590723504,-95.0261561255
6.953125,89,19,5.1781899969,6.00278981776,72144,0.0345895247509,0.193732522282,5.86432863591e-06,0.000375247986717,0.000748228261677,0.0324119809779,0.0317980085917,0.00975752478215,-7.83372803493e-06,2.6201424695e-05,-1.34090418729e-05,7.02662213753e-05,2.63427253243e-05,-1.2582811919e-05,7.59609102019e-06,2.09049039141e-05,2.42528498607e-05,-1.67836931125e-05,-4.40739029859e-05,-3.98153268211e-05,-0.000102302177886,-3.7904662934e-05,8.39456005435e-06,-1.06512325611e-05,0.000129550964002,-5.97296851449e-06,2.74385173705e-05,-0.000111034575923,1.62866852768e-06,6.35928028853e-05,-4.51037950279e-06,-5.76090749164e-06,20351.4466577,93.6465687878,-85.0267708222,92.0200761209,145.987011332,54.0801147438,-25.7012949143,14.9100863681,42.7398494216,54.2871814962,-37.4960297259,-92.714210037,-85.6360980452,-215.926083351,-80.3192452719,17.118802789,-21.942767185,267.90626941,-15.2560065099,58.8966128664,-229.239713716,7.1503373066,132.690777675,-9.90088653952,-10.4530471036
6.953125,89,20,6.00278981776,6.95870287067,95073,0.0455828604823,0.295844697533,-4.56394459825e-06,0.000480489955766,0.000961044384252,0.0428049832395,0.0475882786448,0.0128586875362,1.74325435809e-05,-1.03577162874e-05,-3.91711630774e-05,5.77806306773e-05,-1.065958712e-05,9.07024425971e-06,2.87017829e-05,-2.2898587935e-05,-4.41729465812e-05,2.82893219388e-05,-1.49829288738e-06,1.75603434298e-05,-1.36923679423e-05,-2.03142133135e-05,-1.15902269315e-05,4.68496506469e-06,-7.53618495843e-05,8.90485535733e-05,1.17041379443e-05,-1.72952368736e-05,-9.23085819177e-05,-7.57809236162e-05,-2.37744763291e-05,3.22207663237e-05,26819.5981383,160.854567442,-179.777011522,54.8348680376,121.151253124,-23.2402175961,19.6871462506,59.6995992404,-48.126170027,-91.8678081372,59.7727216225,-4.64910560189,36.7964787225,-30.7139923618,-42.0084125172,-26.5992771773,7.25745904617,-155.501451034,184.903064942,26.4610365252,-37.2623045829,-194.392244404,-159.301339467,-50.3039693808,67.9627583578
6.953125,89,21,6.95870287067,8.06684010473,119987,0.0575279067737,0.432649739836,-4.86055063433e-06,0.000587818515968,0.00118017345536,0.0541686730539,0.0680573308099,0.0162283228825,-1.57934118947e-05,-6.59879388459e-05,9.35717480405e-05,-8.00917718794e-05,6.27947809688e-05,-3.10193907601e-05,4.05003285079e-05,6.3441326216e-05,1.78035473147e-05,-1.39237850445e-05,-7.03799198334e-05,1.50405794883e-05,3.8969313277e-06,3.35912542686e-06,-5.97560202971e-05,-1.95774389834e-05,5.16940280441e-05,7.08739574929e-06,1.27302668469e-06,-2.49846551492e-05,-1.65747688448e-05,8.33731839747e-06,6.05787488294e-05,-4.29465797724e-05,33847.7077806,103.242646051,-309.709745043,343.476228215,-166.664555923,129.694173774,-63.6494396108,82.2974319525,133.985682598,37.0227533931,-26.677196408,-147.737833107,30.8074448499,6.66949895626,4.9465766434,-121.386820917,-39.5058422523,108.060374696,12.577936936,5.38836874489,-51.2424122089,-35.6709377687,18.4098003854,126.231530244,-91.0758798351
6.953125,89,22,8.06684010473,9.35144242897,144718,0.069385213502,0.604426877278,1.46555667244e-06,0.000686061433997,0.00136637861923,0.065537605271,0.0922626948015,0.0195732073551,-3.62653675384e-05,-1.20127607279e-05,-4.00293608449e-05,-7.11694957061e-05,5.70600709047e-05,2.5244628432e-05,4.33928610137e-05,0.000114635918035,2.90206367218e-05,6.86692795096e-06,-3.65014080647e-05,-1.82162546539e-05,-0.00012823383716,-0.000115231136101,-3.67011426444e-05,4.35605356808e-05,1.62951941241e-05,-6.57009033703e-05,-4.23461011424e-07,4.26550530404e-05,-7.68513137371e-06,-7.18810584682e-07,3.49402100965e-05,6.45622926431e-05,40824.1940759,65.622999649,-203.200190738,70.1896934943,-149.382121357,117.977375175,54.0322444226,89.9209847204,238.283141169,61.1128448983,15.5526130292,-75.4586178288,-38.5236023669,-267.360918265,-242.173925797,-74.8876124059,91.7915428521,33.0901731561,-138.351819456,-0.740279131831,89.2278179145,-12.8706107198,-1.10999562773,71.9050253141,134.095898299
6.953125,89,23,9.35144242897,10.840610991,165095,0.0791549898639,0.798643243821,-2.49742622135e-06,0.000742819574229,0.0014762283276,0.0750216843338,0.117153165135,0.0223292103835,7.19602487329e-05,4.82816258711e-05,5.78011552842e-05,4.12045124426e-05,7.27391877877e-06,1.16515435517e-05,-4.03601833175e-05,4.80106896402e-05,6.75296821653e-07,-1.14730511271e-05,1.30921834483e-05,-0.000119326926204,-7.29379056002e-05,-9.08331557287e-05,-0.000111018311337,8.99294580186e-05,3.88360639246e-05,-1.83368585016e-05,-3.88473200243e-05,-5.82486632202e-05,-7.05239766044e-05,3.73576127348e-05,0.000123787669215,3.13150976433e-05,46572.4396479,287.876875437,-73.6111019862,270.846232436,86.3844891716,13.9808222541,22.8557633901,-85.0014757824,100.074601926,2.06929662121,-24.4779472541,27.0034531778,-248.718227838,-152.850826031,-191.218235158,-231.431485101,186.105948362,82.1094441077,-39.6349982893,-82.5778107714,-120.497984366,-146.572101715,76.525059958,259.746327057,64.0235787717
6.953125,89,24,10.840610991,12.5669219002,177563,0.0851327869723,0.995077218966,8.29480669703e-06,0.000756715175488,0.00150101943281,0.0810063435976,0.140101729356,0.0240155158141,-7.24791359783e-05,4.33898770893e-05,-7.59789891733e-05,2.44123876762e-05,9.8672154668e-07,7.55293575894e-06,-0.000112255597941,-6.6008211447e-05,4.20273537292e-05,5.4268970191e-05,-6.665779047e-06,-7.61194821959e-05,-4.46687018987e-05,-6.23858567286e-05,-4.19673984107e-05,0.000104009922193,-2.71518330536e-06,7.91475709137e-05,-2.45415145375e-05,-0.000177058258558,9.06515456706e-05,7.63762014432e-05,-3.19811829206e-05,1.63506924672e-05,50089.5975117,-24.1729018531,-70.3511714504,-19.5460130587,49.9771441773,1.98480732619,15.6967755583,-233.922050145,-138.014801847,86.8519109845,112.734988258,-15.0598952613,-160.071040681,-92.6141442131,-129.290165002,-89.3441275543,216.920095412,-7.5733971042,163.72823945,-51.5522164124,-368.828985271,191.463061654,159.475896804,-65.8598053127,33.3836200818
6.953125,89,25,12.5669219002,14.5681388416,180435,0.0865097707144,1.17124137308,-1.06210006558e-06,0.000712970539319,0.00142619965668,0.0826556561965,0.157358476384,0.0244039557561,-9.84875058051e-05,1.63933715404e-05,7.96121555399e-05,-4.34650504861e-05,-1.40901611336e-06,1.08093332109e-05,-5.19563676995e-05,-6.26178179011e-07,3.60465015213e-05,-1.49541374438e-06,-5.62190330399e-05,-2.05408603921e-05,1.11078920234e-05,-4.48357485577e-05,7.98559628705e-05,-9.94502542975e-05,-5.48635271175e-05,-6.66449289497e-06,-7.82005945159e-05,-2.43763014819e-05,3.22044266442e-05,1.23289721691e-05,2.71728141325e-05,5.84614064379e-05,50899.7737537,-94.3282802324,-106.241113886,287.386740571,-90.5642937908,-2.75246356854,22.5093338966,-108.818722291,-0.840930586452,75.4766619206,-2.78016794603,-117.666709031,-42.723797968,23.8756422774,-93.3812338167,167.264512137,-206.081163086,-115.427710613,-15.2299612322,-161.641348542,-50.132499973,68.0857221557,25.3883118163,55.3352670613,122.608812402
6.953125,89,26,14.5681388416,16.888039171,172988,0.0829392978986,1.30096499956,-2.95808093564e-06,0.000637496574988,0.00126484002741,0.0795869715247,0.165872600637,0.0233967439706,7.06435171289e-05,6.23299916944e-05,7.02814436906e-05,-0.000124546437084,1.3989588691e-05,-0.000111240460791,4.81527200867e-05,7.06316903645e-05,9.04910769141e-05,7.26013677259e-05,-1.75289785315e-05,0.000167675095602,3.08471708799e-05,-0.000141832020855,5.84260225892e-05,7.55858815731e-05,2.16908778678e-05,8.58069927459e-05,6.25537834011e-05,8.76661422532e-06,3.09162594536e-05,-1.15927796972e-05,0.000104960363736,-7.63323014928e-05,48799.0138393,238.892594054,13.9995455567,246.480887667,-258.83166286,28.5834422635,-232.110989428,100.860855055,146.453065505,187.7660487,153.468589681,-36.916241399,350.112605863,63.3322116423,-296.782620714,123.519105459,157.638942773,43.5527608227,177.452746346,130.733022919,16.7356826382,64.9519149819,-21.7958831002,216.250209654,-161.085283081
6.953125,89,27,16.888039171,19.57737156,157540,0.0755327363224,1.37269483376,-1.1604611945e-06,0.000530123810769,0.0010525855946,0.0727858130553,0.164968033577,0.021307391525,-4.39111752254e-05,0.000120990658498,-7.21480949633e-05,5.87641981623e-05,-7.01605470509e-05,-9.11609204024e-06,8.42888167724e-05,-5.35764371611e-05,-2.29262351078e-05,2.71603848504e-05,-2.59146238393e-05,2.8315491176e-05,-5.33180918353e-05,-6.53117501327e-05,5.97310079192e-05,-0.00011948533227,0.000158365806029,3.20758486239e-05,-4.2818404363e-05,-2.82160462901e-05,2.42764883408e-05,-1.52370684024e-05,6.12887179323e-05,-1.91654816397e-05,44441.213496,-20.4897571562,161.917981477,-72.3051175489,122.402017063,-145.939585121,-19.0967353918,176.550708123,-112.170573507,-46.7320840916,56.0748443544,-54.2185431773,58.9732444995,-111.878215751,-135.969725419,124.717501538,-250.446481724,330.899976282,66.8576458973,-88.5955699401,-58.711706035,51.6249462519,-31.9953632589,126.941592078,-39.9992128837
6.953125,89,28,19.57737156,22.6949661425,137323,0.0658396721468,1.38643120541,8.00820674413e-07,0.000417332147903,0.000831716486206,0.0637045012384,0.156401255924,0.0185730286047,-0.000145728068317,7.90578495998e-05,-5.41544504841e-05,5.91463351329e-05,9.26398408495e-05,-7.21574247819e-05,-1.28013509512e-05,-0.000146181945001,4.80087884037e-06,4.46240498379e-05,2.96436960221e-05,3.69550267233e-05,-6.75766441778e-05,-8.75275184369e-05,-3.42133606083e-05,-4.68584912766e-05,4.71771561407e-05,1.56711260224e-05,4.90679319852e-05,3.89762462117e-05,-4.48210492418e-06,-0.000132227861622,-2.23939462993e-05,-5.78107620332e-05,38738.1030907,-250.703711047,97.0560098151,-54.5180558081,122.700051929,193.907931096,-150.254124565,-26.3284642595,-304.807125742,9.69961567972,93.0123060591,60.6546019166,77.3573200375,-140.62270442,-182.964134248,-72.1825527272,-98.00870272,98.4823219069,32.1369654878,101.500706442,81.9343275652,-9.58648697723,-275.77833616,-47.4758040881,-120.12825206
6.953125,89,29,22.6949661425,26.309021445,115114,0.0551915412532,1.34662947358,4.88487236537e-06,0.000314132097504,0.000629024374562,0.0536089334089,0.142645340496,0.0155692463375,-5.35829081088e-05,-1.38499391817e-05,-2.28047376458e-05,5.07142744874e-05,9.09961451701e-05,-7.11206998136e-06,-4.55291464986e-05,-1.7243754003e-05,-6.11524551204e-05,4.4355423951e-05,-2.76206331819e-05,9.61539472203e-05,4.14189735782e-05,-0.00014161521941,0.000136083484057,-3.81556954036e-05,7.50955610931e-06,-1.25798287529e-05,3.58896894824e-05,-2.16653477372e-05,4.95037317968e-05,-6.22268904086e-05,-5.43655857444e-05,-9.32433596802e-06,32473.0598602,-73.2888446649,-77.6134515828,-5.63250469455,106.069200065,189.65182161,-14.4231078937,-94.5241625247,-36.3012127967,-127.277931538,92.341160338,-58.1778908817,200.164437306,86.9012027772,-295.838857,283.534879144,-79.2554207123,15.5155004197,-26.15461814,75.6013851712,-45.6468869611,102.97209176,-129.399676978,-114.38392695,-18.520048893
6.953125,89,30,26.309021445,30.4985962547,93822,0.0449830670766,1.27185416376,6.72603915181e-06,0.00022655719636,0.000457063266159,0.0438472946786,0.125643268522,0.0126894889403,-1.56656984083e-05,-3.76630437435e-05,-1.44801333955e-05,7.31524503087e-05,-0.000100045518939,3.79852336569e-05,2.65885744072e-05,1.82700115656e-05,4.63237872519e-05,-5.14507902785e-05,5.71637152302e-05,-6.14742739344e-06,1.65158856034e-05,-1.85621840092e-05,-2.73667360351e-05,1.38259948292e-05,-2.69756574704e-05,-2.02848468161e-05,2.32253778166e-05,-2.85388058525e-05,-2.6508424544e-05,-2.13076070592e-05,1.89256258743e-05,-0.000148001079071,26466.6975538,-5.91083360855,-112.528803659,-0.811737508146,152.301927063,-208.539728026,79.2914916976,55.5223067674,38.0316385168,96.4356209151,-107.777289084,119.766220499,-12.9161799591,34.3236788384,-38.498829608,-56.8630450869,28.3049663656,-56.613414178,-41.8867579098,48.2337162934,-60.0569821078,-55.1569276546,-44.3423689759,39.9543597376,-308.942941357
6.953125,89,31,30.4985962547,35.3553390593,74657,0.0357943855251,1.17291774977,-4.06707346376e-06,0.000160540792921,0.000321097354426,0.0350029379771,0.107779457103,0.0100974097314,6.32859040915e-05,3.31221549976e-05,-4.4592605523e-06,6.55190484416e-05,-1.11607466866e-06,0.000108093268187,-3.74775510698e-05,-3.07608644436e-05,-7.75781835089e-05,-2.55666356418e-05,3.16972058286e-05,4.04335814459e-05,-8.84227641208e-05,3.35907477443e-05,-6.35456654507e-05,3.96744828719e-05,-5.49936017348e-05,6.2273956043e-05,-5.16430749374e-05,-1.10184061847e-05,2.24339456866e-05,-2.95344564156e-05,6.44263290035e-05,2.12031275051e-05,21060.3508695,150.356721453,45.9272565418,10.7985235024,136.786763678,-2.27028197811,225.429043864,-78.2374627146,-64.0693585419,-161.81745501,-53.2331472547,65.9893282583,84.0016324313,-184.012331248,69.993137959,-132.876539697,81.9300117779,-114.529562078,129.781497326,-108.00302593,-22.7175734108,47.0008701377,-62.2060412814,134.793261406,44.1631463335
6.953125,89,32,35.3553390593,40.9854928916,58242,0.0279241946737,1.06057790425,-1.84386211549e-06,0.000110798089696,0.000221727942258,0.0273864108089,0.0908776421761,0.00787726988193,-3.8908421986e-05,-3.13773174352e-05,3.43472506517e-05,-4.41173977327e-06,1.74445906997e-06,2.39552783379e-05,1.5134128922e-05,-4.05691593479e-05,-1.20469832858e-06,-1.7736995999e-06,8.26114205711e-05,3.95827295312e-05,1.89192956977e-05,-2.56157254402e-05,-3.58582368671e-05,1.16709053879e-05,5.17031241721e-05,1.44384996764e-05,3.58669412045e-05,3.48472799668e-05,-5.18358785525e-05,-3.74487558912e-05,-1.98237767832e-05,-7.07383684978e-05,16429.7648625,-68.8356997507,-81.0511712981,85.1687698465,-9.22268752965,3.81150911676,50.0070634588,31.5008853245,-84.4711877167,-2.69530832964,-3.77832394873,172.388304622,82.5665395345,39.4536607739,-53.4875781548,-74.8236133783,24.5520180454,107.775506426,30.3563771976,74.2775814914,72.3551249542,-108.314578149,-78.1379300536,-41.5099927802,-147.542057589
6.953125,89,33,40.9854928916,47.5122194344,44901,0.0215278366994,0.947714297628,-7.22606236599e-07,7.47151830503e-05,0.000149786266896,0.0211669551857,0.0753083372629,0.00607289061105,7.45690375868e-06,7.79903885903e-06,-3.17140049159e-05,1.99748359914e-05,3.05827620815e-05,-5.74561605111e-05,-7.12216546556e-06,-7.54843871127e-05,-5.22929634141e-06,1.52505822724e-06,-3.28940985543e-05,-1.85822198267e-05,-6.29200425162e-06,-3.5366407432e-05,9.62902057962e-05,-2.6900303381e-05,3.65291057017e-05,1.97849579671e-05,-9.38959606348e-05,4.68493172598e-05,-2.01937546606e-05,3.75242215734e-05,8.04592218631e-06,1.1798480241e-05,12666.3382454,23.6795281838,5.86000645622,-57.1994246379,41.7289833033,63.6910367361,-119.825922802,-14.7633264445,-157.645590612,-10.8720551254,3.10907672035,-68.9929683439,-38.3595021591,-13.2522771019,-73.6223677005,200.659884528,-55.6923416571,75.9093090932,41.359865678,-195.796203572,97.9820885072,-42.2235609307,78.3742388626,16.7226871343,25.0225411123
6.953125,89,34,47.5122194344,55.0782932282,34199,0.0163967503459,0.836702944923,1.38441336379e-06,4.9875498361e-05,0.000101150341342,0.0161589827366,0.0622962444857,0.00462543787459,-9.43755514848e-05,-7.78792540491e-08,-5.01024152082e-05,-1.74725138617e-05,-4.12744457518e-05,-1.98650856257e-06,1.11876005092e-05,-1.17613744706e-05,-4.90395703314e-05,-8.37781132786e-06,5.72325242484e-06,3.22435060337e-06,1.06019292196e-05,5.48634197915e-05,-3.07715250983e-05,-1.62114105218e-05,-8.23563814274e-07,2.91879121825e-05,-2.17629918295e-05,-6.37399206652e-05,-4.20084240427e-05,-3.25296379179e-05,-2.23100627413e-05,4.33282564663e-05,9647.35978388,-191.505757025,-6.93377946892,-98.6236489505,-36.6272677606,-85.8775395354,-4.02947636365,23.3868310751,-24.3456119215,-102.255934976,-17.4970953332,11.8677906889,6.72233914009,21.9574027512,114.497727581,-64.2608257081,-33.9703707399,-1.35384538202,60.8735010295,-45.4145910927,-132.862971074,-87.6377556419,-68.1090993328,-46.2783878824,90.571382797
6.953125,89,35,55.0782932282,63.8492249161,25897,0.0124163467852,0.734389406736,-1.16349370018e-07,3.26664800668e-05,6.63121534286e-05,0.0122599004743,0.0505135490171,0.00350258676097,1.97142738099e-05,-5.3620562374e-06,-4.11240131332e-05,1.03099182717e-06,-2.24662192307e-05,4.46663830379e-05,5.9156245243e-06,5.08219745512e-05,-1.40289614678e-05,1.36671885614e-05,2.78186326364e-05,-2.2279550152e-05,8.47219258485e-06,5.92123260628e-05,2.15484699744e-05,-6.10002329547e-05,-4.4035862528e-05,-1.57323273656e-05,-1.83657538626e-05,6.82600971941e-05,2.59771832869e-05,3.69841888718e-06,-4.5016672992e-06,-1.92312921199e-05,7305.40882257,44.6262290169,-15.5702098129,-81.964491348,2.17731353889,-46.8444527126,93.1367578606,12.3394910343,105.955969096,-29.1751289523,28.5040500851,58.1982617904,-46.453511847,17.827769751,123.530381778,45.1278624751,-127.314989067,-91.6465999849,-32.884909922,-38.4046365396,142.538289655,54.1672278788,7.80370641324,-9.41042580651,-40.012974046
6.953125,89,36,63.8492249161,74.0168818502,19514,0.0093560100076,0.64150970606,-3.03130722553e-08,2.14437697811e-05,4.37626827902e-05,0.00925414480242,0.0411398213055,0.00263928169493,-4.23784909921e-06,-4.66311904429e-06,1.36875790838e-06,2.48279989834e-05,4.87654588393e-06,4.1629081114e-06,3.55929426782e-05,-5.04437542135e-05,-8.56888878674e-07,-1.7973071615e-05,-1.32014041466e-05,3.11951758979e-05,-2.0252171857e-05,-1.89580392075e-05,-3.02248564054e-05,-1.98728445806e-06,-1.04427866766e-05,-3.1409712711e-08,-2.5035499342e-05,-1.91986316138e-05,2.73388018157e-05,-1.3782179428e-05,-1.4415398032e-05,2.36077675329e-05,5504.79776668,-6.59938109511,-12.604975363,5.3540389854,51.7421217523,10.1762415733,8.74090352916,74.2459289261,-105.194180018,-1.79781709157,-37.4795068764,-27.6289544748,64.9886463507,-42.2556345497,-39.4108726218,-63.1904978581,-4.25917682937,-21.8181311078,-0.201507101145,-52.0754258396,-40.1506713627,57.2014098129,-28.7010113911,-30.0666475481,49.3117655712
6.953125,89,37,74.0168818502,85.8036852606,14620,0.00700957601266,0.557204277902,-5.26169093815e-07,1.38909841768e-05,2.84378352261e-05,0.00694352791243,0.0331405011379,0.00197736488572,-8.92908974566e-06,6.83799440334e-05,-2.55156597082e-05,3.88501601624e-05,3.88052838147e-06,-2.90483033522e-05,3.30055105297e-05,-6.6485743736e-05,-4.04120716459e-05,-1.53075287574e-05,2.50383330098e-05,-7.80523352891e-06,1.18715395688e-05,-7.12925539848e-06,4.21699968471e-06,2.10705976551e-05,-1.77143779126e-05,2.70842387362e-05,-1.34776781545e-05,3.04863232651e-05,3.78496830366e-06,-3.04143000829e-05,3.17481864843e-05,5.95355906984e-05,4124.22585573,-17.198406819,140.748588911,-51.606128837,81.0267706893,8.18394860546,-60.6805686221,68.9484811665,-138.669479143,-84.3009944007,-31.87068911,52.1136734119,-16.2155797668,24.711298591,-14.7964630573,8.60014780274,43.7758549224,-36.8199178239,56.6104806377,-28.1936465234,63.5876506426,7.81089078381,-63.4173012091,66.3195537771,124.257785716
6.953125,89,38,85.8036852606,99.467475801,10924,0.00523752451179,0.482638515086,2.99749791161e-08,9.22125620045e-06,1.83446341477e-05,0.00519494448822,0.0264548150787,0.00147747838656,-1.37803187638e-05,-2.19077495416e-05,-3.32841000258e-07,2.0064241452e-05,8.46382311408e-06,3.38231470493e-05,1.83289334402e-05,7.3603598396e-06,2.13509994755e-05,-4.5180100675e-06,-2.69000134651e-05,-1.1072777383e-06,-3.53823483613e-06,-2.40914226954e-05,-1.07960586785e-05,8.39211986239e-06,1.54004539278e-05,-4.70836045098e-05,3.31279870473e-05,-3.16511419758e-05,2.7685235516e-05,-4.31989105219e-06,-8.51832633687e-06,-1.54150539404e-06,3081.60350534,-27.7981996843,-46.8774085592,0.337430059305,41.8126775292,17.6242571896,70.5871646464,38.2209900156,15.3486600419,44.5535794654,-9.46100272075,-56.0447998777,-2.45222840341,-7.3351069974,-50.2546435279,-22.5332922511,17.5524446708,32.1022129061,-98.2328557918,69.1128257288,-66.030259888,57.8107533169,-8.95299445915,-17.8029614844,-3.2123167614
6.953125,89,39,99.467475801,115.307153908,8149,0.00390704753264,0.417330920753,3.93650252485e-07,6.076755629e-06,1.18875908593e-05,0.00387968285065,0.0212241986372,0.00110215776017,1.17255336776e-05,5.08896917387e-06,-1.60868094992e-06,2.40412550139e-06,2.1205849617e-05,1.91809489934e-05,-1.90931294506e-07,-1.92657480726e-05,-1.17684182105e-05,1.5408741504e-05,-1.94592052497e-05,-2.07559421255e-05,-7.95105515849e-06,-8.97009703822e-06,5.57279958146e-05,9.36810283446e-06,7.23809096624e-06,6.64464147577e-06,-3.0819186014e-05,-2.50036527455e-05,-2.14184136078e-05,5.10452131393e-06,8.04671002296e-06,3.38801091813e-05,2298.79045817,25.0629150275,9.85166840836,-2.68933514695,5.05525165262,44.1960662987,39.9958900578,-0.405460615847,-40.2160399689,-24.5373546986,32.1447869868,-40.6387584633,-43.3156541973,-16.5991867758,-18.7104977103,116.1855566,19.5783353825,15.1695385601,13.8155088258,-64.2611296584,-52.084719434,-44.6896520879,10.5940000076,16.6741805287,70.7699659297
6.953125,89,40,115.307153908,133.669218358,6073,0.00291170691689,0.360482023567,-2.21670393348e-07,3.85628678402e-06,7.7879742023e-06,0.00289412106725,0.0171114340214,0.000821377356426,3.10691510068e-05,1.24965512887e-05,3.38519197867e-06,-1.35047920537e-05,-1.17435484733e-05,1.97139050221e-05,1.00295559859e-05,-1.16098474958e-05,1.62419968792e-06,1.19346510944e-06,-2.46228996466e-05,-5.47152223088e-06,-3.7789006448e-06,2.99308333882e-05,-1.00819339581e-05,8.73485155816e-06,-2.64326332489e-05,-1.50995168455e-05,4.58331597517e-06,-4.05195401787e-06,5.02979998762e-06,-1.24253976264e-06,3.48595642825e-05,-3.3132536289e-05,1713.16167044,65.1888002413,25.5788220858,7.49329187061,-28.1531304742,-24.5138307755,41.1027573953,20.9090784549,-24.2119708312,3.32817684357,2.52095705253,-51.3229929665,-11.4411697095,-7.8628269522,62.4423008485,-20.9931219844,18.1854974721,-55.0774052432,-31.4977500808,9.60105737239,-8.39150967078,10.4752032814,-2.61574146567,72.7399126288,-69.1308679783
6.953125,89,41,133.669218358,154.955346055,4528,0.00217095486904,0.311539903921,-3.94385711306e-08,2.4575342594e-06,4.88378768991e-06,0.0021595464074,0.0135009354935,0.000612415061732,-1.18089217838e-05,2.01627818339e-05,3.60769724581e-06,6.23687021526e-06,-1.44374582497e-05,-3.05369580135e-05,6.61849346571e-06,-1.40163829626e-05,2.3834100982e-05,-6.90550577832e-06,1.39520486561e-05,-8.71783580009e-06,-1.30220605912e-05,-2.62480903208e-05,-1.71134163926e-06,2.15242610923e-05,2.69113369772e-05,8.69519417545e-06,8.93892407496e-06,9.72985371558e-06,-4.59443472557e-06,-3.04399531935e-07,-1.4371724729e-05,-1.14778177278e-06,1277.32521715,-24.3896474748,41.7328645415,7.7966153947,12.9924144863,-30.0966762901,-63.7065384637,13.81447908,-29.2452211528,49.7070056375,-14.4241130494,29.0967863008,-18.1483434596,-27.1859678524,-54.7330609063,-3.60045435859,44.9001569005,56.0851664157,18.1404205216,18.601221825,20.2943783049,-9.57158421029,-0.623812917145,-29.9794852274,-2.430370086
6.953125,89,42,154.955346055,179.631178861,3372,0.00161670932385,0.268958605085,6.38221238608e-08,1.56237725191e-06,3.0900439477e-06,0.00160933842538,0.0107845327475,0.000456065280071,-1.74513502766e-05,1.51135494457e-05,-3.3039534986e-06,1.41641006745e-06,1.13885109847e-05,-1.03640670207e-05,6.17446315022e-06,2.31378895792e-06,3.87812554939e-06,-2.55074816754e-06,5.44239267331e-06,8.20006679759e-06,-8.29657348125e-06,5.39419513591e-07,7.3054307041e-08,-1.77084062551e-06,7.58777390309e-06,-7.50462701211e-06,3.40419918789e-06,-1.69714252809e-05,-1.44059472259e-05,1.82605446442e-06,3.127612155e-06,-7.33759582219e-06,951.223637862,-36.2374138141,31.3156353822,-6.71677176443,2.94290958251,23.7729677811,-21.6160723924,12.8853837407,4.82975698041,8.09117550923,-5.31908249965,11.3382331121,17.0987728302,-17.3273952165,1.11540260275,0.159816833911,-3.68389201865,15.8332846283,-15.6673509856,7.10883197823,-35.391312744,-30.0281624366,3.7963174643,6.51463897919,-15.3065519126
6.953125,89,43,179.631178861,208.236509681,2505,0.00120102516496,0.231623467283,-9.89780849046e-08,1.04027068107e-06,1.91438721055e-06,0.00119628324209,0.00846919337616,0.000338802943825,1.40998625891e-05,8.68829287465e-06,1.15376440367e-07,-7.21881272765e-06,-3.524244434e-06,-1.10491776645e-05,-2.68085343586e-06,1.11674392055e-05,-3.91394824896e-07,7.60548997165e-06,-1.26072422186e-05,1.13808673858e-05,-1.08943166672e-05,-6.71965209813e-06,-9.5456042939e-06,-7.53308529244e-07,-6.14115289383e-06,6.8972300803e-06,1.67620922666e-05,1.3562016142e-05,4.39900428392e-06,-2.38702762148e-06,1.94742177075e-06,-4.70450337615e-07,706.647453394,29.5117112111,17.9905706446,0.350900290396,-15.0530864689,-7.35864506587,-23.0438704981,-5.58980818283,23.2880479702,-0.81672560548,15.8729265613,-26.2870088105,23.7464535965,-22.7216785876,-14.0214977347,-19.8995124886,-1.5962906708,-12.8165065335,14.3802816566,34.979164633,28.278724969,9.19255317045,-4.97250221344,4.05896369592,-0.992074831227
6.953125,89,44,208.236509681,241.397090634,1866,0.000894655871384,0.200018513898,2.63713118421e-08,6.56839921306e-07,1.28466121233e-06,0.000891628301702,0.00690744821852,0.000252377761747,-5.46288548536e-06,1.0269570857e-05,2.22107750546e-06,2.09798413759e-06,2.44778531563e-06,4.07911281732e-06,1.24556165271e-05,-1.42131781806e-05,1.6788974366e-05,1.51087787058e-05,-6.94563348039e-06,1.12646431799e-05,-3.76927604085e-06,-1.22092627192e-06,-9.25188597014e-07,2.29749904858e-06,-8.76670678845e-06,-5.26826620872e-06,-2.29771095847e-06,1.38439573108e-05,1.71491998786e-05,1.34258654027e-05,1.10833705763e-05,5.88430577315e-06,526.38888145,-11.3293672064,21.3352695548,4.70772477142,4.37320714306,5.10682908312,8.50935391778,25.9796520946,-29.6460474067,35.0109108474,31.5227549105,-14.4813639916,23.4892610498,-7.85729313864,-2.5300858537,-1.9354229766,4.80282726912,-18.2794797862,-10.9970660122,-4.78629322908,28.8737029337,35.7649234648,28.0022586409,23.1062092613,12.2506283274
6.953125,89,45,241.397090634,279.838321607,1387,0.000664998763992,0.172373913253,-1.86757569527e-08,4.14787578763e-07,8.50910057035e-07,0.000663067119499,0.00566043031318,0.000187592687858,3.21035741204e-06,6.01881666625e-06,-9.40015033772e-06,1.31792071184e-05,7.31183448034e-07,-5.06333958822e-06,-6.41734612561e-06,-4.39244315401e-06,-1.23011166736e-05,6.42298956906e-07,-3.9146880851e-06,-9.07924739153e-06,-1.61606346642e-08,7.07124505586e-06,-2.45278277396e-06,4.486093813e-06,-3.36723865804e-06,9.01087857926e-06,-1.859442657e-07,-5.71088615547e-06,1.56947397962e-05,6.81727638173e-06,-4.70175118154e-06,4.23000754598e-06,391.26547619,6.73614155804,12.5002024413,-19.561788148,27.4884938649,1.52460848648,-10.5634882858,-13.3824701313,-9.16063213388,-25.6530604953,1.33714103569,-8.17028714229,-18.9389238502,-0.0319321715563,14.7537877166,-5.12598071797,9.34768588725,-7.00278830169,18.7936270748,-0.391535611701,-11.9046460892,32.7225123567,14.2209919825,-9.80217104176,8.82359568495
6.953125,89,46,279.838321607,324.401118648,1031,0.00049431414973,0.148553126218,2.3769009171e-08,2.41111633826e-07,5.61583324083e-07,0.000493070609876,0.00459997786922,0.000139443447139,-3.63769300532e-06,-1.0123355626e-05,2.30300782992e-06,-3.85380385258e-06,2.98534430368e-06,-6.43666611886e-06,-5.9793929965e-06,-2.61737496785e-06,5.33434421946e-06,-1.50708427168e-05,1.86360262369e-06,5.38558422455e-06,8.33978504408e-07,8.66012769987e-06,-6.28330939542e-06,-6.48078769886e-06,5.8965491595e-06,4.00334625997e-06,1.63707094366e-06,3.86670811078e-06,-3.98476807411e-06,4.90342937291e-06,-1.87329689188e-06,-4.97054574172e-06,290.839730319,-7.56008315346,-21.1490628007,4.83256103604,-8.04269020133,6.22937533234,-13.4206557328,-12.4730461288,-5.4560490515,11.1260243461,-31.4335841563,3.88537880377,11.2378775669,1.73825769558,18.0609839713,-13.1021865268,-13.5214976545,12.2940346276,8.35690308183,3.42005894095,8.06276285016,-8.30648184241,10.2228894472,-3.89292302268,-10.3754834795
6.953125,89,47,324.401118648,376.060309309,764,0.000366300689034,0.127596245712,4.88763046558e-09,1.81313380207e-07,3.55761346177e-07,0.00036551743139,0.00362613858285,0.0001033315166,-1.04984321852e-05,4.9678569038e-06,-7.20208112717e-06,5.03379886306e-06,2.19771751405e-06,-1.41990247488e-06,2.20063395137e-06,1.65517783177e-05,-1.84841565234e-06,2.71597731354e-06,-1.39314433585e-05,-1.27378622337e-06,-3.90118789765e-07,-4.2711948332e-06,-1.65661629631e-06,2.97720677997e-06,-7.03632886144e-06,-2.67798766436e-06,1.72194683346e-07,1.1008832084e-06,2.41670060878e-06,-2.54509554898e-06,4.87949197442e-06,5.94701914566e-06,215.520420915,-21.8787191456,10.3393079457,-15.0040312177,10.4953142324,4.58400124147,-2.95930817755,4.59267344845,34.5233844572,-3.85044949502,5.66601611563,-29.0571109305,-2.65693200955,-0.814696919189,-8.91309890857,-3.452699104,6.20519442725,-14.6759411532,-5.58992527155,0.364180287993,2.30400716852,5.03802348357,-5.29527822215,10.1752199385,12.4017518647
6.953125,89,48,376.060309309,435.945957359,571,0.000273766614448,0.110540955755,-3.90622750266e-08,1.20138896819e-07,2.35387256094e-07,0.000273266074906,0.00297219039582,7.72281360974e-05,3.41919755647e-06,1.76244224588e-06,-7.1545137362e-06,3.90556044608e-06,-1.36448857341e-06,-5.51086690935e-06,2.31187893104e-06,-5.12205556275e-06,-2.61181168387e-06,1.08144126968e-06,-5.33383140019e-06,-4.26883007518e-06,4.60941462432e-06,-1.21351063745e-06,7.69811531188e-06,-1.59982714998e-06,-3.59888287136e-06,1.31420727191e-06,1.81243077677e-06,-6.4165481177e-07,-6.57290615812e-06,-2.73068255968e-06,-2.67375513049e-06,-7.43809915803e-06,161.076126103,7.14181940873,3.66138208831,-14.9100655798,8.14661670685,-2.84767248206,-11.4948389277,4.82414748532,-10.6855585463,-5.44937668756,2.2550566486,-11.1263928995,-8.90149141117,9.61078816506,-2.5292980588,16.0550202224,-3.33331950101,-7.50904298038,2.74142293404,3.77975261168,-1.33667974975,-13.7142390256,-5.69723957696,-5.5784472351,-15.5113011868
6.953125,89,49,435.945957359,505.368083345,423,0.000202807842227,0.0949349993307,1.81575695253e-08,7.38379528924e-08,1.39196741062e-07,0.000202480766351,0.00228218269314,5.72110360231e-05,-3.16836921121e-06,-5.91633808146e-07,2.39621840827e-06,3.72561306334e-06,2.11590966333e-08,4.3199875475e-06,-1.41575902847e-06,-2.89700139238e-06,-8.43146798102e-07,-6.82570796859e-06,-6.81825423828e-06,-6.9949034138e-06,4.55399093966e-06,1.35209753135e-06,5.48389989629e-06,-2.52484042621e-06,3.41288772597e-06,-6.3718092238e-06,1.53066773668e-06,1.88830742665e-06,-5.60171073449e-06,-2.63716633991e-06,-1.19019010736e-06,-2.05715014821e-06,119.32609692,-6.60145578549,-1.24257979163,5.00561519873,7.77031353061,0.0440069973215,9.00958781606,-2.95285263895,-6.04156251414,-1.7580747489,-14.2394477326,-14.2194318285,-14.5893257747,9.49968809056,2.8193722651,11.4372236717,-5.26563844101,7.11726030561,-13.2873786281,3.1941644143,3.94216764238,-11.6850603127,-5.50023212438,-2.48140201155,-4.28904143345
6.953125,89,50,505.368083345,585.845321772,315,0.000151027116552,0.0819425060018,1.04070571067e-08,4.43361398144e-08,1.01868670631e-07,0.000150821635173,0.00191184970202,4.26039629959e-05,-2.7794307771e-06,-6.41479664037e-07,5.03533901101e-06,-2.22571421094e-09,1.63739522556e-06,-5.85180431987e-06,-2.52583000244e-06,4.21453083974e-06,-4.96450514396e-06,-1.69756856777e-06,1.78283056919e-06,3.70834548424e-06,-5.81334119231e-06,-3.08352573537e-06,7.77440328124e-06,-5.89814480651e-06,-4.77313917217e-06,-4.60621020943e-06,-5.04165866037e-06,3.05793322286e-06,2.55848664787e-06,2.35917898788e-07,-1.38521524825e-06,-4.53122133679e-07,88.8598594088,-5.79241791111,-1.34403910299,10.5067961357,-0.00347041970574,3.41582363364,-12.2044870426,-5.26913230918,8.79062843272,-10.3536961186,-3.54114065062,3.71730051477,7.73694025348,-12.1245326402,-6.43167270068,16.2168562177,-12.3008494655,-9.95543685667,-9.60740694837,-10.5155614933,6.37784036634,5.33839945791,0.489622271897,-2.89145655851,-0.943840079308
6.953125,89,51,585.845321772,679.138141789,236,0.000113150474623,0.0712078710025,-1.40672913723e-09,2.99941774528e-08,5.24607704119e-08,0.000113011682212,0.00138007020981,3.19191595779e-05,3.96728305461e-06,-1.57976723274e-06,-2.69084468706e-06,-3.00073853751e-07,-3.00845198145e-06,-2.90259422475e-06,4.23104725578e-07,1.43673781621e-06,4.9048444885e-07,-1.43983803738e-06,1.84921319594e-06,9.85623096004e-07,4.72330535642e-06,1.52890699038e-06,-3.46879261312e-06,-1.87689192098e-06,-1.83401918131e-06,4.77804938472e-06,3.19468714217e-06,3.52917572286e-06,3.39108046708e-06,-1.21686059372e-06,-4.37036631993e-06,4.59654713835e-06,66.5743708586,8.27743938871,-3.29872678286,-5.60921273644,-0.625938258226,-6.27507585569,-6.0542064261,0.883133492532,2.99632066581,1.02380576456,-3.00276270289,3.85742609939,2.05644581559,9.8514813395,3.18958665953,-7.23556849276,-3.91640969157,-3.82621075315,9.96710475853,6.66314039005,7.36050176196,7.07044897383,-2.53697355198,-9.11410126285,9.58659724693
6.953125,89,52,679.138141789,787.287358098,174,8.34245024763e-05,0.060897803166,-7.37417486851e-10,1.67686843395e-08,3.66757496839e-08,8.33367957437e-05,0.0011478616209,2.35336176549e-05,-1.37553848615e-06,-7.78467901456e-07,1.06675076351e-06,-4.29883067065e-07,-4.46448709386e-06,-4.00369531015e-06,-2.12809339128e-06,-1.30324445023e-06,2.96412232929e-06,4.54541470391e-07,1.56495070734e-06,-9.5976898899e-07,-4.81624674747e-07,-3.43390108309e-07,-6.06156867409e-07,-1.44933520369e-06,-6.04736960959e-07,1.04314655244e-06,1.89080775025e-06,2.78644156633e-06,-5.36201944689e-07,5.33298808154e-06,-3.12540483921e-06,-6.01547642696e-07,49.0844937687,-2.86739100864,-1.62601471823,2.22688272392,-0.896881914494,-9.31149242948,-8.35060846473,-4.43889755396,-2.7181658747,6.18227057579,0.947343049377,3.26499421231,-2.00030246865,-1.00497315677,-0.714928974374,-1.26440459203,-3.02217925471,-1.26234412068,2.17469911441,3.9432294186,5.81178625892,-1.11796789308,11.122126543,-6.51872304309,-1.25557146264
6.953125,89,53,787.287358098,912.658774529,128,6.13697489481e-05,0.0519000141591,-4.30779870622e-10,1.28092904432e-08,2.01325519718e-08,6.13135534763e-05,0.000869740083751,1.73120865507e-05,-1.83391896296e-06,-3.55041324512e-06,3.88510196342e-07,-3.00721666066e-07,1.80880324018e-07,-2.0098835799e-06,-3.62978630478e-06,4.08787092906e-08,-3.77797377411e-08,7.66864751002e-07,-1.29630937133e-06,2.85482798636e-06,-8.98062795362e-08,-1.47015797302e-07,-2.24988575119e-06,-4.52768231959e-06,2.45532350107e-07,2.10810544453e-06,-5.34704906053e-06,-2.07075641943e-06,5.79460042749e-06,5.45472635251e-07,3.25432615987e-06,5.0200333702e-06,36.1081333471,-3.82387196667,-7.40664426697,0.811476703451,-0.627415804942,0.377124966005,-4.1913067154,-7.57099668785,0.0855832419565,-0.0779231151802,1.59959866117,-2.70475510535,5.95464557712,-0.186661763946,-0.30687508681,-4.6924550224,-9.4425048895,0.511666972449,4.39665028606,-11.1518863144,-4.31930202766,12.086453101,1.1379415431,6.78766144924,10.4701925548
6.953125,89,54,912.658774529,1057.99493686,64,3.0684874474e-05,0.0292878478571,-1.57549289524e-10,6.24920006142e-09,1.05329124176e-08,3.06611103174e-05,0.000484579225705,8.65604327536e-06,2.54482603767e-06,1.76995433046e-06,-6.16862522404e-07,2.27708191963e-06,1.76895286403e-06,3.53717442583e-07,6.12305572216e-07,1.3562052577e-06,-1.21957960066e-06,4.94302630583e-07,1.83887850643e-07,-6.17800467673e-07,-4.21331876844e-06,4.89581285717e-07,-1.54039233327e-06,8.2043099756e-07,-1.65149538634e-06,-1.41338471295e-06,1.80589437903e-06,3.08304487322e-08,5.80613122431e-07,2.27683935894e-06,-4.62563579101e-07,-8.19236071547e-07,18.0540666735,5.30834519859,3.69091454923,-1.28609234955,4.74947017906,3.68943019267,0.737648935064,1.2769580851,2.82854859351,-2.54355033855,1.0309694532,0.383697848097,-1.28890073589,-8.78795259454,1.02121525708,-3.21287756611,1.71051777076,-3.44395179861,-2.94821068501,3.76629515185,0.0646053658221,1.21149352312,4.74848432855,-0.964651946456,-1.70877015137
6.953125,89,55,1057.99493686,1226.47512703,0,0,0,0,0,0,0,0,0,0,0,0,0,0,0,0,0,0,0,0,0,0,0,0,0,0,0,0,0,0,0,0,0,0,0,0,0,0,0,0,0,0,0,0,0,0,0,0,0,0,0,0,0,0,0,0,0,0
6.953125,89,56,1226.47512703,1421.78491108,0,0,0,0,0,0,0,0,0,0,0,0,0,0,0,0,0,0,0,0,0,0,0,0,0,0,0,0,0,0,0,0,0,0,0,0,0,0,0,0,0,0,0,0,0,0,0,0,0,0,0,0,0,0,0,0,0,0
6.953125,89,57,1421.78491108,1648.19676227,0,0,0,0,0,0,0,0,0,0,0,0,0,0,0,0,0,0,0,0,0,0,0,0,0,0,0,0,0,0,0,0,0,0,0,0,0,0,0,0,0,0,0,0,0,0,0,0,0,0,0,0,0,0,0,0,0,0
6.953125,89,58,1648.19676227,1910.663523,0,0,0,0,0,0,0,0,0,0,0,0,0,0,0,0,0,0,0,0,0,0,0,0,0,0,0,0,0,0,0,0,0,0,0,0,0,0,0,0,0,0,0,0,0,0,0,0,0,0,0,0,0,0,0,0,0,0
6.953125,89,59,1910.663523,2214.92675006,0,0,0,0,0,0,0,0,0,0,0,0,0,0,0,0,0,0,0,0,0,0,0,0,0,0,0,0,0,0,0,0,0,0,0,0,0,0,0,0,0,0,0,0,0,0,0,0,0,0,0,0,0,0,0,0,0,0
6.953125,89,60,2214.92675006,2567.64231331,0,0,0,0,0,0,0,0,0,0,0,0,0,0,0,0,0,0,0,0,0,0,0,0,0,0,0,0,0,0,0,0,0,0,0,0,0,0,0,0,0,0,0,0,0,0,0,0,0,0,0,0,0,0,0,0,0,0
6.953125,89,61,2567.64231331,2976.52599522,0,0,0,0,0,0,0,0,0,0,0,0,0,0,0,0,0,0,0,0,0,0,0,0,0,0,0,0,0,0,0,0,0,0,0,0,0,0,0,0,0,0,0,0,0,0,0,0,0,0,0,0,0,0,0,0,0,0
6.953125,89,62,2976.52599522,3450.52227654,0,0,0,0,0,0,0,0,0,0,0,0,0,0,0,0,0,0,0,0,0,0,0,0,0,0,0,0,0,0,0,0,0,0,0,0,0,0,0,0,0,0,0,0,0,0,0,0,0,0,0,0,0,0,0,0,0,0
6.953125,89,63,3450.52227654,4000,0,0,0,0,0,0,0,0,0,0,0,0,0,0,0,0,0,0,0,0,0,0,0,0,0,0,0,0,0,0,0,0,0,0,0,0,0,0,0,0,0,0,0,0,0,0,0,0,0,0,0,0,0,0,0,0,0,0
7.8125,100,0,0.3125,0.362263999424,86,4.12328000745e-05,1.10830327423e-05,7.50788730113e-09,4.27253890744e-07,9.76205042658e-07,3.82996290858e-05,1.96490124723e-06,1.16315581513e-05,-2.40187508462e-06,2.60262712224e-07,-1.97585305349e-07,-6.89357677454e-07,-1.95659181446e-06,-4.03674105612e-07,-5.03148264012e-07,-2.96803504414e-07,-6.0886738129e-07,-9.26637438006e-07,2.21334165997e-06,-2.74382842908e-07,-9.34458516716e-07,-1.01403326412e-06,-1.60630591602e-06,6.13940655975e-07,-4.2450625671e-07,6.41047473329e-07,1.1842558462e-06,1.10232886462e-06,1.38752207248e-07,9.9458481614e-07,1.91002127727e-06,-1.56467847845e-06,24.2601520926,-2.0078226157,-3.28553879535,2.86873535983,-2.63375750672,-2.78807086121,-0.470354995667,-0.881987058864,-0.88695292568,-2.52294950261,-1.7723744602,5.28941196156,0.526971889426,-1.9334792844,-2.05400776877,-1.71902509239,1.24800384728,-0.651250812402,4.81421025908,-2.15557127169,1.74846974183,-0.881463284876,1.75932813986,5.35297683937,-4.19363444335
7.8125,100,1,0.362263999424,0.419952656891,40,1.91780465463e-05,7.5044443463e-06,-1.85351781102e-07,2.1428502368e-07,4.6382891358e-07,1.78338939338e-05,1.36027258708e-06,5.4100270471e-06,2.09647102235e-07,-2.54182326077e-08,1.80941318458e-06,-3.42221576702e-07,4.04741447561e-07,-7.40993481022e-07,-1.50866127722e-06,1.60014005688e-06,-3.13658750614e-07,1.67495629202e-07,-4.11614783186e-08,3.91583245181e-07,-7.69554274998e-07,5.36430526684e-08,1.23277705411e-06,-3.64698373694e-07,2.60531904847e-07,1.31853824711e-06,1.76448429382e-06,-7.66164567253e-07,1.43343303372e-07,6.19817875468e-07,-1.43617017995e-06,1.53750950243e-06,11.283791671,1.43461302602,-1.14319633337,4.48372251063,-0.173299850983,0.752160563757,-1.60552097725,-3.75038116706,3.47721036807,0.208382240725,0.263811131335,-0.100622641372,0.78390380517,-1.68838244481,-0.522011142502,2.47619844954,-0.438484191208,1.06166145097,2.77328500967,3.05845130828,-1.7378933435,0.561546289164,0.746560652514,-3.23558758345,3.59453003995
7.8125,100,2,0.419952656891,0.486827932973,67,3.2123227965e-05,1.46457720536e-05,2.51463195757e-07,4.22807040999e-07,7.38358355921e-07,2.98936545382e-05,2.49628145515e-06,9.06179530389e-06,-5.54988868858e-07,-2.08605053493e-07,3.21023282958e-07,-2.29982918672e-07,-4.77564073001e-07,1.66981807093e-06,-1.48037408142e-06,-1.47091597377e-06,-2.2622489642e-07,-1.39342727542e-06,7.28822162788e-07,9.43695834838e-07,1.17304443438e-06,1.54958081829e-06,4.09947620487e-07,-1.04585239138e-06,1.33243501557e-06,6.72277977635e-07,1.15385970348e-06,-2.57739142924e-06,5.93977203373e-07,3.52456420605e-07,-8.21118284537e-07,-1.53251261634e-06,18.9003510488,0.0784076462829,-1.80074643838,2.10567331163,-0.476373763853,-0.513749690184,3.40451079625,-3.04665562738,-2.73595479982,-0.702898713404,-3.21683372914,1.82851239067,0.795082856551,2.9790729352,3.31033379735,0.952575915252,-1.63977847095,2.28158570345,2.33346440879,2.91006902861,-6.23328985991,1.02012475648,1.01945662976,-0.945391706199,-3.37354215935
7.8125,100,3,0.486827932973,0.564352748896,98,4.69862140384e-05,2.4848799363e-05,-2.1843745583e-07,5.13992596338e-07,1.39156370417e-06,4.38832615536e-05,4.90775581301e-06,1.32545662654e-05,3.39693590897e-08,1.46501434911e-06,4.23929276782e-07,-6.95149414473e-07,-1.30429504865e-06,-1.41508928392e-06,-1.45621435186e-07,3.75153959635e-07,-1.46397548844e-08,-6.51792642276e-07,7.69190543742e-07,-1.10327984363e-06,1.74302497755e-06,-1.59267766408e-06,-1.39960628883e-06,-9.68564107354e-07,-3.80022041752e-07,8.32908498204e-07,-7.31586631151e-07,-4.91271663586e-07,-5.38811214944e-07,-3.65849484405e-07,-1.47958155286e-06,3.29214036524e-07,27.6452895938,1.61219927058,0.981944941565,2.60132522746,-1.50148260242,-2.5796437076,-3.62839089481,0.116190748032,0.894166460232,0.0342831851535,-1.47715804363,1.39188537369,-1.65284482552,3.19312709336,-3.01407721319,-2.76326556009,-2.50854155084,-1.66109426218,1.87704618306,-1.68445346456,-1.11511715973,-1.29334733986,-1.19404044028,-2.96526978457,0.386786983131
7.8125,100,4,0.564352748896,0.654222988482,151,7.23971257122e-05,4.44197812259e-05,-1.14574466874e-06,8.37565653254e-07,1.78472850822e-06,6.73841104468e-05,7.97446699796e-06,2.04228521028e-05,-1.1163640945e-06,2.7898116428e-06,7.84026192784e-07,-5.52943213685e-07,-4.95321889063e-07,1.13040744395e-06,-2.33566787986e-06,2.19556012371e-07,2.84724346201e-06,3.80247854368e-07,3.10208847005e-06,1.41772270856e-07,-1.61549283922e-06,2.20167463997e-06,-1.47941146114e-06,1.20307045804e-06,-1.78274901548e-06,3.29494600141e-06,-2.20353664818e-07,-3.58705861975e-06,-1.29959131207e-06,-4.73188037512e-07,-6.87451253143e-07,-1.23726034308e-07,42.5963135579,-0.143385654154,3.29373398839,3.88350353073,-1.44058790821,-0.172112823182,1.80555037709,-5.07109555706,0.665536618988,5.50154500902,1.05810239589,5.95068422373,0.0228574371433,-3.45735465419,4.35309005364,-3.18870783118,2.54682599065,-3.23521377763,6.8708780022,-1.76564120394,-7.20473108366,-3.46547521027,-2.25043975906,-1.55130926103,-1.56693637901
7.8125,100,5,0.654222988482,0.758404596232,230,0.000110273767641,7.81450369249e-05,-6.61495129067e-08,1.23152553235e-06,2.62439071978e-06,0.000102536135502,1.36504999914e-05,3.11076555208e-05,1.98972513981e-06,-2.9815000822e-06,3.54850219725e-06,3.33046854688e-06,1.47551369355e-07,2.02549327512e-06,6.47737898069e-08,-3.67894909263e-06,1.41946464111e-06,-1.04087920393e-06,2.71474930212e-06,-5.90593862688e-07,1.56531298585e-07,-1.27927766159e-06,-2.74347880164e-06,2.66305264841e-06,-7.57829813529e-07,-5.35038224412e-06,-1.15190419245e-06,4.43368186413e-07,-1.18365344438e-06,-2.04940159049e-07,-7.14078819647e-07,-9.77350233239e-07,64.881802108,6.72808845538,-9.65843274401,10.5165664605,7.24975275117,-0.0748887064462,4.07147633935,-0.62410591293,-7.42678340757,2.34479056024,-3.4063059134,5.8908514112,-1.2981089508,0.908478436343,-2.08415204952,-6.88736868529,4.89684305515,-2.07338203086,-10.4447201572,-2.78217422511,0.2039188287,-2.94676326137,-0.884813207308,-0.413881724319,-2.79044858226
7.8125,100,6,0.758404596232,0.87917658308,368,0.000176438028226,0.000144474139171,1.2994102488e-06,2.01671089009e-06,4.17656129626e-06,0.000164078395175,2.54376833001e-05,4.97722488333e-05,-1.41504332852e-06,-1.51639949562e-06,1.22607733821e-07,-4.40027486915e-06,4.16943547943e-07,-5.51804261444e-07,-2.76549622055e-06,2.62712526385e-06,-1.93003134356e-06,3.46642614322e-06,1.82388129978e-06,-2.00149514908e-08,3.36649575063e-06,-3.57521263317e-06,1.7569151058e-06,-2.99496731958e-06,9.33106787663e-08,2.03278546729e-06,-1.79791724493e-06,2.61939438027e-06,-7.36776777207e-07,1.80163704283e-06,-3.42005370776e-06,-1.42189888135e-07,103.810883373,1.15467319506,-8.02147228289,4.42538113353,-8.63981603686,0.546040898292,-1.15438858933,-5.7556082418,5.41063440999,-3.85633213986,7.40508775363,3.75609339803,0.802506264878,7.18948972464,-7.53819142446,4.56127584773,-6.48407546235,0.154001743842,4.7508051442,-5.36124248598,4.59490432233,-1.81674296547,5.04743969294,-8.27933477203,-0.195782924266
7.8125,100,7,0.87917658308,1.0191808806,586,0.000280958381903,0.000267458418349,6.14984596076e-07,3.46305489949e-06,6.27414000955e-06,0.000261199009463,4.59317345674e-05,7.925689624e-05,2.12121466768e-06,1.72521497252e-06,1.31966558859e-06,1.22635979243e-06,-8.57924974255e-07,-1.52035994161e-06,1.18675966291e-06,-1.19572893252e-06,-2.1606578571e-06,3.05720243468e-06,-5.18603124246e-06,-1.13120023312e-06,5.70257248297e-06,-7.59210492894e-07,-2.78507255761e-06,2.79819782435e-06,-4.84114241227e-06,-2.79496055412e-06,1.43130924352e-06,-6.56728735322e-06,-3.63908833878e-06,-4.57112093549e-06,2.27782792456e-06,-1.06062676938e-06,165.307547979,9.60224301288,-3.20563751746,8.57796764572,3.06810525513,-2.56856706881,-3.63442199943,2.62696047814,-2.1363534267,-5.25184200077,6.4202865123,-11.0842072185,-2.670972489,11.2104099166,-1.65758999022,-6.08054721394,4.38390987149,-8.68552499171,-7.25944217515,5.03271845406,-13.0294325037,-9.29972120697,-7.40679604736,5.19141877866,-1.55062245591
7.8125,100,8,1.0191808806,1.18148013421,878,0.000420958121691,0.000464914083066,2.69084546786e-06,5.10138322162e-06,9.3537847635e-06,0.000391313760264,7.83138893826e-05,0.000118750093684,1.15577533843e-06,-7.06925110305e-06,7.69109407853e-06,-6.22478593686e-06,4.8498960549e-06,3.94620002647e-06,-2.22425732021e-06,2.3834689632e-06,-2.21386642875e-06,3.11128957996e-06,-1.34711644455e-06,-3.71329703784e-06,2.01831831519e-06,-1.70481975236e-06,1.95812281895e-06,-3.86613528305e-07,3.3385363241e-07,-9.32778678571e-06,6.67920402815e-07,3.59188667892e-07,-5.25640695948e-06,2.78502780848e-06,-5.72501548748e-06,-3.56487432624e-06,247.679227177,9.64780740911,-23.3462332364,23.5907176428,-11.8653393689,8.99944473137,8.28651754823,-5.9577347265,5.39134953425,-5.19637154506,5.96315706792,-2.07607259863,-8.03664859478,4.73121669088,-3.92057367652,4.98151090537,-1.59895842996,1.72680159499,-19.8047644633,1.61234863166,0.516775046193,-11.641875463,6.72984643149,-13.5483614794,-5.65284826341
7.8125,100,9,1.18148013421,1.36962469971,1452,0.00069616308963,0.000892595884576,1.26834723828e-06,7.82825415045e-06,1.6774155824e-05,0.000647742933008,0.000158492537599,0.00019638398181,-1.21315868116e-05,-1.51738447841e-06,-6.40884056581e-06,5.20641922512e-06,1.91023525925e-07,-6.82143854666e-06,-5.52778087661e-06,-3.14757352787e-06,-1.22701788234e-07,4.09796022783e-06,1.63662648831e-07,-3.80960686975e-06,6.44937337817e-06,1.23831732418e-06,-6.29576083651e-06,7.83427382775e-07,-3.16588859764e-06,2.78774284787e-06,6.11882375427e-06,7.82206106023e-06,-4.42261241834e-06,-5.78420035328e-07,-2.57494161372e-06,-1.24811547207e-06,409.601637656,-15.7648627142,-15.6214160325,-2.91105041212,9.89207248642,0.80685779825,-13.8557270963,-11.2959033644,-5.89591101527,-0.303069827533,8.0155169855,0.312879763767,-6.24848963767,13.3909200037,2.49023772651,-13.9292717151,0.139453453379,-6.52367584664,6.03468431299,11.8101828481,17.4816942022,-10.9065163556,-1.44005415392,-4.90360174963,-2.79617869483
7.8125,100,10,1.36962469971,1.58773030856,2204,0.0010567103647,0.00156884408952,-1.36518155351e-06,1.25659971766e-05,2.44329006806e-05,0.00098314348445,0.000273224681219,0.000298092490295,-4.10395879441e-06,-1.20055760729e-05,-1.08284861147e-05,4.81325762227e-06,-2.92177278948e-06,-4.94569255113e-06,-5.95539527488e-06,1.68124833622e-05,-3.36472460382e-06,2.06277327533e-06,3.57701543754e-06,1.09822116573e-05,-4.35819080262e-06,8.59034410525e-07,-8.38981259497e-06,-1.22767339046e-05,4.13805009998e-06,7.21266995899e-06,6.83263602277e-06,-5.72289771836e-06,-1.25536591357e-05,1.12917153036e-06,4.71684880207e-06,-3.65951191679e-08,621.73692107,4.33868984502,-41.216875048,-9.11500138313,9.38640625832,-6.30793795935,-8.34452746182,-12.6410003208,34.9864883077,-4.54178243679,3.79898584681,7.75216421516,23.5857348963,-10.6672481151,-0.236014757219,-15.66856446,-26.6427540877,9.32135846823,13.7082392135,13.2076177506,-12.2556662115,-24.3661171137,2.66726405551,10.7067385466,-1.09685563492
7.8125,100,11,1.58773030856,1.84056810108,3345,0.00160376414243,0.00275686178437,2.64510812097e-06,1.88208103098e-05,3.61547604997e-05,0.0014916382787,0.000473194216578,0.000452413511814,-2.67604976076e-06,-6.03294259147e-07,2.28621168927e-06,4.48478906857e-06,-1.28326187529e-06,3.3759032767e-06,2.94910253843e-06,3.04054113163e-06,1.4108488799e-05,-4.78347714624e-06,-3.44985077837e-06,7.80340035988e-06,3.6820382963e-06,1.18480693259e-06,-5.30060721919e-06,8.20625364564e-06,9.69230692431e-06,1.30417388459e-05,1.72334676791e-05,7.60427247576e-06,-4.32929606754e-06,-1.76159823115e-06,-7.40692791715e-06,-1.77454986163e-05,943.607078484,11.1792358304,-22.4764192301,23.0936546415,8.71813439219,-2.54820104775,7.38462794504,6.19354977146,6.42980499626,29.2047990159,-10.041850408,-6.1249610337,15.8949076819,7.1310709213,2.02153487552,-11.0390659326,17.0361978982,18.8487758587,26.5494002984,37.8052363087,15.4174770342,-9.26919068421,-2.23531254795,-14.8131799648,-38.8715860575
7.8125,100,12,1.84056810108,2.13366899682,5055,0.00242362563229,0.00483409990798,3.73230180657e-07,2.78064469466e-05,5.61445715537e-05,0.00225567378761,0.000841514266063,0.000683692168077,-1.2268930759e-05,-2.40457893503e-06,-3.78342258118e-06,1.27442198729e-06,1.44194231104e-05,-1.23030728696e-05,1.44629618906e-05,-3.13097309959e-07,-5.35792007781e-06,-5.17886268307e-06,-9.51237304211e-06,-1.67475350249e-06,1.13458253188e-05,-1.922353949e-06,-8.27051026878e-06,1.00627105334e-05,3.63744018496e-06,-1.34167642806e-06,2.666288898e-06,-1.93404555026e-05,-1.23402390629e-05,6.0990720772e-06,1.25194384054e-05,7.2400998532e-06,1425.98917242,-3.62064386306,-33.2982778707,16.1466725577,2.02734762407,30.0457629362,-25.2197102226,30.4453005412,0.112644795218,-11.1210779522,-9.48566001726,-21.4607779232,-4.36122626713,20.6610728522,-4.35712578143,-17.5368741526,18.8696838583,8.64795433062,-2.67745236039,7.05759484049,-41.412236198,-26.4502319922,15.1497704344,25.8905892421,14.8601126659
7.8125,100,13,2.13366899682,2.47344468555,7787,0.0037334862114,0.00862823481563,1.64487401304e-07,4.35211837998e-05,8.63820297665e-05,0.00347684357001,0.00149545326196,0.00105319701539,2.55378123817e-07,-1.34004238024e-05,-9.95176497357e-06,-4.61392371179e-06,1.4678359056e-05,-6.07812466522e-06,-6.76601406651e-06,-4.79162725889e-06,5.49437954148e-06,-1.57022923792e-06,1.5055292586e-06,-1.33337845698e-05,-1.35329331436e-05,1.4554650373e-05,-1.09931940226e-05,-3.66827559348e-06,-1.66276708729e-05,-6.11616571568e-06,-5.6260494621e-06,1.17240481197e-07,-1.70168086606e-06,1.56800841726e-05,-1.16133937907e-05,-6.74406955385e-06,2196.67214354,29.7472587542,-64.8966925649,10.9732811584,-10.1970213473,30.0534846326,-11.9234282567,-15.4022821446,-9.86427149503,10.4209702067,-2.84333953617,2.30930699774,-27.3973288985,-28.3128403548,31.2885405371,-22.7451358852,-7.85634297539,-35.4142009152,-12.5117818159,-13.07423454,1.11636718686,-4.20263942497,30.9464409663,-23.3067291955,-15.3097267287
7.8125,100,14,2.47344468555,2.86732788526,11741,0.00562923611249,0.0150851144347,5.93187532711e-06,6.51753832337e-05,0.00013053803104,0.00524544248024,0.00261716091659,0.001587978189,-1.16245889519e-05,-2.87631917733e-05,-2.14909009824e-05,2.66054478473e-05,-3.34156264542e-06,3.07954592326e-06,2.11082960885e-05,1.81520393286e-05,-2.53009681563e-05,2.51342413585e-06,5.14743520667e-06,-2.50402286629e-05,3.44175159833e-05,-6.4330616243e-06,1.71824990202e-06,-1.47393060714e-05,-5.94168236745e-06,-1.91639508896e-05,1.12572339915e-05,7.66207812499e-06,-4.25197968198e-06,-2.14410451364e-06,-4.29172383933e-07,2.9455741219e-05,3312.07495022,13.3594091486,-107.943069357,-3.72271562462,55.6149401426,-7.95211082604,6.78697966471,44.1705312195,38.0663365538,-49.9388791271,4.23374064229,11.8849695301,-52.6355949308,70.8054857932,-13.3629247756,2.91205547453,-31.3284456602,-11.1745854959,-38.9647604421,20.9839788093,17.2097287161,-12.7785398581,-2.77359326384,-1.3178467641,63.9929956606
7.8125,100,15,2.86732788526,3.32393493559,17635,0.00845512127109,0.0262373413243,3.24284365469e-06,9.55071388503e-05,0.000191416610131,0.00787995335954,0.00449182132649,0.00238514567439,1.62184354866e-05,-1.36002823537e-05,2.98205304803e-05,2.59726770493e-05,1.0964826924e-05,-1.25458384931e-05,3.40210283629e-05,-7.70331449343e-06,-1.38282732661e-05,-1.42175729485e-05,-4.67695799895e-06,1.86142199256e-05,-4.11888813748e-06,1.70256864825e-05,-2.7787601582e-05,-2.11366709666e-05,1.75619517076e-05,3.08626613423e-05,3.89877666831e-05,7.34065283385e-06,5.11753652085e-06,-2.04965740945e-05,2.20906575732e-05,-7.77445434371e-07,4974.74165293,82.4980470334,-90.8424515524,115.826081881,55.1531208965,22.175774109,-25.7080870134,69.2942366868,-14.5674914235,-27.0931045368,-27.8400333383,-10.5156705536,37.602898401,-10.4498041465,34.6285931145,-58.2737531988,-47.1861986266,39.3508734195,65.1696179082,83.1263894224,13.9294654885,11.1328324014,-45.132845465,47.6338267811,-0.880009796888
7.8125,100,16,3.32393493559,3.85325428349,25934,0.0124340864783,0.044728931028,-2.03937442612e-06,0.000141673062077,0.000280040614642,0.0116007127884,0.00760246913664,0.00350759103599,2.3602799505e-05,-2.37744299181e-05,-9.54758772768e-06,2.71101066135e-05,1.06497917898e-05,-1.22447570069e-05,1.36383685973e-05,-1.61906097643e-05,-2.47232424738e-05,-1.56257484411e-06,-7.72649653397e-07,5.39903186428e-06,-1.57341417003e-05,7.72238087976e-06,3.20538813487e-05,-8.84115954082e-06,-1.6070941493e-05,-3.86008389499e-05,-2.88497966535e-06,2.17545923452e-05,4.65733892647e-06,-2.64372731485e-05,3.79125344196e-05,-6.18322616952e-07,7315.84632986,110.904717169,-128.367444016,47.8432788471,57.9910997963,20.8765049594,-24.5837582595,27.4464354214,-34.5237183092,-51.4492111109,-3.53387332636,-2.15650517691,11.9032535058,-32.2266984768,15.6481133916,66.5523762456,-18.9128566673,-31.2462594303,-80.0623932955,-7.6130866361,44.248820557,9.73522850043,-56.1051301489,77.5843969218,3.53411590183
7.8125,100,17,3.85325428349,4.46686498411,37181,0.0178264737159,0.0743362769761,5.16039486401e-06,0.000199445032648,0.000399888186099,0.0166513068782,0.0125561341047,0.00502875539096,1.08629978063e-05,-5.03062818951e-05,-2.86441019939e-05,-1.34703658885e-05,5.11862872603e-06,-1.03242814392e-05,3.12086244255e-05,4.64676093387e-05,-6.33976917258e-05,-4.90811138172e-06,-8.88867236122e-06,-1.23494421592e-05,-4.00654493582e-05,-4.38404256089e-05,1.2517506518e-05,2.50523108633e-05,-1.69443600486e-05,-6.10172265335e-05,3.85387506825e-05,1.28066426406e-05,-1.15150870637e-05,-2.88285267892e-06,-1.99695991312e-05,-4.14775011946e-06,10488.5664529,99.5422928177,-202.168555313,23.9080807769,-27.2444341174,8.58277591303,-19.6006878184,64.1254089515,96.145667608,-132.527134619,-10.354606739,-16.5116012347,-26.0477238858,-84.2560421896,-91.7860703922,27.2300354751,49.3123409686,-35.986758643,-126.325774585,80.2354727785,28.0162405475,-22.861808108,-4.06449057356,-42.9039343815,-6.50494109969
7.8125,100,18,4.46686498411,5.1781899969,52399,0.0251227615245,0.12141307583,-1.11755866649e-05,0.000276336810687,0.000555807413947,0.023499599499,0.0202656768857,0.00708700018103,6.61085444847e-07,6.71788574187e-06,9.02841300449e-06,4.82702338065e-05,3.31366291514e-05,2.88072756618e-05,1.81315727765e-05,-3.58199315224e-05,-1.37341702719e-05,-1.59944307715e-05,4.96374707941e-05,-1.04249767557e-05,-9.1947554516e-06,-2.12123700307e-05,4.47485888418e-05,-3.56909807532e-05,2.50574910447e-06,7.10606512996e-05,2.15071653981e-05,-6.2814139422e-06,-2.394949351e-05,1.77645423199e-05,-1.45142186381e-05,-3.48454606406e-05,14781.4849942,94.1108858897,-103.697746184,120.607251298,101.852173682,69.3466022264,59.4005490517,37.3491748048,-75.269107356,-28.0221090026,-32.3468609187,102.313058903,-23.2987534121,-20.7360039589,-43.4027666371,92.2538545191,-73.1925555639,4.68785210429,149.055736159,41.4737965823,-13.3520214807,-50.9913310639,36.8649707393,-32.344796011,-69.8152338673
7.8125,100,19,5.1781899969,6.00278981776,72105,0.0345708261555,0.193644354116,3.08410023796e-06,0.000375020319672,0.000747740814542,0.0323944752367,0.0317760302023,0.00975225000578,9.27429305406e-06,1.96724048314e-05,1.70312995141e-06,3.22670466623e-05,3.39833114919e-05,-3.19262063066e-05,6.81826729829e-06,6.2328514251e-06,4.11147164728e-05,1.22356722318e-05,-3.3678667478e-05,-1.66795942126e-05,-0.00010332741922,-2.57301933669e-05,1.40385065301e-05,4.40340798335e-06,0.000119182687706,-2.78173558488e-05,4.39492747391e-05,-0.000131811572588,1.97597748819e-05,6.00407810079e-05,6.97228396546e-06,-3.21296806634e-06,20340.4449609,129.332844254,-98.6984384449,123.650710608,67.3285370647,69.7832823689,-65.9517581686,12.7923721329,12.0180449049,88.031082365,23.9005210999,-71.0459179764,-37.7083914584,-217.705735155,-54.8294469997,29.243165174,10.0624096862,246.842532703,-61.0056657413,93.9377568549,-273.535186848,45.7062633749,124.300427662,14.4060204679,-5.3340547207
7.8125,100,20,6.00278981776,6.95870287067,95062,0.0455775865195,0.295807257756,1.41052233236e-06,0.000481399577576,0.000961423914272,0.0428010431915,0.0475988410284,0.0128571997788,2.66523065217e-05,-1.5091110037e-06,-5.30296454101e-05,6.76735096171e-05,-1.37728217378e-05,1.55157918692e-05,2.48738703531e-05,-1.28884269496e-05,-3.0708407177e-05,-4.93111133656e-06,1.01378087228e-06,1.6052775612e-05,1.04365084428e-06,-3.32085340223e-05,-3.37462670137e-05,-1.11160444795e-05,-4.81495962882e-05,8.32600287327e-05,-6.1011651798e-06,9.46568737645e-06,-8.88833175734e-05,-7.04237597101e-05,-2.50106806328e-05,2.9885668074e-05,26816.4950956,180.026060246,-161.228714595,25.841795849,141.161787807,-29.5714705081,32.8896540872,52.5285701425,-27.5311948305,-63.0007014459,-10.2457596904,0.771635398871,34.2258172186,0.323370796808,-69.1164855583,-72.5903979429,-25.2536566924,-100.171367308,173.359434186,-10.9377271787,18.6118069044,-187.430485968,-147.716573795,-52.4601318091,62.3040017943
7.8125,100,21,6.95870287067,8.06684010473,119830,0.057452632941,0.432030319246,-9.58109666168e-06,0.000583867679244,0.00117954065648,0.0540960486862,0.0679989889871,0.0162070885263,-2.79975726054e-05,-7.10503907262e-05,8.54693750777e-05,-5.93538226003e-05,4.97984423817e-05,-2.99599105962e-05,6.00290924842e-05,7.63325309665e-05,-4.38686261505e-06,-6.54233827873e-08,-8.81765989413e-05,1.1186337033e-05,-3.01244266633e-05,2.54406942487e-05,-4.98606189009e-05,-2.35838233802e-05,4.92933746671e-05,3.58947999097e-05,-2.8907028046e-06,-2.93695881974e-05,-3.24059833338e-05,-9.66680223113e-06,5.68786265137e-05,-3.62165998039e-05,33803.4188982,77.5098196983,-320.073780511,326.376547222,-123.360309784,102.536268969,-60.9506989243,122.550572441,161.080843043,-8.71438809105,2.27980558107,-185.086697254,22.8196041016,-65.0814357802,51.0341443341,-100.998965892,-48.839393328,103.46353565,72.7004278038,-2.97244353096,-60.0090583351,-67.8044561114,-19.9041587348,119.310154115,-76.518240285
7.8125,100,22,8.06684010473,9.35144242897,144927,0.0694854187952,0.605265578517,2.825426202e-06,0.000688227833859,0.00136687728483,0.0656319275817,0.0923273830397,0.0196014747464,-2.33202730178e-05,-1.76940824699e-05,-3.65441825992e-05,-7.33266758413e-05,6.65049974217e-05,2.98376920306e-05,3.33778320784e-05,5.75386486725e-05,3.66321557072e-05,-1.45073208165e-05,-3.38185596614e-05,-3.70749974413e-06,-0.000104428217528,-0.000140262596015,-4.8770205727e-05,4.76939069676e-05,-1.24528396291e-05,-6.90015542577e-05,-1.67133998649e-05,4.31841461078e-05,1.07245510333e-05,2.18900285807e-05,1.15910266604e-05,7.45546728964e-05,40883.1518874,92.6879659134,-215.282123292,77.8436552922,-153.945714444,137.569146408,63.5437077901,69.445153742,119.008883472,76.1269716413,-28.9777783061,-70.1097824786,-8.33656784063,-217.264117278,-293.141202353,-100.996050454,100.538180175,-27.0483237755,-144.682918664,-34.5796616394,89.7167874084,25.1057810928,47.0604690469,22.9303459798,154.673569879
7.8125,100,23,9.35144242897,10.840610991,165003,0.0791108803568,0.798194306836,-3.06021830494e-06,0.000743635174497,0.00147502626651,0.0749804562605,0.117060771563,0.0223167673213,5.49267962517e-05,4.45413082258e-05,5.86282620511e-05,1.26455619144e-05,-3.58710349267e-06,2.52044284422e-05,-2.92774525089e-05,9.36006392756e-05,-1.43562295031e-05,-5.99789942896e-06,1.37775092583e-05,-0.000139598056246,-8.52795643399e-05,-0.000101658914637,-8.65162169388e-05,7.75801313334e-05,5.89848940694e-05,-1.27009838409e-05,-2.28035115539e-05,-6.05141356136e-05,-8.85275150522e-05,2.67367737299e-05,0.000138351575005,3.85560503843e-05,46546.486927,252.40505371,-81.2587316874,272.476926075,26.9181670505,-8.64591247907,51.1175155426,-62.0441330205,195.163395027,-28.851788926,-12.8080885956,28.9564304395,-291.135242784,-178.835621717,-214.522720956,-179.422072252,160.571418986,123.852507237,-28.1506432529,-49.2788851025,-124.533837745,-184.156467897,54.5964270284,289.619144628,79.7547195429
7.8125,100,24,10.840610991,12.5669219002,177607,0.0851538828235,0.995309195071,2.13280472089e-06,0.000756909713008,0.00150217690138,0.0810269051794,0.140178319476,0.0240214668439,-6.82262117935e-05,6.75110715967e-05,-6.00600436543e-05,4.89502096073e-05,8.27222236284e-06,-1.21610642985e-05,-0.000117232636229,-9.46130288336e-05,5.14609641878e-05,6.06941287124e-05,1.16738836936e-05,-5.18603091632e-05,-1.77661536027e-05,-4.33434166816e-05,-5.57077588352e-05,0.000124798940439,-2.35453677247e-05,4.78956802692e-05,-2.03961215397e-05,-0.000192490314711,8.04077140764e-05,7.61225621723e-05,-2.4156196742e-05,2.28536509368e-06,50102.0096825,-15.4199276998,-20.1382506492,13.6598849386,101.248147118,17.5074226882,-25.7495418618,-244.141220893,-197.483828962,106.118404068,125.845970363,22.9635849614,-109.316964281,-36.6055983613,-89.3823710645,-118.411600413,260.29685498,-50.9151454017,98.4184314617,-43.0694734982,-401.500669983,169.894217016,158.916670557,-49.6631075684,3.59173206266
7.8125,100,25,12.5669219002,14.5681388416,180503,0.0865423733935,1.17171573939,2.80363417984e-06,0.000713173094768,0.00142669941976,0.0826868195643,0.157428294248,0.0244131528021,-9.90664594296e-05,-1.00635952141e-05,8.48410238248e-05,-4.97714318063e-05,9.55698947688e-06,4.61915184783e-06,-6.27037150694e-05,1.93579668193e-05,4.88200031911e-05,1.51932385811e-05,-7.27970394226e-05,-1.54282977472e-05,-2.05461591508e-05,-6.56766172457e-05,8.54872953408e-05,-0.00010108879004,-4.63595321917e-05,2.20894630893e-05,-7.01419802137e-05,-1.3783269487e-05,3.03193561257e-05,1.25654312458e-05,1.62773223187e-05,3.84056312363e-05,50918.9561995,-95.4601299786,-161.469548485,298.275826657,-103.71855546,19.7928624724,9.98396494209,-131.521386749,40.6880358105,102.201584314,32.1774722745,-152.340658608,-31.9410403039,-42.1874998758,-137.126911383,179.27895735,-209.344798479,-98.0047507075,44.3758547306,-144.555034028,-28.1941252639,64.7387561333,25.8914488428,32.1994363651,80.9770869307
7.8125,100,26,14.5681388416,16.888039171,172993,0.0829416951544,1.30107024047,-1.11434878947e-05,0.000637677768922,0.00126522173724,0.0795897539821,0.165901849153,0.023397420224,7.32113273896e-05,7.06184719666e-05,5.54985064468e-05,-0.000119749095737,8.43900077544e-06,-0.000107348609275,6.02531158493e-05,6.29472025094e-05,8.29285512974e-05,6.94669960194e-05,-1.96133016951e-05,0.000154155094923,4.92799250312e-05,-0.000118303665147,6.62522784498e-05,5.61712288766e-05,1.57513611623e-05,7.20910349162e-05,4.96321700867e-05,1.16942056886e-05,2.88642983385e-05,-1.19277118655e-05,9.77796144292e-05,-6.4414939951e-05,48800.4243133,244.194445557,31.2979086848,215.680481448,-248.837429634,17.0780575088,-224.142814028,126.238344095,130.425121046,172.099552552,146.820963832,-41.2110608669,321.933287992,101.764143469,-247.478112028,139.778891108,117.035504673,31.6789877283,149.032657986,103.742013849,22.9495365701,60.2381579724,-22.946500976,201.523684581,-136.183938321
7.8125,100,27,16.888039171,19.57737156,157483,0.0755054076061,1.3722524456,6.67988363177e-06,0.000529200328171,0.00105158820168,0.072758759377,0.164845526966,0.0212996822365,-5.06677076241e-05,0.000120587302951,-7.08701928586e-05,5.51255425685e-05,-5.59820274579e-05,5.03902752046e-07,7.35479526952e-05,-4.99340962367e-05,-3.3483817198e-05,1.65376207341e-05,-1.62394762197e-05,3.82910833001e-05,-5.90030227109e-05,-7.42135360723e-05,4.9688893324e-05,-0.000109266386648,0.000173740766788,3.33812802944e-05,-5.21710028757e-05,-2.95472472714e-05,4.52938297274e-05,-2.29469016345e-05,5.73610779443e-05,-1.62995129464e-05,44425.1340929,-34.5918405503,161.137549591,-69.6832504129,114.759431741,-116.276424592,1.00052892791,154.192855841,-104.528137338,-68.7392331879,33.9019966653,-34.1354668701,79.6578259238,-123.479764482,-154.698416535,103.743619654,-229.096183991,362.808398079,69.7540210866,-108.217822663,-61.6168169895,95.5184299628,-47.8024267597,118.757454552,-34.0209342071
7.8125,100,28,19.57737156,22.6949661425,137269,0.065813781784,1.38586284027,-2.80823859942e-07,0.000417351635382,0.000831865620487,0.063679814251,0.156404295216,0.0185657250682,-0.000137634753403,8.83807939235e-05,-6.00463720785e-05,4.65548707675e-05,6.91258709225e-05,-8.22586339359e-05,-6.72378136867e-06,-0.00013577531575,1.4531615407e-05,5.52580040842e-05,2.05504302668e-05,3.15575758991e-05,-6.7029849289e-05,-8.82535092532e-05,-2.78546781551e-05,-4.87896472483e-05,4.50486628986e-05,4.218431855e-06,6.44575728178e-05,4.41032993325e-05,-1.63876850087e-05,-0.000112877437739,-1.73182482755e-05,-6.42613627634e-05,38722.869972,-233.873932916,116.535003234,-66.8263507531,96.4543628451,144.802179081,-171.377797364,-13.6136494477,-283.190165433,29.9590894017,115.160389711,41.9929657807,66.2413783551,-139.637849741,-184.367995867,-58.7462424777,-102.014532772,94.0040859045,8.0996184302,133.724458783,92.7318386044,-34.4377240318,-235.417658352,-36.9693071235,-133.582883682
7.8125,100,29,22.6949661425,26.309021445,115189,0.0552275000904,1.34750982318,7.28746295725e-06,0.000314340656711,0.000629182039918,0.0536437192885,0.142693005817,0.0155793901382,-5.18137507433e-05,-1.02558658494e-05,-1.67525970783e-05,5.95071185482e-05,8.63002155261e-05,-2.83463563697e-06,-5.39637658591e-05,-2.38284156033e-05,-6.29293673459e-05,3.3222915425e-05,-2.80318287145e-05,9.26997211917e-05,4.6230971151e-05,-0.000143520695804,0.000136175601544,-2.55554174424e-05,2.93706553717e-06,-3.41822005185e-06,3.96422996528e-05,-2.63315466551e-05,4.92262221986e-05,-6.85797008611e-05,-4.64351218362e-05,-9.85095133016e-06,32494.2169696,-69.6037790825,-70.1268358755,7.00919173212,124.409335536,179.876592313,-5.54776484421,-112.098988954,-50.0179144024,-131.022219815,69.1160812698,-59.0497791802,192.942867522,96.978904046,-299.834853834,283.633154361,-52.9021514839,5.91682350464,-7.04346465994,83.4147870929,-55.287469245,102.30916987,-142.573763057,-97.8150451273,-19.6520810837
7.8125,100,30,26.309021445,30.4985962547,93819,0.0449816287231,1.2718843335,7.68372985923e-06,0.00022655133247,0.000457204185428,0.0438460571035,0.125677297265,0.0126890831883,-1.99827611498e-05,-4.89326756168e-05,-1.47737411091e-05,7.62647475772e-05,-9.42450246493e-05,3.25356958561e-05,3.3730559166e-05,2.23072876064e-05,5.53629975873e-05,-5.2493307055e-05,6.46698100868e-05,-4.19396659932e-06,1.50120929724e-05,-1.11460495196e-05,-3.22295417601e-05,9.80763223803e-06,-2.00597833896e-05,-2.02853618861e-05,2.38356366977e-05,-1.6461477447e-05,-1.83988242525e-05,-1.86633465253e-05,1.84821851757e-05,-0.000138460152553,26465.8512694,-14.9204954138,-136.047242341,-1.42740206961,158.755083765,-196.424703006,67.9680822853,70.3797047517,46.4630502939,115.367171042,-109.932636626,135.400921475,-8.82320712028,31.1727428994,-23.0338783391,-67.0170559406,19.908219524,-42.1836474089,-41.7990338406,49.4087400771,-34.9238290381,-38.1669229683,-38.9763471282,39.0620701131,-289.082579833
7.8125,100,31,30.4985962547,35.3553390593,74628,0.0357804814414,1.17249416219,-6.38696912651e-06,0.000160553447784,0.000320940113773,0.0349893931147,0.107736537669,0.0100934874618,6.46179340597e-05,4.24433626599e-05,-7.52644624561e-06,6.30159677672e-05,2.32365557936e-06,0.000104019250133,-4.09418598472e-05,-3.70974922799e-05,-8.59173303299e-05,-2.78097899538e-05,2.94797677402e-05,3.32799488048e-05,-8.41083648994e-05,3.27448264049e-05,-5.66564283179e-05,3.3935385159e-05,-6.00337530504e-05,6.28526138307e-05,-5.39931767179e-05,-1.53858746955e-05,1.72775495562e-05,-2.94574603099e-05,6.14612015873e-05,1.06836781903e-05,21052.1701205,153.121239147,65.3766513147,4.3954044105,131.58224171,4.91019825085,216.888396077,-85.4270500742,-77.2948648504,-179.25807298,-57.9019574778,61.3224605493,69.0979558594,-175.028544506,68.2481145918,-118.489110142,69.9880927224,-125.044727231,131.021371668,-112.911792963,-31.8023244035,36.1666199769,-61.9773307296,128.616701216,22.2589964265
7.8125,100,32,35.3553390593,40.9854928916,58226,0.0279165234551,1.06026855964,4.97385475242e-07,0.00011073458053,0.000221658145545,0.0273788543463,0.0908451454462,0.00787510587111,-4.40347569374e-05,-4.05620534174e-05,3.63008274009e-05,-3.62664425803e-06,-5.96055305801e-07,2.84120640555e-05,2.0171510385e-05,-4.20367855467e-05,4.17245050642e-06,-2.76513969058e-07,8.25313319553e-05,4.24774835379e-05,1.44504627507e-05,-3.1577864603e-05,-3.51167072288e-05,9.15929769798e-06,5.32814072336e-05,1.65853224447e-05,3.31165016148e-05,3.40597459803e-05,-4.6048690707e-05,-4.10413050481e-05,-2.11323295782e-05,-6.59581831731e-05,16425.2513458,-79.5357475777,-100.200222742,89.2460459952,-7.59840172685,-1.08135156175,59.3411435263,41.9855057512,-87.5367063158,8.53533850649,-0.651426032733,172.223192741,88.5747335475,30.1436199999,-65.9048767037,-73.2931021244,19.3034269294,111.073160061,34.7802254954,68.5836997823,70.7187709682,-96.1911563549,-85.6277737997,-44.2904597502,-137.56488863
7.8125,100,33,40.9854928916,47.5122194344,44934,0.0215436585878,0.94842111743,-1.56791615352e-06,7.49344562115e-05,0.000149969254226,0.0211826450778,0.0753863753763,0.00607735388336,9.52833647194e-06,1.40123562045e-05,-3.43956916098e-05,2.16180818148e-05,3.15064439189e-05,-5.67872676372e-05,-7.26634149365e-06,-7.20999198257e-05,-7.17714514629e-06,3.27755826449e-06,-3.05426636869e-05,-1.80543180759e-05,-5.28692688166e-06,-3.3412139978e-05,9.33055648848e-05,-2.21114179041e-05,3.00483773641e-05,1.77962621171e-05,-9.24029921987e-05,4.59503335699e-05,-2.47856454967e-05,4.27411958772e-05,1.02465707442e-05,1.66053964314e-05,12675.6473736,28.0054534744,18.8127930617,-62.7889410345,45.1577202563,65.6263325014,-118.447603157,-15.0489659268,-150.58717992,-14.9341506296,6.76898433369,-64.0772011784,-37.2574821451,-11.1720292068,-69.5439926328,194.429152059,-45.7102834239,62.3941161768,37.2092454522,-192.70770124,96.1162618631,-51.8270714386,89.2460896941,21.3162900241,35.0194972562
7.8125,100,34,47.5122194344,55.0782932282,34165,0.0163804490063,0.835874848847,7.38305048086e-07,4.97750237843e-05,0.000100957748235,0.0161428426122,0.06220376078,0.0046208393516,-9.17652563137e-05,8.59664045181e-07,-4.88958625662e-05,-1.98257115178e-05,-4.28905055524e-05,-1.29886866006e-06,1.15175642815e-05,-1.18105426822e-05,-4.63458656071e-05,-8.21553234304e-06,2.50857198226e-06,4.7177076695e-06,1.44595253626e-05,5.55074898202e-05,-2.84705692739e-05,-1.838181883e-05,3.80624948501e-06,2.90829048465e-05,-2.24255091177e-05,-6.39624491447e-05,-3.95774609295e-05,-3.58127458299e-05,-2.21834147509e-05,3.628975621e-05,9637.76856096,-186.067872043,-4.96994578865,-96.1115928416,-41.5306981042,-89.254681918,-2.59852127094,24.0788274437,-24.4522898061,-96.6446733188,-17.1626153149,5.16421536157,9.834931666,30.013709848,115.834098987,-59.4443225557,-38.4885831179,8.30144057076,60.6588328512,-46.7798426052,-133.340035999,-82.5668064228,-74.9432577827,-46.0234075939,75.9027239764
7.8125,100,35,55.0782932282,63.8492249161,25924,0.0124292919666,0.735152670207,-3.34307776694e-07,3.26641742157e-05,6.64085419398e-05,0.0122726761544,0.0505736860089,0.00350623852923,1.73638229668e-05,-7.35541045208e-06,-3.89750572861e-05,1.80491711702e-06,-2.30525122001e-05,4.18851350535e-05,4.38314975558e-06,5.0987000699e-05,-1.47744256524e-05,1.17062153649e-05,2.54040494505e-05,-2.57211684808e-05,5.16728721741e-06,5.9452829112e-05,2.16989244217e-05,-6.15858310524e-05,-4.52201436111e-05,-1.79272318679e-05,-2.02124409945e-05,6.90802291495e-05,2.42778228324e-05,2.8672075127e-06,-5.738249049e-06,-1.29729164366e-05,7313.02538195,39.7254108143,-19.7327846549,-77.4801670125,3.78841550856,-48.0689353513,87.3401886192,9.13328206049,106.305922332,-30.7227126629,24.405400764,53.1581555297,-53.6180731907,10.9339888244,124.031983858,45.4315289508,-128.533569369,-94.1148162198,-37.4763020633,-42.2525193522,144.262169765,50.6312690581,6.07146093559,-11.9841784233,-26.9554715528
7.8125,100,36,63.8492249161,74.0168818502,19504,0.00935121549596,0.641213361877,2.25606938005e-08,2.14450608438e-05,4.37204228163e-05,0.00924940552974,0.0411113094711,0.00263792918817,-3.80518549568e-06,-4.64598426656e-06,-1.9929181789e-06,2.38091584893e-05,5.07579115055e-06,5.57894298251e-06,3.4514346154e-05,-5.07813710675e-05,-1.67143147416e-06,-1.61426528542e-05,-1.16005254669e-05,3.25962168088e-05,-1.91393798898e-05,-1.73873429886e-05,-3.26039518505e-05,1.07160642123e-06,-9.59514647804e-06,1.29351121155e-06,-2.18687745128e-05,-1.89427400785e-05,2.91419343683e-05,-1.24351182429e-05,-1.49570064374e-05,2.07470836918e-05,5501.97681876,-5.69819696257,-12.5664317412,-1.6584757501,49.614900757,10.5930343012,11.695822558,72.0005432854,-105.899451857,-3.50445077157,-33.6587680419,-24.2840542755,67.904423157,-39.9300581225,-36.1346902763,-68.1519530826,2.11978462724,-20.0426860309,2.56139540289,-45.4759295462,-39.6152809842,60.9515387024,-25.8974846227,-31.185856012,43.3374627235
7.8125,100,37,74.0168818502,85.8036852606,14618,0.00700861711034,0.557133065152,-1.41292178812e-07,1.38775938903e-05,2.84451152356e-05,0.00694257873386,0.033138696738,0.00197709438436,-9.33696344697e-06,6.86224602782e-05,-2.43572916806e-05,3.92543477999e-05,4.7628815815e-06,-3.05989933159e-05,3.37464518835e-05,-6.71429906143e-05,-3.91918726852e-05,-1.47306185498e-05,2.50194567337e-05,-7.44650104382e-06,1.00412786015e-05,-8.93275161171e-06,5.80258923708e-06,1.90228349517e-05,-1.82427948711e-05,2.73241998324e-05,-1.34657843545e-05,3.01250588963e-05,3.5624889288e-06,-3.22557268862e-05,3.05635656469e-05,5.79993153761e-05,4123.66166615,-18.0499609825,141.253662589,-49.1902067481,81.8705922758,10.0237707901,-63.9143400126,70.4924097061,-140.042203512,-81.7563162795,-30.6664411004,52.0691833475,-15.4663506104,20.8913630589,-18.5577606233,11.9080051177,39.5088602655,-37.9221629637,57.1084817661,-28.1697727894,62.8327754445,7.35336625344,-67.260396189,63.8414987527,121.054912044
7.8125,100,38,85.8036852606,99.467475801,10933,0.00524183957226,0.483067464319,-3.63646254467e-07,9.23393197706e-06,1.83657367381e-05,0.00519923368168,0.0264839335393,0.00147869564265,-1.32376929682e-05,-2.14669867902e-05,-9.62760125435e-07,1.92922783485e-05,7.53277757338e-06,3.40338637299e-05,1.80324671806e-05,7.31468167334e-06,2.14703682667e-05,-5.26324086595e-06,-2.90276900169e-05,-1.12471644396e-06,-3.30163885953e-06,-2.33536994563e-05,-1.18069821283e-05,8.4038951228e-06,1.58896213223e-05,-4.78532976967e-05,3.15728068781e-05,-3.23786777424e-05,2.66946518567e-05,-3.87883774732e-06,-9.51837504914e-06,2.17825046277e-07,3084.14235846,-26.6660136478,-45.9585225024,-0.975453860151,40.2013193291,15.6814247485,71.0269073903,37.6038739077,15.2536273786,44.8032356808,-11.0177890081,-60.4820132519,-2.48727331534,-6.84222486967,-48.7144468608,-24.6429738555,17.5741852703,33.1224782263,-99.8393116039,65.8765797046,-67.5463221747,55.7447254613,-8.03157431101,-19.8859921474,0.457488369855
7.8125,100,39,99.467475801,115.307153908,8133,0.00389937631402,0.416515268973,6.56047182495e-07,6.05477381813e-06,1.18674800531e-05,0.00387206242296,0.0211851669497,0.00109999374935,1.18931007165e-05,5.08010524368e-06,-1.84823443791e-06,2.60644080033e-06,2.17702446131e-05,1.94795385606e-05,4.24723847826e-07,-1.87987787553e-05,-1.18127857395e-05,1.57846788197e-05,-1.78074905193e-05,-2.17503574905e-05,-6.62692443611e-06,-8.46182004374e-06,5.55002259808e-05,9.5419490851e-06,6.47333245133e-06,6.86934087532e-06,-2.92366003894e-05,-2.43322066103e-05,-2.11666847301e-05,5.44575612763e-06,8.92682995691e-06,3.27709401809e-05,2294.2769415,25.4113013434,9.83457612516,-3.19022138894,5.4776896513,45.3738355684,40.6168480445,0.878984348224,-39.2420844531,-24.63058613,32.9314113546,-37.1924092807,-45.3913340524,-13.8378587702,-17.6508926949,115.712064573,19.9394280616,13.5732288575,14.2884108585,-60.9643218657,-50.6840683432,-44.1681328835,11.3053404847,18.5125861295,68.45606615
7.8125,100,40,115.307153908,133.669218358,6080,0.00291506307503,0.36086879012,-1.94775935535e-07,3.86840922237e-06,7.79751592502e-06,0.00289745926888,0.0171302661746,0.000822324111159,3.08579476281e-05,1.24352726612e-05,3.23214557243e-06,-1.28631934728e-05,-1.17584955573e-05,1.99373824109e-05,1.00168600309e-05,-1.2262110575e-05,2.37292002348e-06,1.39322691866e-06,-2.440330445e-05,-4.66714562582e-06,-3.48699270582e-06,2.85946143347e-05,-9.26593209526e-06,9.30017718606e-06,-2.5882798803e-05,-1.49555870258e-05,4.42810591182e-06,-4.41278170726e-06,5.70331734497e-06,-1.17237179516e-06,3.54627442396e-05,-3.23230187065e-05,1715.13633399,64.7484430211,25.4505032475,7.17463872068,-26.8149858202,-24.5450755742,41.5693247806,20.8833726379,-25.5734976693,4.89023600686,2.93733622306,-50.8654626597,-9.7642027164,-7.25361000402,59.6554296316,-19.292664847,19.3677865713,-53.9315251218,-31.1980739162,9.27688404886,-9.1453647261,11.879865338,-2.4670338668,73.9941876517,-67.4424027098
7.8125,100,41,133.669218358,154.955346055,4529,0.0021714343202,0.311614185672,-5.77599388999e-08,2.45795480076e-06,4.88607930189e-06,0.00216002414956,0.013506051413,0.000612550312408,-1.19670898311e-05,2.01754992066e-05,4.15346989203e-06,5.59699456096e-06,-1.47164010463e-05,-3.09068735304e-05,6.76439382893e-06,-1.34793354678e-05,2.30233006403e-05,-7.1327723903e-06,1.37334358737e-05,-9.31720987687e-06,-1.34267590887e-05,-2.56911842885e-05,-1.71962635646e-06,2.10039553284e-05,2.59138751389e-05,8.78670494594e-06,8.83872779072e-06,9.39697427913e-06,-4.95681862407e-06,-2.53566727011e-07,-1.40538391594e-05,-1.64031981031e-06,1277.60731194,-24.7194404245,41.759279364,8.93499609652,11.6581538575,-30.6783813329,-64.478252051,14.1180271238,-28.1242737554,48.0153956572,-14.8971922879,28.6408065698,-19.3980396236,-28.0308498033,-53.5714074979,-3.61621992981,43.8135819929,54.0052213075,18.3311985932,18.3920699435,19.601489865,-10.3273476425,-0.518809811517,-29.3149802917,-3.4569139591
7.8125,100,42,154.955346055,179.631178861,3368,0.0016147915192,0.268625970056,5.67505934627e-08,1.56050867417e-06,3.08507030186e-06,0.00160742823851,0.0107687323604,0.000455524277366,-1.73151012384e-05,1.47413149844e-05,-3.69488258694e-06,1.80822024682e-06,1.16648557434e-05,-1.01270129914e-05,6.23698107912e-06,2.42248923684e-06,4.21865994052e-06,-2.57263300405e-06,5.6394149495e-06,8.73299412441e-06,-8.13950190945e-06,9.5130319703e-07,-2.53381748228e-07,-1.46764183236e-06,7.91031768107e-06,-7.58349119336e-06,3.25331984347e-06,-1.6667565072e-05,-1.4695614089e-05,1.9665325535e-06,2.92931761401e-06,-7.78252091177e-06,950.095258694,-35.9534389012,30.539506051,-7.53237714567,3.75984849216,24.3493727924,-21.1212315436,13.0158897751,5.05634539392,8.80154426318,-5.36512203803,11.7490638392,18.2103784788,-16.9998490265,1.97430617335,-0.521210415156,-3.05154430021,16.506202097,-15.8316581773,6.7937208995,-34.758261049,-30.6323027101,4.08880881629,6.10141269399,-16.2353351826
7.8125,100,43,179.631178861,208.236509681,2509,0.00120294296961,0.231981605784,-1.0232573356e-07,1.04121767694e-06,1.91749083733e-06,0.00119819278552,0.0084826428548,0.000339343946529,1.39155893487e-05,8.96422083452e-06,4.52499228014e-07,-7.63657273568e-06,-3.72171087376e-06,-1.13293336129e-05,-2.64365168552e-06,1.09812613946e-05,-7.47419329647e-07,7.3213083783e-06,-1.27588529545e-05,1.10335359824e-05,-1.09971464555e-05,-7.30650571459e-06,-9.40397553505e-06,-8.22715467895e-07,-6.15850649657e-06,6.82968749366e-06,1.67521106453e-05,1.3375514348e-05,4.48429664679e-06,-2.64913142389e-06,1.71394260399e-06,-1.79402440835e-07,707.775832561,29.1274938384,18.5658461295,1.05428350415,-15.9243113729,-7.77049852153,-23.6284348254,-5.51216599337,22.8998140969,-1.55947776202,15.2802497221,-26.6033214703,23.0221488745,-22.9361205617,-15.2453571239,-19.6042193551,-1.74102091453,-12.8529582338,14.2394488447,34.9585559038,27.8900753993,9.37030711187,-5.51843314943,3.57134180202,-0.384477538852
7.8125,100,44,208.236509681,241.397090634,1865,0.00089417642022,0.199918693095,2.84578771079e-08,6.56519170685e-07,1.28440322873e-06,0.000891150862359,0.00690510686081,0.000252242511071,-5.32063297289e-06,1.01511403474e-05,2.07730175554e-06,2.29313151404e-06,2.60848186153e-06,4.11464877037e-06,1.22933942394e-05,-1.42148490913e-05,1.69190829158e-05,1.53694060727e-05,-6.9088036694e-06,1.14198009118e-05,-3.80615334611e-06,-1.22352441973e-06,-7.98725535564e-07,2.30110621473e-06,-8.56899055449e-06,-5.13521613552e-06,-2.41663638882e-06,1.39642235409e-05,1.72699241119e-05,1.3424246003e-05,1.12751331758e-05,6.05064992503e-06,526.106786658,-11.0327222155,21.0883198929,4.4077672187,4.78029002409,5.44187903433,8.58357927221,25.6412861237,-29.6496941377,35.2825016032,32.0663075782,-14.4047166505,23.8129106743,-7.9340702397,-2.53572225338,-1.67175817891,4.8106263642,-17.8668589619,-10.7198007967,-5.03441832094,29.1243981727,36.0168999811,27.9987733208,23.5059308811,12.597679812
7.8125,100,45,241.397090634,279.838321607,1387,0.000664998763992,0.17237389479,-2.42926403426e-08,4.14788332874e-07,8.50909822014e-07,0.000663067119499,0.00566043031318,0.000187592687858,3.21032459507e-06,6.018806617e-06,-9.4000624992e-06,1.31792802757e-05,7.31322025868e-07,-5.06335298047e-06,-6.41748516649e-06,-4.39253101374e-06,-1.23010859132e-05,6.42349241303e-07,-3.91484592411e-06,-9.07905144199e-06,-1.63556306507e-08,7.07118880009e-06,-2.45285962593e-06,4.48622535392e-06,-3.36714703686e-06,9.01091990463e-06,-1.85950899535e-07,-5.71076778622e-06,1.56949330125e-05,6.81736823267e-06,-4.70151219015e-06,4.22996743042e-06,391.26547619,6.73606225916,12.5001865354,-19.5616044593,27.4886471691,1.52489725377,-10.5635157185,-13.3827603787,-9.16081594983,-25.652996167,1.33724648962,-8.17061604541,-18.9385151721,-0.0323387825929,14.7536697832,-5.1261392885,9.34796033621,-7.00259935635,18.7937129728,-0.391549374481,-11.9044003965,32.7229162492,14.2211834365,-9.80167293765,8.82351097245
7.8125,100,46,279.838321607,324.401118648,1031,0.00049431414973,0.148553145324,2.06959620787e-08,2.41111071945e-07,5.61583442369e-07,0.000493070609876,0.00459997786922,0.000139443447139,-3.63766548771e-06,-1.01233435614e-05,2.30297636422e-06,-3.8538090237e-06,2.98526306802e-06,-6.43673743687e-06,-5.97935070755e-06,-2.61735639895e-06,5.33435759383e-06,-1.50707715917e-05,1.8636749287e-06,5.38568509937e-06,8.34041137593e-07,8.66004240321e-06,-6.28328170223e-06,-6.48081549753e-06,5.89641225933e-06,4.00333430294e-06,1.63707872429e-06,3.86668106391e-06,-3.98492551696e-06,4.90346189192e-06,-1.8733216365e-06,-4.9705166204e-06,290.839730319,-7.56003272245,-21.1490343013,4.83249545562,-8.04270058303,6.22920594573,-13.4208049792,-12.4729583773,-5.45601046313,11.1260525208,-31.4334354636,3.88552988663,11.2380878612,1.73838823821,18.0608064369,-13.102129409,-13.5215547663,12.2937486928,8.35687732457,3.42007410051,8.06270652783,-8.30681080661,10.2229578708,-3.89297673636,-10.3754213883
7.8125,100,47,324.401118648,376.060309309,764,0.000366300689034,0.127596249179,3.180087417e-09,1.81313336936e-07,3.55761389264e-07,0.00036551743139,0.00362613858285,0.0001033315166,-1.04984573612e-05,4.96785440055e-06,-7.20206575135e-06,5.03377728777e-06,2.19775189423e-06,-1.41991954832e-06,2.20063470194e-06,1.65517410473e-05,-1.84840025984e-06,2.71599927653e-06,-1.39314864014e-05,-1.27378210176e-06,-3.90097558416e-07,-4.27118243443e-06,-1.65660515084e-06,2.97718801646e-06,-7.03627753979e-06,-2.67805212102e-06,1.72271194908e-07,1.10088101027e-06,2.4167210689e-06,-2.54517863423e-06,4.87952142313e-06,5.94701057982e-06,215.520420915,-21.8787764388,10.3393048128,-15.003999034,10.495269601,4.58407284676,-2.95934440153,4.59267494498,34.523306049,-3.85041869758,5.66606173305,-29.0572008083,-2.65692343052,-0.814652634351,-8.91307282219,-3.45267546379,6.20515584618,-14.6758332091,-5.59005892366,0.364338909938,2.30400126647,5.03806670856,-5.29545326502,10.1752815264,12.4017339567
7.8125,100,48,376.060309309,435.945957359,571,0.000273766614448,0.110540921783,-4.00002565428e-08,1.20139205954e-07,2.35387348124e-07,0.000273266074906,0.00297219039582,7.72281360974e-05,3.41920004905e-06,1.76244825132e-06,-7.15451490134e-06,3.9055598827e-06,-1.36450470408e-06,-5.51084308873e-06,2.31186909499e-06,-5.12204350263e-06,-2.61181162426e-06,1.08148728599e-06,-5.33384694245e-06,-4.26881856509e-06,4.60937424687e-06,-1.21349723422e-06,7.69810027925e-06,-1.59984327376e-06,-3.59894603403e-06,1.31424825402e-06,1.81243756508e-06,-6.41697807667e-07,-6.57292971655e-06,-2.73066143095e-06,-2.67374470558e-06,-7.43808710777e-06,161.076126103,7.14182183593,3.66139595404,-14.9100679397,8.14661558218,-2.84770596411,-11.4947891756,4.82412679314,-10.6855333423,-5.44937584265,2.25515278948,-11.1264248874,-8.90146751999,9.61070424569,-2.5292703134,16.0549890893,-3.33335389019,-7.50917421349,2.74150809221,3.77976734606,-1.33676956607,-13.7142877074,-5.69719564547,-5.57842503064,-15.5112763333
7.8125,100,49,435.945957359,505.368083345,423,0.000202807842227,0.0949350147033,1.76186936523e-08,7.38377738901e-08,1.39196744699e-07,0.000202480766351,0.00228218269314,5.72110360231e-05,-3.16836934464e-06,-5.91642678819e-07,2.39620337424e-06,3.72560904933e-06,2.11907730012e-08,4.31999601022e-06,-1.4157501978e-06,-2.89700734528e-06,-8.43171624056e-07,-6.82572970225e-06,-6.81825637122e-06,-6.99494478671e-06,4.55401898189e-06,1.35213653609e-06,5.48389117767e-06,-2.52481014842e-06,3.41292626615e-06,-6.37185092616e-06,1.53065562628e-06,1.88839134101e-06,-5.60172621253e-06,-2.63719127352e-06,-1.19018824352e-06,-2.05718028562e-06,119.32609692,-6.60145790842,-1.2425974804,5.00558391548,7.77030495928,0.0440732044918,9.00960531978,-2.95283438473,-6.04157511661,-1.75812632241,-14.2394927288,-14.2194364524,-14.5894119412,9.49974652413,2.81945371344,11.4372055214,-5.26557560444,7.11734063856,-13.2874662134,3.19413923001,3.9423420573,-11.6850926052,-5.50028430213,-2.48139845385,-4.28910420998
7.8125,100,50,505.368083345,585.845321772,315,0.000151027116552,0.0819425148258,1.01287173046e-08,4.43361175106e-08,1.01868629677e-07,0.000150821635173,0.00191184970202,4.26039629959e-05,-2.77942574429e-06,-6.41473078721e-07,5.03534924846e-06,-2.2196385859e-09,1.63738541122e-06,-5.85182534141e-06,-2.52584178244e-06,4.21454298799e-06,-4.96449964327e-06,-1.69758174142e-06,1.78284249837e-06,3.70838376192e-06,-5.81334326737e-06,-3.08354777212e-06,7.77441345591e-06,-5.89813973757e-06,-4.77315181713e-06,-4.60618860034e-06,-5.04166850787e-06,3.0578856423e-06,2.55852172417e-06,2.35938737964e-07,-1.38523739519e-06,-4.53113602904e-07,88.8598594088,-5.79240862521,-1.34402477308,10.5068175101,-0.00345803847887,3.41580313428,-12.2045309555,-5.26915677318,8.79065359844,-10.3536847691,-3.54116794779,3.71732561031,7.73701980546,-12.1245371834,-6.43171872026,16.216877215,-12.3008395255,-9.95546317855,-9.607361789,-10.5155820665,6.37774135353,5.33847256535,0.489665973417,-2.89150245313,-0.943822300219
7.8125,100,51,585.845321772,679.138141789,236,0.000113150474623,0.0712078697189,-1.58059456697e-09,2.9994184893e-08,5.24607725786e-08,0.000113011682212,0.00138007020981,3.19191595779e-05,3.96728306428e-06,-1.57976721131e-06,-2.69084461433e-06,-3.00073883305e-07,-3.00845194901e-06,-2.90259416111e-06,4.23104796648e-07,1.43673774642e-06,4.9048449416e-07,-1.43983798407e-06,1.84921290289e-06,9.85623262897e-07,4.7233053047e-06,1.52890699359e-06,-3.46879259642e-06,-1.8768915726e-06,-1.8340195085e-06,4.77804904655e-06,3.19468713123e-06,3.52917479874e-06,3.39108074275e-06,-1.21686068856e-06,-4.37036568737e-06,4.59654672185e-06,66.5743708586,8.2774386562,-3.29872640435,-5.60921258223,-0.625938191342,-6.27507575176,-6.05420622588,0.883133542513,2.99632063834,1.02380569382,-3.00276259109,3.85742543252,2.05644605769,9.85148128669,3.18958658827,-7.23556846337,-3.91640856887,-3.82621138466,9.96710393296,6.66314024388,7.36049987987,7.07044976668,-2.53697378906,-9.11409993327,9.58659652717
7.8125,100,52,679.138141789,787.287358098,174,8.34245024763e-05,0.0608978024931,-8.28558982643e-10,1.67686869586e-08,3.66757506724e-08,8.33367957437e-05,0.0011478616209,2.35336176549e-05,-1.37553847757e-06,-7.78467936111e-07,1.06675078464e-06,-4.29883004124e-07,-4.46448705526e-06,-4.00369531557e-06,-2.12809340632e-06,-1.30324446493e-06,2.96412207347e-06,4.54541637769e-07,1.5649507239e-06,-9.59768866849e-07,-4.81624743357e-07,-3.43390171967e-07,-6.06156780725e-07,-1.44933504246e-06,-6.04736798004e-07,1.04314665733e-06,1.89080761532e-06,2.78644138476e-06,-5.36201841958e-07,5.33298798696e-06,-3.12540463716e-06,-6.01547614876e-07,49.0844937687,-2.8673914334,-1.62601458556,2.22688277884,-0.896881802573,-9.3114923466,-8.35060847569,-4.43889756342,-2.71816588163,6.1822700864,0.947343510874,3.26499414041,-2.00030236613,-1.00497331266,-0.714929297556,-1.26440442742,-3.02217895593,-1.26234369796,2.17469942599,3.94322932425,5.81178591002,-1.11796779842,11.1221264657,-6.5187226029,-1.25557122038
7.8125,100,53,787.287358098,912.658774529,128,6.13697489481e-05,0.0519000137661,-4.84022330038e-10,1.28092916359e-08,2.01325524199e-08,6.13135534763e-05,0.000869740083751,1.73120865507e-05,-1.83391895663e-06,-3.55041322476e-06,3.88510185383e-07,-3.00721651808e-07,1.80880352135e-07,-2.00988351865e-06,-3.62978631929e-06,4.08787249628e-08,-3.77797578258e-08,7.66864719987e-07,-1.29630931734e-06,2.85482796623e-06,-8.98063024129e-08,-1.47015806891e-07,-2.24988563083e-06,-4.52768237003e-06,2.45532245383e-07,2.1081053011e-06,-5.34704890256e-06,-2.07075623884e-06,5.79460028943e-06,5.45472563141e-07,3.25432609618e-06,5.0200332988e-06,36.1081333471,-3.82387225559,-7.40664407525,0.811476692957,-0.627415760093,0.377125064803,-4.19130668301,-7.57099670282,0.0855832338502,-0.0779232698547,1.59959855273,-2.70475486444,5.9546454268,-0.186661888786,-0.306875144621,-4.6924548948,-9.44250503167,0.511666788892,4.39664998516,-11.1518861138,-4.31930166073,12.086452806,1.13794134156,6.78766140509,10.4701922664
7.8125,100,54,912.658774529,1057.99493686,64,3.0684874474e-05,0.0292878477133,-1.7702167461e-10,6.24920043191e-09,1.0532912547e-08,3.06611103174e-05,0.000484579225705,8.65604327536e-06,2.54482603319e-06,1.76995433472e-06,-6.16862524357e-07,2.2770819064e-06,1.76895285535e-06,3.53717436741e-07,6.12305534628e-07,1.3562052571e-06,-1.21957955429e-06,4.94302615795e-07,1.83887843401e-07,-6.17800490043e-07,-4.21331868997e-06,4.89581312728e-07,-1.54039231557e-06,8.20431024194e-07,-1.65149535163e-06,-1.41338478157e-06,1.80589434888e-06,3.08305206323e-08,5.80613056768e-07,2.27683922043e-06,-4.62563671474e-07,-8.19236083076e-07,18.0540666735,5.30834503731,3.69091463011,-1.28609233998,4.74947019417,3.68943016018,0.737648972939,1.27695803227,2.82854862083,-2.54355025947,1.03096944751,0.383697788484,-1.28890072124,-8.78795243321,1.0212153282,-3.21287745531,1.71051789069,-3.44395177002,-2.94821070025,3.76629513196,0.0646055260929,1.21149334993,4.74848403367,-0.964652193216,-1.70877021388
7.8125,100,55,1057.99493686,1226.47512703,0,0,0,0,0,0,0,0,0,0,0,0,0,0,0,0,0,0,0,0,0,0,0,0,0,0,0,0,0,0,0,0,0,0,0,0,0,0,0,0,0,0,0,0,0,0,0,0,0,0,0,0,0,0,0,0,0,0
7.8125,100,56,1226.47512703,1421.78491108,0,0,0,0,0,0,0,0,0,0,0,0,0,0,0,0,0,0,0,0,0,0,0,0,0,0,0,0,0,0,0,0,0,0,0,0,0,0,0,0,0,0,0,0,0,0,0,0,0,0,0,0,0,0,0,0,0,0
7.8125,100,57,1421.78491108,1648.19676227,0,0,0,0,0,0,0,0,0,0,0,0,0,0,0,0,0,0,0,0,0,0,0,0,0,0,0,0,0,0,0,0,0,0,0,0,0,0,0,0,0,0,0,0,0,0,0,0,0,0,0,0,0,0,0,0,0,0
7.8125,100,58,1648.19676227,1910.663523,0,0,0,0,0,0,0,0,0,0,0,0,0,0,0,0,0,0,0,0,0,0,0,0,0,0,0,0,0,0,0,0,0,0,0,0,0,0,0,0,0,0,0,0,0,0,0,0,0,0,0,0,0,0,0,0,0,0
7.8125,100,59,1910.663523,2214.92675006,0,0,0,0,0,0,0,0,0,0,0,0,0,0,0,0,0,0,0,0,0,0,0,0,0,0,0,0,0,0,0,0,0,0,0,0,0,0,0,0,0,0,0,0,0,0,0,0,0,0,0,0,0,0,0,0,0,0
7.8125,100,60,2214.92675006,2567.64231331,0,0,0,0,0,0,0,0,0,0,0,0,0,0,0,0,0,0,0,0,0,0,0,0,0,0,0,0,0,0,0,0,0,0,0,0,0,0,0,0,0,0,0,0,0,0,0,0,0,0,0,0,0,0,0,0,0,0
7.8125,100,61,2567.64231331,2976.52599522,0,0,0,0,0,0,0,0,0,0,0,0,0,0,0,0,0,0,0,0,0,0,0,0,0,0,0,0,0,0,0,0,0,0,0,0,0,0,0,0,0,0,0,0,0,0,0,0,0,0,0,0,0,0,0,0,0,0
7.8125,100,62,2976.52599522,3450.52227654,0,0,0,0,0,0,0,0,0,0,0,0,0,0,0,0,0,0,0,0,0,0,0,0,0,0,0,0,0,0,0,0,0,0,0,0,0,0,0,0,0,0,0,0,0,0,0,0,0,0,0,0,0,0,0,0,0,0
7.8125,100,63,3450.52227654,4000,0,0,0,0,0,0,0,0,0,0,0,0,0,0,0,0,0,0,0,0,0,0,0,0,0,0,0,0,0,0,0,0,0,0,0,0,0,0,0,0,0,0,0,0,0,0,0,0,0,0,0,0,0,0,0,0,0,0
