# Plummer cluster radial shell ledger.  Bins are uniform in log(r_areal) over [0.3125, 4000] M with 64 bins; r_areal = R_iso sqrt(g_tangent) from the EVOLVED spatial metric.  v_r is the coordinate radial velocity dx^i/dt . nhat.
# Y_lm are orthonormal REAL spherical harmonics of the position direction, index l*l+(l+m); c_lm columns are Sum m_p Y_lm (origin) and Sum Y_lm (about the instantaneous centre of mass, unweighted).
time,cycle,bin,r_lo,r_hi,count,mass,m_r,m_vr,m_vr2,m_vt2,m_alphaW,m_absL,c0,c1,c2,c3,c4,c5,c6,c7,c8,c9,c10,c11,c12,c13,c14,c15,c16,c17,c18,c19,c20,c21,c22,c23,c24,d0,d1,d2,d3,d4,d5,d6,d7,d8,d9,d10,d11,d12,d13,d14,d15,d16,d17,d18,d19,d20,d21,d22,d23,d24
0,0,0,0.3125,0.362263999424,76,3.64382884379e-05,9.96868746886e-06,0,2.86541761813e-07,8.53342855054e-07,3.37811673405e-05,1.72779747477e-06,1.02790513895e-05,-3.18508633066e-07,8.91263085936e-07,5.01111706847e-07,-1.04703510676e-06,1.44844660028e-06,3.51010850671e-07,1.61219175092e-07,-7.9441557657e-07,-1.53128350895e-06,1.79648196864e-06,-8.15812037256e-07,5.93999270214e-07,-6.02220263903e-07,1.01358873411e-06,-1.23686213562e-06,-2.22195993237e-07,3.29442887135e-08,-1.40247418385e-06,7.08854972136e-07,-2.4034907699e-08,1.33805597397e-06,4.84227755199e-07,-8.40983402989e-08,-6.7786384519e-08,21.4392041748,2.10523212324,-1.64506224068,4.11967962962,-1.97579293905,3.15984697277,0.750717458301,0.243622533775,-0.842603235709,-4.36134466661,4.34870614524,-0.643034857294,0.0855157097668,-0.319759518734,2.3400306623,-2.05727260927,-1.19378531919,0.860341903855,-3.48732503097,4.42520653343,1.80772851411,4.23338727835,1.54527670293,-1.4521528045,-0.763922740607
0,0,1,0.362263999424,0.419952656891,42,2.01369488736e-05,7.91676885044e-06,0,2.49558330452e-07,3.77248551518e-07,1.86623896705e-05,1.24340101824e-06,5.68052839946e-06,-1.4500804796e-06,2.2670324773e-06,-1.02317627687e-06,-7.90037044529e-09,9.44235682512e-07,2.41655621195e-06,9.59934585948e-07,1.60770765725e-06,-9.43893192942e-07,-2.4500961417e-07,1.46330907794e-06,2.20727736872e-06,-1.78458048812e-06,-1.96359022517e-07,-2.8512250081e-07,1.58985902737e-06,-9.59077727553e-07,7.32496385043e-07,4.76475210863e-07,3.28875403107e-07,-5.10868719613e-07,1.70161672747e-06,1.57587212611e-06,-6.69651231859e-08,11.8479812545,-1.79211973522,3.61589411083,-1.03179373188,-0.320261504332,3.07096953075,5.12466132721,2.52121248716,3.44993410682,-1.95088813349,0.759121557801,3.40752509627,3.1740977453,-4.11726455635,-0.665109151967,-0.0713145960779,3.19474975933,-1.84990641563,2.65704103674,0.525949058428,-1.80561317688,0.631750859529,3.02301164511,3.85119866694,-0.139477687375
0,0,2,0.419952656891,0.486827932973,64,3.0684874474e-05,1.39562227771e-05,0,3.00456600085e-07,6.22049960724e-07,2.8417754907e-05,2.22226924356e-06,8.65604327536e-06,-8.85402017159e-07,-4.12278230188e-07,1.32610855495e-06,1.70174847598e-07,2.78006689072e-06,-6.54581364075e-07,2.58031413861e-06,-8.44730695356e-07,1.27063140379e-07,2.10638899097e-06,1.95652165273e-06,1.45669857377e-06,8.45551905862e-08,-1.11264832494e-06,-1.48269202998e-06,-9.79358668366e-07,-1.75420734626e-06,2.1598458008e-06,2.0583517115e-06,-2.17130602029e-06,-4.12043655771e-07,-4.94034952651e-07,7.74382663999e-07,-6.98877892575e-07,18.0540666735,-0.518625238494,-2.75560793685,4.28206038448,0.654237891323,5.79170923148,-1.25142009355,4.84772806873,-1.40640074409,0.0106936965292,6.26336577877,2.85399188006,1.65484111681,-1.24741585033,-2.10279291836,-3.03275745276,-2.24577003786,-3.3820643464,3.58727360659,2.78692232075,-4.9981425418,0.18265633158,-0.0802703066815,0.873471073116,-2.34144022089
0,0,3,0.486827932973,0.564352748896,102,4.8904018693e-05,2.57650922458e-05,0,7.03091206907e-07,9.64469692557e-07,4.54360205475e-05,4.11408539597e-06,1.37955689701e-05,-7.69151599891e-07,-8.76317777171e-07,9.7771460582e-07,3.17886814009e-08,7.41803217873e-07,-2.70678305492e-06,-3.1695707998e-06,-9.96914048924e-07,-7.16555109258e-07,5.51114648423e-08,-1.688465757e-06,4.97837724163e-07,-1.33144309048e-06,2.72261311401e-06,2.91391512515e-06,6.08502010784e-07,2.01276803164e-06,-4.07309566302e-06,6.1083494681e-07,-1.09288141965e-06,2.3653009493e-06,1.54489822629e-07,1.85008119725e-06,6.97523151824e-07,28.7736687609,-0.0250027528585,-3.97398254162,3.63380976755,0.388348642258,1.55239152869,-5.18036613717,-7.25186826701,-1.81128055612,-1.38889874005,-1.02833858863,-3.56723805327,1.46401899616,-1.61081995335,4.69223377023,6.12492626916,0.290614666993,5.44019169765,-9.5310062775,1.93711815397,-2.12955815112,4.94120206121,0.0400593237233,4.48137455235,1.80270839475
0,0,4,0.564352748896,0.654222988482,160,7.67121861851e-05,4.69065286395e-05,0,7.91736848742e-07,1.77604822616e-06,7.12320338774e-05,8.24482869975e-06,2.16401081884e-05,-1.62091400713e-06,-1.32321330696e-06,-8.49041631064e-07,-6.04705103569e-07,-1.98503440741e-06,-3.05649340915e-06,-2.59721818521e-06,5.18726828711e-06,-4.10018288779e-06,-1.30560521064e-06,1.49213359639e-06,-6.783348616e-07,-8.06888594576e-07,2.38958301445e-06,-9.94662398106e-07,-2.7397688543e-06,-6.1145985497e-07,-2.09349943103e-06,2.91067073692e-07,2.20551460709e-07,-1.05315680817e-06,-3.75262476995e-06,-3.39906644103e-06,-1.52573568497e-06,45.1351666838,-1.04908170262,-5.60996467667,0.280839982333,-1.37810042037,-3.68662505094,-6.02872573491,-5.67608426561,11.438229346,-7.75739300261,-3.8636793075,3.11271789315,-0.0177472230315,-1.39076697564,3.81963032377,-0.878947771884,-6.85063835483,-1.09604517383,-2.15652695794,-0.313834010648,0.60490133092,-1.71877293282,-8.53358975587,-6.82222116231,-3.56462746742
0,0,5,0.654222988482,0.758404596232,244,0.000116986083932,8.29161899681e-05,0,1.26401031573e-06,2.98195390126e-06,0.000108888322222,1.52566121531e-05,3.30011649873e-05,-2.5710882467e-06,-4.39314923496e-06,-1.5556845654e-06,-5.22385920832e-07,1.4720232105e-07,4.2568334833e-06,-4.98870108016e-06,1.36073640919e-07,-2.61442207817e-06,1.74493861965e-06,4.32651683001e-06,-3.73639128218e-06,-1.21103762953e-06,-4.54589459107e-06,-1.26645308082e-06,-2.12919286433e-07,-1.90818999975e-06,1.84305692918e-06,-4.47861169834e-06,3.33625707731e-06,7.47633565275e-06,2.76483593302e-06,-1.86596167196e-06,-2.56385464238e-06,68.8311291928,-2.27798406773,-12.5164636881,-0.118758478393,-1.14304024967,-0.0185691780346,9.21934309921,-10.8624254118,0.275294324968,-5.89879645338,3.46549250802,9.14901676818,-7.82687027499,0.108048448078,-9.04657335804,-2.34909510713,-0.785451600959,-3.98288481657,4.16826228282,-11.7052742341,8.33215948174,15.2941758518,4.19946981048,-3.46310450925,-5.24737828174
0,0,6,0.758404596232,0.87917658308,384,0.000184109246844,0.000151259985796,0,2.32354109129e-06,3.89472065925e-06,0.000171038831153,2.48445898247e-05,5.19362596522e-05,2.8873492626e-06,-2.35383657096e-06,3.32831991717e-06,4.96655961859e-06,-3.40338926617e-06,1.99842045495e-06,-9.84583158745e-07,5.81869699852e-06,-4.63361608342e-06,-6.14500796861e-06,5.15023794963e-06,-7.90138867797e-06,1.03830487361e-06,-3.48565906884e-06,2.33191204151e-06,2.9233171144e-06,5.23658629316e-06,-1.12220887406e-06,1.19461388963e-06,1.9414785295e-06,-5.8100979111e-06,9.55177663947e-07,-2.99304909276e-06,2.09741098822e-06,108.324400041,9.95707962373,-9.81261228725,11.002932308,11.0835616105,-7.41347498012,3.23815992554,-2.48405697559,12.0306488599,-7.86209397363,-14.9467525401,11.8411804383,-15.7416729167,1.57043558114,-8.08202215545,4.24124800773,5.43292630403,11.3832089798,-0.525152794731,0.86047161903,3.62532570872,-12.1539257946,1.40851453135,-6.66848343233,5.99423459951
0,0,7,0.87917658308,1.0191808806,592,0.000283835088885,0.000270379737413,0,3.37744992849e-06,6.63868712345e-06,0.000263993023088,4.82768407218e-05,8.00684002971e-05,-5.39015995498e-07,-5.02538339906e-06,-4.74489058475e-06,1.28125652397e-06,3.91161351942e-06,-7.31893018037e-06,6.72550454286e-06,-1.48823309107e-06,-5.5518139822e-06,9.41109767208e-06,-1.94497929526e-06,3.66490025451e-06,3.0180849133e-06,-5.74146156232e-07,-1.09655171023e-05,9.58112699068e-06,-4.15587572164e-06,-6.52286018782e-06,6.46384270476e-06,3.42249893333e-08,-2.01286019965e-06,7.77526858452e-07,1.24100424975e-07,3.74856980908e-06,167.00011673,4.17727675989,-17.8224221549,-3.92552151227,2.6652597509,7.20843674788,-14.2336098687,13.8168160352,-2.43368253855,-12.4594079731,20.1835899973,-4.01780891439,7.52771384838,4.77894789737,-0.497126110995,-24.2287427507,18.8838558253,-6.7349572275,-14.7504389282,15.0438148712,-1.04847683398,-4.08350883747,4.86891964145,0.346858837614,7.89500445849
0,0,8,1.0191808806,1.18148013421,918,0.000440136168237,0.000485982328957,0,5.57474150816e-06,1.06073447081e-05,0.000409935219188,8.66232381894e-05,0.000124160120731,-7.66488787377e-07,-8.25228108625e-06,-1.19843510003e-06,-6.08616131913e-07,7.43016334831e-06,-1.16571338713e-05,2.11352807079e-06,-8.40125455769e-06,6.73833897705e-06,5.68732744238e-06,-2.62853312184e-06,1.41942965519e-06,5.81745526132e-06,1.19896802519e-05,-1.54386137871e-06,-9.87218213281e-06,-1.32555710441e-05,1.60324077461e-06,-5.59484944538e-06,3.12189949046e-06,-1.03217055369e-07,-3.86415275302e-06,1.32484516406e-05,3.02879016573e-06,258.963018848,5.48530421746,-26.9006081409,5.46997068703,-1.3078928209,14.9201207879,-23.4051159936,3.35889374796,-17.0648165864,13.2978879587,14.4414939061,-8.13472243992,4.61638941512,11.2930413795,25.0675382396,-2.59706088393,-21.7505172817,-25.8492135632,2.13662593621,-11.5362890343,7.09830952799,-2.49248101285,-9.86573334525,29.75167626,4.46493117044
0,0,9,1.18148013421,1.36962469971,1420,0.000680820652393,0.000871472556759,0,7.90816059766e-06,1.6159910761e-05,0.000633469592092,0.000154221122542,0.000192055960172,-1.30547426262e-05,6.97877715937e-06,-1.21697285849e-05,-2.50839347454e-06,-9.7595782787e-06,-1.956750297e-07,-5.49696653436e-06,-6.50849183e-06,6.29609275297e-07,7.72235657941e-06,-6.48464701768e-06,-2.44540473444e-06,-1.58026830996e-06,-4.40002652136e-06,8.77505784588e-06,-5.48231771801e-06,-5.30164170785e-07,-8.23913383503e-06,-1.24905831044e-05,9.14008516191e-06,-5.66715902099e-06,-2.22794189274e-06,5.16603462098e-06,4.11816716889e-06,400.574604319,-17.9453171663,2.70287210524,-14.854862854,-6.0751536713,-20.0039516714,0.0716238377493,-10.5232073964,-14.1494157386,0.954044376183,14.5082876079,-12.8528283967,-2.46039560716,-2.09730242982,-8.78003670428,18.4019698785,-9.62568451124,-0.899564479947,-19.5283693628,-26.0630303196,21.5696173353,-12.0713268985,-3.79912567084,10.0604402163,8.55777301579
0,0,10,1.36962469971,1.58773030856,2188,0.00104903914608,0.00155662488843,2.64697796017e-23,1.19596345814e-05,2.4223127677e-05,0.000975617949107,0.00027027905662,0.000295928479476,1.41627703632e-06,-1.17176545922e-05,1.44175720131e-05,-5.37827016426e-06,-1.32379484155e-06,1.01667754421e-06,-4.02400676751e-06,2.01757438902e-05,1.27318209811e-05,5.18475374733e-06,1.62494344009e-05,-1.61438067651e-05,-6.18252671928e-06,-3.38883541515e-06,-9.76739422932e-06,1.29422718739e-05,3.07568601442e-06,-1.37101671274e-05,1.68696369374e-05,1.16734607494e-05,-2.29183095265e-05,8.45515811154e-07,-6.78872572324e-06,-9.63497909727e-06,617.223404401,16.0906778225,-40.4191675613,43.6098128232,-10.7357981372,-3.47442622875,1.45649905727,-10.8430823502,42.3762445975,26.3320396888,9.38371899246,36.6910852187,-32.2867516097,-13.4256908122,-9.16349268015,-18.8038910679,26.6365122811,5.13723412581,-26.8941311507,32.9347513212,25.5054183801,-49.1131291438,2.0753616863,-14.3671429697,-23.8031240137
0,0,11,1.58773030856,1.84056810108,3362,0.00161191481221,0.00277261845025,2.64697796017e-23,1.86475423912e-05,3.82240643071e-05,0.00150042944056,0.000488218895845,0.000454712773309,2.56252848457e-06,6.50826828268e-06,1.00442236027e-05,-6.83321436085e-06,8.97977039956e-06,-1.01618064294e-05,4.77573472307e-06,-1.62444394673e-05,-6.12172489314e-06,-1.49690423664e-06,-7.01873922688e-06,-5.84648249783e-07,-3.28119032481e-05,-2.65964020847e-06,-4.55128528888e-06,-4.62372876863e-06,1.63862431231e-06,-6.2908316777e-06,1.92183732982e-06,9.67457803666e-06,2.23112343057e-06,1.86099353562e-05,8.5562779189e-06,1.8726176674e-05,948.402689944,22.1467913852,-8.20274777708,39.7060078618,-13.8462544472,18.350819341,-20.7476605044,8.32066031229,-33.4655501784,-12.8201586447,-2.14549605923,-14.7594957654,-0.399586816466,-69.0285861561,-4.12596741004,-10.3219597845,-13.0864729077,3.37736583697,-13.5263519007,3.73729660529,19.9608765959,8.15147681707,38.0199183075,17.8886534215,37.5859948704
0,0,12,1.84056810108,2.13366899682,5138,0.00246342007887,0.00491160850248,-1.32348898008e-23,2.83206176403e-05,5.69699542348e-05,0.00229265578039,0.000854499579714,0.0006949179742,7.14207180715e-06,-1.95596683544e-05,-2.02533582161e-05,2.70726457254e-05,-8.27627964551e-06,-2.07123747287e-05,-1.32588592358e-05,2.62383296567e-06,1.21137749157e-06,1.36831971082e-05,-9.97266115224e-06,3.43585988279e-05,7.37849445504e-06,1.38952256633e-05,1.73245285599e-05,2.87857365172e-05,-1.09437351309e-05,4.25775508194e-06,2.15191014354e-05,1.13066965257e-06,-2.3923948995e-06,-2.96223504888e-05,1.38385271955e-05,2.8644012632e-05,1449.40304013,36.556165638,-69.0342954815,-18.6574966893,56.9171640529,-18.4364355126,-40.514393489,-27.5139155064,4.39617056531,3.59613029628,27.4349388323,-21.3142011773,73.0946624104,15.6249682384,26.774638416,32.77662602,59.6111164336,-19.6568495058,5.99825795529,46.9356174127,-1.2341462608,-4.17569877264,-61.2686203268,28.1504721231,61.5993998782
0,0,13,2.13366899682,2.47344468555,7810,0.00374451358816,0.00865387399559,-5.29395592034e-23,4.31892352261e-05,8.69475806735e-05,0.00348699900516,0.00150254165739,0.00105630778095,-3.58296493241e-05,-2.60471183723e-05,-7.93936668284e-06,2.40459475194e-05,2.26095719263e-06,-3.84384489511e-05,2.52864377484e-06,-1.33445500954e-05,3.60634885556e-06,-2.41052545023e-05,-1.04001345936e-05,1.05706731211e-05,1.79505163633e-05,-1.86268295497e-05,1.08499666251e-05,-1.78157012206e-05,-1.26747200623e-05,1.33185576531e-05,-6.78153838745e-06,-1.42575457763e-05,1.20189933938e-05,1.05242532436e-05,4.79125546666e-05,1.16806887546e-05,2203.16032375,-46.1669431133,-91.9002037777,15.0052185317,48.5213937268,4.98639852272,-77.8647750145,5.84752877736,-27.5502699576,8.80786957032,-48.6693911397,-24.4417659204,23.3072759684,35.028932995,-38.6450543218,22.6837671677,-35.6203057638,-27.6941250757,30.6094258098,-14.2988902248,-31.5260598579,25.0522683712,23.5881291122,98.8965391478,22.5039097542
0,0,14,2.47344468555,2.86732788526,11770,0.00564314019624,0.0151169296765,-2.11758236814e-22,6.45895195126e-05,0.000130996881075,0.00525796290868,0.00261631480113,0.00159190045861,1.58074901425e-05,-2.22822954283e-05,-5.92507488717e-06,2.50183028609e-05,-9.55526205395e-06,-4.82154373329e-06,9.40392399103e-06,2.70091174276e-05,-4.23475478925e-05,8.48859911124e-06,-4.92591157509e-07,6.34326702374e-06,3.2213700208e-06,-6.22275013294e-06,-1.34103197188e-05,-1.00581195412e-05,1.29942890954e-05,-1.87934891e-05,2.12109450509e-06,1.3307361111e-05,-3.52498906219e-05,-2.30982676237e-05,-1.47011602053e-05,-3.81408236077e-06,3320.25569918,70.7378791704,-94.5125434942,28.6042780708,53.5419135416,-21.6100993426,-9.10451012821,18.9093171088,56.7016779884,-85.9971317004,15.0569205149,-0.496134665147,14.7625336253,5.45771038906,-14.5274580551,-27.8104316833,-24.8375368855,27.8936551413,-39.4767154904,3.1598006059,27.4697186196,-71.6820174307,-48.5556036737,-30.9762958856,-7.24908965213
0,0,15,2.86732788526,3.32393493559,17546,0.00841245011752,0.0261201189777,0,9.32970957328e-05,0.000194301463785,0.00784181609656,0.00451827646078,0.00237310836421,-2.53485135269e-06,-3.94120540788e-05,1.80054670685e-06,3.98947915769e-06,-9.59732252389e-07,-4.22809696755e-06,9.56757010586e-05,2.63531160876e-05,-2.45390730393e-05,4.3132559034e-06,1.80595079066e-05,-1.86798278799e-05,9.38838153179e-06,1.26189960218e-05,-4.70785269726e-05,-2.55161479799e-05,5.48230972283e-05,-2.99605726816e-06,3.26379539547e-06,-4.45562966076e-05,-1.45536624684e-05,-1.71022995097e-05,1.8856012716e-05,6.00816404704e-06,4949.63521646,43.5526850726,-144.716864445,57.6022977004,8.50084905785,-2.90792368365,-8.23987660047,197.756963236,56.5160248762,-48.0663728563,10.2724245164,36.851653781,-42.2195922919,14.1523251354,25.7934109503,-96.6140647163,-56.9257823644,117.180395399,-5.81163029704,5.64693292616,-92.001407695,-31.5631594689,-37.2396780657,42.0747407674,14.0727339932
0,0,16,3.32393493559,3.85325428349,25792,0.012366004413,0.0445013851087,-9.26442286059e-23,0.000140023491661,0.000279702865331,0.011537455005,0.00758250423755,0.00348838543997,-1.65282602746e-05,-1.66811270153e-05,5.35790113547e-05,5.88442611292e-05,5.04131614827e-05,1.50777757281e-05,4.84976923073e-05,3.51487561857e-05,-4.47692344299e-06,-5.40062795443e-05,-3.60998410676e-05,-8.89485397123e-06,-2.38889045713e-05,1.76143577754e-05,3.84398254772e-05,5.33708648527e-06,-7.59945082246e-05,-2.64737990933e-05,4.2196767395e-05,8.11125650402e-05,1.38313246628e-05,2.85919222779e-05,-2.99488466448e-05,-6.22009874436e-05,7275.78886943,27.5280589015,-113.42029058,178.905443446,123.381727475,105.069781305,32.151917455,98.836514378,74.6529821278,-9.29899351994,-111.200215976,-73.797192948,-19.6759677279,-50.3142985575,38.1259744212,80.6636586436,10.2357847229,-157.174654798,-55.0929407711,93.410137157,171.278998479,29.4953571144,59.4552108366,-59.3434071743,-128.62912279
0,0,17,3.85325428349,4.46686498411,37222,0.0178461312136,0.0744311837332,-1.32348898008e-23,0.000198415365105,0.000398517565154,0.016667439112,0.0125352898372,0.00503430066868,8.18460428351e-06,-1.00006938488e-05,-4.36841193103e-05,-3.30802328104e-05,-8.49698240379e-06,5.43805834327e-05,3.52566843557e-05,-5.98020546621e-05,3.35636925371e-05,-1.12151769419e-05,3.22780189048e-05,-1.20448314998e-05,-2.47344529985e-05,-2.91058895508e-05,-1.31154082315e-05,-2.48332590896e-05,-9.11486504901e-06,-5.67964135755e-05,9.29949745716e-06,-2.37156619708e-05,-7.33524051568e-05,-2.72763999178e-05,-2.76969732899e-05,3.56009061126e-05,10500.1323394,93.736045436,-117.63876421,-6.2859341388,-69.9926319504,-18.1284903934,113.876596805,73.7926563852,-126.447678669,68.3555855953,-23.9492112726,68.928301428,-26.8807386422,-51.6979644447,-58.705514053,-28.8497328281,-50.9439387726,-23.1346311409,-117.781126078,17.8196614155,-49.4003529074,-149.951452609,-55.6603176484,-55.9448553849,74.2599552809
0,0,18,4.46686498411,5.1781899969,52484,0.0251635148734,0.121623864644,-7.94093388051e-23,0.000275938912064,0.000556155466373,0.0235367666072,0.0202774593561,0.0070984964885,6.07526142238e-05,6.82585404062e-06,-3.63371512033e-05,6.78578359901e-05,2.78863811379e-05,-6.36831735978e-05,-3.48029575818e-05,-1.37846358879e-05,-4.62677610613e-05,1.11980015034e-06,-6.4214913571e-06,1.49841835413e-05,-2.36053592258e-05,-2.69811502333e-05,6.81620755113e-05,-1.75571369414e-06,7.55789276051e-05,3.6387569099e-05,3.21516887627e-05,-1.89835340518e-05,1.61474589536e-05,7.46910006766e-06,-4.70342008605e-05,-1.51593274338e-05,14805.4630515,219.392794766,-104.070225388,25.2186230537,143.491284675,56.3370642858,-132.451694977,-72.1980427862,-30.9796491465,-94.1034593713,-0.164691577531,-15.7154525732,32.2794634736,-50.2869553899,-57.4717505535,139.977216374,-4.39542600728,158.41041717,78.1821973471,66.2806672427,-41.0763262998,31.3364753966,15.9089806976,-100.604458711,-29.4006602706
0,0,19,5.1781899969,6.00278981776,71872,0.0344591140343,0.192999187475,-4.36751363428e-22,0.000372194976677,0.000746051397947,0.0322890315206,0.0317206336878,0.00972073659823,3.1549359469e-05,-3.10158166759e-05,1.07376787787e-06,0.000100902205993,3.7080834686e-05,-3.50798794148e-05,5.13046291014e-05,-3.11437522122e-05,-3.59139655627e-05,3.12994882147e-06,2.94671599041e-05,-2.10633602459e-05,-7.09039070617e-05,-1.74230059276e-05,2.55095190008e-05,-1.6791813117e-05,7.44043244944e-05,2.32578719247e-05,3.76415784517e-05,-4.79780671982e-05,-5.12944795737e-05,7.66674270953e-06,-2.38649424059e-05,8.95072114362e-06,20274.7168744,175.095492816,-204.303863494,122.045103325,211.797881843,75.98752779,-72.5515704417,105.238144852,-65.7257567744,-71.9445957414,5.02373866552,59.3812198197,-44.639212607,-151.797693531,-36.4076909417,50.4780139701,-38.6013875998,154.575534742,45.9814075627,76.5043980222,-98.1816593823,-104.212400895,13.5881742271,-49.9363217632,18.2588818021
0,0,20,6.00278981776,6.95870287067,94950,0.0455238879892,0.295431227883,-3.1763735522e-22,0.000481505539819,0.000962303481085,0.0427524384777,0.0475544931927,0.0128420517031,-8.60781876628e-05,3.2440349234e-05,-5.9136380192e-05,2.92817746849e-05,7.68048311673e-06,6.34867450049e-05,-1.34427168676e-05,-6.0310927948e-05,-6.65830706477e-05,6.13296162547e-05,-1.34398891535e-05,-1.72532381847e-05,-7.35384166318e-05,-3.40396443583e-05,-7.18284353674e-05,2.84026806401e-05,-5.73883686149e-05,3.75345915496e-05,1.36275476145e-05,-4.89514614613e-05,4.56722155952e-05,1.92269674873e-06,0.000102148307205,3.12492270917e-05,26784.9004789,-54.8721185226,-89.946010444,13.2213103554,60.1850347545,16.2160560873,133.400574658,-28.4291174449,-124.75600427,-139.724904058,129.749587393,-28.0736049665,-38.7411374082,-152.097764447,-70.67889444,-151.030590649,59.055449133,-116.636717511,76.5142251404,30.9780536915,-101.350017539,94.8710277213,2.04410474393,211.824125633,69.2683678764
0,0,21,6.95870287067,8.06684010473,120192,0.0576261942622,0.433277016515,7.94093388051e-23,0.000594533291304,0.00117644529694,0.0542607383188,0.068023358932,0.0162560492711,5.47333078921e-05,-4.56146130266e-06,0.000113014105797,-8.12630661711e-05,5.52121182462e-05,-6.42858619671e-05,6.37584745792e-05,0.00014841572767,1.98208595241e-05,-4.5173674958e-05,-0.000120088580531,1.61339758178e-05,-5.63815553047e-05,4.03688085333e-05,-2.07429485454e-05,1.47246603766e-05,2.88429197085e-05,2.30885634536e-05,-3.60570372889e-05,5.72168219703e-05,-5.61647828877e-05,-2.1864758903e-05,1.94975913404e-05,-5.61540027646e-05,33905.5372129,250.895998016,-182.223146219,384.017533132,-168.458841734,113.594221468,-133.625575161,130.676592094,310.670732448,41.6884821828,-91.9760345685,-251.821919459,35.4890172596,-120.169642916,81.5258317373,-39.4336974653,31.8942157732,60.2040745399,46.0541651397,-69.4672615892,120.24141927,-117.182869544,-46.1705621024,42.2367576304,-120.048163466
0,0,22,8.06684010473,9.35144242897,144798,0.0694235695951,0.604711528983,-4.49986253229e-22,0.000681588430247,0.00136955992607,0.0655721795837,0.0923694344108,0.0195840274092,-2.29218169425e-05,-0.000143236101567,1.10946576344e-05,-6.19908908791e-05,3.61888417593e-05,4.04029062841e-05,6.69346020428e-06,0.000146770561008,-1.58273397245e-05,-4.73696286766e-05,-3.28822811412e-05,-6.67843100935e-05,-5.2452378478e-05,-0.000133936058071,-9.28732245772e-05,4.54283835989e-06,-9.05248004889e-06,-0.000112592016291,6.79036787481e-05,5.02321039212e-05,-0.000116806971161,-1.61672958218e-05,2.86472578214e-05,3.78844061103e-05,40846.7616592,93.7096443044,-476.834398984,176.706753862,-129.96331753,73.2856389123,86.0546298362,12.4491172548,306.288397319,-32.1348650181,-98.6225293207,-66.2663341553,-139.164438317,-109.590403044,-282.204979446,-191.188081109,8.96037015909,-19.5497697605,-234.859772733,140.917807683,105.910031309,-243.665178332,-31.1405242596,58.937888416,78.8360393268
0,0,23,9.35144242897,10.840610991,165132,0.0791727295569,0.798889243653,-1.5881867761e-22,0.000745703963995,0.00147546976527,0.0750397605229,0.11712680434,0.0223342146586,6.28239356463e-05,0.000148750345676,-5.16837247308e-05,5.3784046624e-06,9.46406951336e-06,-3.45657394647e-05,6.91714065908e-05,-5.63564581326e-05,0.000108584555245,7.87410337654e-06,3.77568873784e-05,7.00258417935e-06,-3.45960172482e-05,-0.000159970920962,-0.000113592280017,9.55980851943e-05,0.000107354641453,4.74919301639e-05,-8.34932534114e-05,-0.00017125890261,-2.82325671489e-05,1.32547613422e-05,0.000118149771058,4.10245824807e-05,46582.8771552,268.783607524,135.390309909,43.1249475341,10.4251080923,19.5367793684,-73.5039337738,146.076775924,-119.300067314,226.328583401,17.1730261962,76.2860444522,13.349827746,-74.7480669857,-333.923723046,-237.802208137,199.653147104,222.423157399,96.6846383749,-174.472231206,-359.486977881,-55.9042383247,27.3406006958,246.174017333,83.3296631495
0,0,24,10.840610991,12.5669219002,177692,0.0851946361724,0.995823145349,-4.23516473627e-22,0.000754175395108,0.00150241993867,0.0810634309356,0.140237876095,0.0240329631513,-0.000102786561707,1.14707630653e-05,-2.51628908474e-05,-5.22995840791e-06,-5.66071789084e-05,6.88911500676e-05,-0.000163019228912,-2.26640071599e-05,-3.32760773766e-06,8.67181170485e-05,-1.1115697104e-05,-0.000173604502804,-9.56293230186e-05,2.92950494646e-05,-3.16633313456e-05,9.18299961765e-05,4.55874091783e-05,5.75272133683e-05,-4.89753689509e-05,-0.00012242828332,7.57649949912e-05,8.40032117641e-05,-2.92131762414e-05,1.75156870008e-05,50125.9877398,-87.0868982182,-136.656274463,86.4003308376,-11.3272567082,-118.276452073,143.478062821,-341.514036092,-46.5966154836,-7.2758800991,179.315519313,-22.9032752521,-362.758724391,-197.588630163,61.2453069211,-67.1474510136,191.544267232,94.9047166576,119.025954274,-104.111599101,-253.282505482,158.546648617,173.274129237,-58.9188586333,36.3921143372
0,0,25,12.5669219002,14.5681388416,180300,0.0864450448073,1.17050870758,3.97046694025e-23,0.000715436382226,0.00142788735954,0.0825978991009,0.157409870081,0.0243856969148,-5.71980771475e-05,3.76414649382e-05,7.00176355465e-05,-3.09175751406e-06,7.42322541703e-05,-4.76010951575e-06,-4.24410012788e-05,0.000112035044538,4.03674626659e-05,-2.7143937972e-05,-6.97599508407e-05,-1.676016354e-05,5.25577706564e-05,-7.8034802554e-05,8.97832190731e-05,3.12738578656e-06,-7.82572193818e-05,-4.31499285049e-06,-0.000100551469385,-2.97968212821e-06,4.86217871324e-05,5.29443175342e-05,4.04268392726e-05,2.21874512797e-05,50861.6909568,-7.93316095311,-62.0540805181,266.973532538,-6.2385630796,154.784654252,-10.295781331,-88.4340924369,233.727752987,84.7700855741,-55.8270600451,-146.583620088,-34.8738186905,109.845749606,-163.450036547,188.265171643,7.70175121722,-164.778628301,-10.6504592285,-208.597359506,-5.33062810025,102.595404368,110.884178925,82.2193496626,46.7943074056
0,0,26,14.5681388416,16.888039171,172932,0.0829124486334,1.30058468045,2.64697796017e-23,0.00063641642872,0.00126153833643,0.079558894815,0.165623783619,0.0233891699327,-4.59630364663e-06,2.69090394447e-05,0.000108638476869,-4.77496537045e-05,8.80087265533e-06,-0.000125310107395,-2.818186715e-06,-1.40824604991e-05,9.77473029279e-05,0.000118061839383,-5.39539721237e-06,0.000141353416833,1.36930742835e-05,-0.000186380404242,7.42310298725e-05,-2.76317118808e-05,-4.3899177016e-05,0.000119576293226,9.45239151335e-05,-9.33566428511e-06,-3.38296134462e-06,-1.27889854026e-05,9.85966912186e-05,-3.2844787812e-05,48783.216531,81.7364180341,-59.804384606,326.36196421,-98.6913908705,17.7905157085,-261.193765217,-5.98168487948,-29.9591092852,203.380017746,247.934552188,-11.8982847524,295.42978841,27.5959838219,-389.224898779,155.574826743,-57.5062367708,-92.9027877221,247.981639541,197.051980711,-20.7699106873,-6.69919888239,-23.799092772,202.88432418,-70.2496934504
0,0,27,16.888039171,19.57737156,157562,0.075543284248,1.37287496087,-5.29395592034e-23,0.000529706586597,0.00105268799308,0.0727956195153,0.165009650651,0.0213103670399,2.77810749948e-05,0.00013563144225,-8.15379158363e-05,-1.07062257948e-05,-8.04460932375e-05,-1.8174198602e-05,8.13928269987e-05,-3.96433919671e-05,1.43794688015e-05,-2.78209640653e-06,-1.85896482052e-05,5.9063802789e-05,-0.000144389858509,-2.02367348542e-06,6.61581738785e-05,-9.8372147322e-05,0.000188771525465,-2.78761408584e-05,-1.67864985462e-05,-4.88882398381e-05,3.60134607696e-05,-6.56571071818e-05,7.53256292077e-05,6.61172734622e-06,44447.4195814,129.218300105,192.412424732,-91.8032083027,-22.4577237199,-167.402299846,-37.8758980224,170.307018556,-83.4522775405,30.7164536066,-6.32427539187,-38.6282527895,122.936908884,-301.404660135,-4.40160333916,138.437195389,-206.193497411,393.999220544,-58.1911241464,-33.5374276142,-101.845070934,76.9423467324,-138.531952724,156.9364578,13.3638124124
0,0,28,19.57737156,22.6949661425,137278,0.0658180968444,1.38591204548,0,0.000417170162799,0.000832042501215,0.0636838824618,0.156349178008,0.0185669423243,-0.000186644595435,9.12819654986e-05,-3.35364722683e-05,7.27256378199e-05,8.35207720829e-05,-5.14978185733e-05,9.86913603076e-06,-0.000175005695362,-5.26427802263e-05,2.13016571716e-05,2.80532067834e-05,3.12728402557e-05,3.02318796024e-05,-0.000109499201177,-6.16232156718e-05,-4.49410022204e-05,7.4566617732e-05,5.41503343654e-05,4.70100734901e-05,7.38147785177e-05,4.47200793926e-05,-0.000115618900242,-1.50663477937e-05,-5.93992466477e-05,38725.4088251,-336.051738704,122.561319419,-11.4627293539,151.019826214,175.081510798,-107.418625383,21.3077438884,-364.51433175,-110.07782226,44.5135560269,57.4259118674,65.3199307945,63.5020656518,-228.470840934,-129.537475878,-94.6856655592,155.660116479,112.994753589,97.5733540117,154.166119233,92.6316994562,-240.157684307,-32.182364132,-123.014779159
0,0,29,22.6949661425,26.309021445,115212,0.0552385274672,1.34780726006,-1.85288457212e-22,0.000314770298845,0.000629544318484,0.0536548111609,0.142810764976,0.0155825009038,-6.15924272226e-05,-1.21254004595e-05,-4.06373790247e-05,4.81942299942e-05,0.000114181473796,-2.66371346047e-05,-5.76370133428e-05,-1.90807367417e-05,-1.60309145269e-05,6.39825822827e-05,-4.3240711236e-05,0.000117497326978,3.09555583608e-05,-0.000145398564047,0.000147065610807,-4.18680248007e-05,-1.75693103114e-05,-1.40702152627e-05,5.70197799912e-05,-5.1689409767e-05,9.36087009882e-06,-5.37945469965e-05,-9.37660326521e-05,-1.29287611571e-05,32500.7051498,-89.9027514832,-74.110269523,-42.8161228949,100.692274606,237.962626335,-54.988401261,-119.732572767,-40.3159774315,-33.2617526879,133.275448052,-90.9109878685,244.705446402,64.8259829997,-303.693780599,306.374502036,-86.4982920035,-36.8099817595,-29.9354760727,119.789872728,-108.308014408,19.4823253609,-112.057947111,-196.820726587,-26.1432765211
0,0,30,26.309021445,30.4985962547,93816,0.0449801903696,1.27185983217,2.44845461316e-22,0.000226230787615,0.000457633415861,0.0438447430715,0.125723797087,0.0126886774363,2.75415206561e-05,-4.86589138248e-05,-2.51812244454e-05,6.0180734532e-05,-0.000110594431769,5.1743099478e-05,2.83831226992e-05,4.11989479205e-05,3.05407596029e-05,-5.06360636382e-05,6.34645669193e-05,-3.63094132148e-05,-8.83956450617e-06,-2.65364685477e-05,-3.44991460114e-05,2.0164585329e-05,-2.98934074157e-05,-1.34881586845e-05,-1.05907447013e-06,-2.63528370223e-05,-1.53371038549e-05,-1.90064239869e-05,2.15818641646e-05,-0.000162455161852,26465.004985,84.2561596555,-135.444553197,-23.1355854753,125.351471295,-230.740192261,107.950180206,59.1870772333,85.7246218619,63.4843602703,-106.039935282,132.944076777,-75.8412765575,-18.4996806759,-55.1365435895,-71.5763843919,41.3982044667,-62.6294917754,-27.5604018191,-2.71473684182,-55.3277035325,-31.9558758357,-39.6324246205,45.5185342453,-339.09355626
0,0,31,30.4985962547,35.3553390593,74606,0.0357699335158,1.17219857854,-1.78671012311e-22,0.000160615117149,0.00032059231909,0.0349790347281,0.107689123288,0.0100905119469,4.9233475816e-05,2.93394456484e-05,7.14563748455e-06,6.8172876617e-05,9.2516052898e-06,0.000101949896243,-4.46298363692e-05,-3.52798997991e-05,-6.41833183353e-05,-2.42510612231e-05,5.36342595138e-05,4.03296062055e-05,-7.25904197525e-05,3.04567377436e-05,-5.37748755783e-05,4.16658940961e-05,-4.33265965482e-05,7.77859048677e-05,-3.86222539987e-05,-6.74279427899e-06,9.84506420589e-06,-4.32564060489e-05,6.37021678294e-05,2.15656657684e-05,21045.9640351,121.050915641,38.0394243906,34.9810992454,142.323434328,19.4212492201,212.588327309,-93.1599686196,-73.4780837115,-133.86780963,-50.4761205437,111.6827455,83.8165838359,-151.005601173,63.3606264485,-112.539852192,86.2161671501,-90.3950606532,162.245399287,-81.0404282881,-13.8607881742,20.6788758032,-90.7129295429,133.135438887,44.8434290517
0,0,32,35.3553390593,40.9854928916,58258,0.0279318658923,1.06090094567,-1.19114008208e-22,0.000110392106083,0.000221456826679,0.0273935257884,0.0908253544499,0.00787943389275,-3.82923050998e-05,-3.51695041519e-05,2.29582724226e-05,-1.34519047421e-05,-1.2905211916e-05,1.91979175835e-05,6.38029275502e-06,-3.54426549407e-05,-2.14281108996e-05,-9.27410429798e-06,4.56354679844e-05,5.27277171455e-05,2.24568362931e-05,-2.08522947392e-05,-3.21184616502e-05,5.60259400858e-07,4.47149695792e-05,8.8757624869e-06,2.44746726167e-05,2.43669110267e-05,-2.1493873379e-05,-1.60003749988e-05,-2.7558762641e-05,-7.31729644213e-05,16434.2783792,-67.5408931894,-88.9593771905,61.4132333778,-28.0891015365,-26.7874027597,40.1735528807,13.2825415039,-73.7642210001,-44.8794492235,-19.4537072906,95.3153701799,109.97165818,46.8891243237,-43.4452987021,-66.9674073047,1.30812978734,93.3243167091,18.725783576,50.8621070013,50.5337315049,-44.9415343245,-33.3149543683,-57.5923073731,-152.486302112
0,0,33,40.9854928916,47.5122194344,44874,0.0215148915179,0.947165109197,5.29395592034e-23,7.47288281078e-05,0.00014978854601,0.0211543216422,0.0752709177029,0.00606923884279,1.42929062702e-05,7.8540621771e-06,-3.31771735478e-05,3.59738548886e-05,2.60660071626e-05,-5.90568061419e-05,7.77056912201e-06,-9.40380835449e-05,-7.7020790253e-07,1.40739737746e-06,-2.75162200151e-05,-1.81507525736e-05,-1.80747500083e-05,-3.77771368379e-05,8.67886063522e-05,-5.7892675825e-06,4.65003871044e-05,-1.87006315471e-07,-8.62122091884e-05,4.64867059405e-05,-2.75255899799e-05,3.67127776387e-05,1.89275384694e-05,1.62909615211e-05,12658.7216861,37.9187404053,5.97029444872,-60.2441850982,75.0906371316,54.2670927189,-123.161791007,16.2873059901,-196.358858857,-1.59745852697,2.81104760454,-57.7455603967,-37.4738129944,-37.8624344529,-78.616254666,180.744165306,-11.5919190311,96.6516544415,-0.340350781841,-179.781963151,97.2392921571,-57.4447544451,76.6024748179,39.4229434126,34.359339743
0,0,34,47.5122194344,55.0782932282,34218,0.016405859918,0.837172110563,2.64697796017e-23,4.99251979372e-05,0.000101216468315,0.0161679791794,0.0623435666579,0.00462800763744,-0.000100771085227,3.71058589087e-06,-5.12798254557e-05,-2.54135435557e-05,-3.65973083816e-05,3.48228892763e-06,1.28976897242e-05,-5.00167434718e-06,-5.82052514188e-05,-4.29166433475e-06,1.45523911882e-05,7.78080471939e-06,7.88770852241e-06,5.96122457272e-05,-2.05250707514e-05,-2.19424116145e-05,-8.80624733042e-06,4.02297343598e-05,-2.71901908297e-05,-5.86964650931e-05,-4.44359912328e-05,-4.10665612573e-05,-1.61212202952e-05,4.101029624e-05,9652.71958492,-204.824761058,0.962763745852,-101.073332222,-53.1773163991,-76.0908683717,7.3761038179,26.9538296,-10.2401884136,-121.37885523,-8.91423925027,30.2598289703,16.2226309602,16.3025224195,124.371698608,-42.8433055749,-45.9684545898,-17.9090414825,83.8889174074,-56.7657400345,-122.379806428,-92.754178873,-85.9445260877,-33.3728251334,85.7827302373
0,0,35,55.0782932282,63.8492249161,25896,0.0124158673341,0.734404863361,-8.60267837055e-23,3.26990820221e-05,6.63696192826e-05,0.012259489084,0.0505279606545,0.00350245151029,1.36554836592e-05,-5.59677541297e-06,-4.39678222602e-05,7.19937603968e-06,-2.5939213114e-05,4.46045609946e-05,9.32737614068e-06,5.66987075467e-05,-7.37439058091e-06,1.28256187758e-05,3.10283529318e-05,-2.41659094442e-05,9.05081279308e-06,6.26685890763e-05,1.56122977012e-05,-6.17739994253e-05,-3.50764794227e-05,-2.56451160465e-05,-2.47106391523e-05,7.07569406832e-05,3.16437545552e-05,2.7996255394e-06,-7.98854208724e-06,-1.7642479677e-05,7305.12672778,31.9907552427,-16.0606807134,-87.8993607546,15.0216967821,-54.0754147469,93.0089623999,19.4569290188,118.217674764,-15.265909267,26.7104329248,64.9004531035,-50.3845743254,19.0433070207,130.737377838,32.7451270948,-128.937824883,-72.9888731168,-53.5616944685,-51.6347467409,147.770208637,66.0189411169,5.93515837694,-16.6686403805,-36.7344711047
0,0,36,63.8492249161,74.0168818502,19492,0.009345462082,0.640778607743,-1.32348898008e-23,2.13740442939e-05,4.36190622496e-05,0.00924363624648,0.0410563849022,0.00263630618005,-5.95867555429e-07,-1.04908393624e-05,5.88031545452e-06,1.98296442821e-05,5.57049731789e-06,3.81689125735e-06,3.27425987498e-05,-5.35762955481e-05,-3.02646794051e-06,-1.76373856905e-05,-1.43686317587e-05,2.96233668733e-05,-1.89650514351e-05,-2.33667660132e-05,-2.5164081403e-05,-3.05068610612e-06,-1.83965894776e-05,-2.99074998256e-06,-2.10936432064e-05,-2.33184819313e-05,2.33659544552e-05,-1.44478906484e-05,-1.2139251876e-05,2.17560765853e-05,5498.59168126,0.997793067351,-24.7568758138,14.7627936523,41.3312661293,11.6079967617,8.02045834629,68.292437523,-111.732522241,-6.34462388796,-36.7656494932,-30.0607540866,61.7067431882,-39.5696283724,-48.6047308948,-52.6269929891,-6.45477085458,-38.4022966256,-6.3528946642,-43.8755590737,-48.7570409876,48.9106270723,-30.0849605793,-25.3300547726,45.4535117433
0,0,37,74.0168818502,85.8036852606,14618,0.00700861711034,0.557054602946,-3.30872245021e-23,1.38620801045e-05,2.84800201648e-05,0.00694257692571,0.0331546576365,0.00197709438436,-4.47236366537e-06,7.21175601751e-05,-3.09779002907e-05,3.71801400642e-05,4.97263500412e-06,-2.91266665269e-05,3.14351216866e-05,-7.01561778574e-05,-3.65880309382e-05,-1.43436211421e-05,2.21845378769e-05,-8.01264144737e-06,1.04041484177e-05,-9.92949697294e-06,1.78936041084e-06,2.2663212066e-05,-1.36402009832e-05,3.58947559295e-05,-1.5573322594e-05,2.86600293145e-05,-7.18422152242e-07,-2.63302866593e-05,3.30016690912e-05,6.19711453698e-05,4123.66166615,-7.90142061065,148.543855825,-62.9978111696,77.5389374328,10.4566939128,-60.8463552508,65.6827063173,-146.335949592,-76.3248762405,-29.8527267998,46.1515833879,-16.6452768304,21.6398277529,-20.6359785827,3.53051647492,47.0844174828,-28.3340623973,74.9714904151,-32.5415473095,59.7781093624,-1.58480706738,-54.8856797702,68.9251950937,129.329146073
0,0,38,85.8036852606,99.467475801,10930,0.00524040121877,0.482833507809,-6.61744490042e-24,9.24622961817e-06,1.83633534135e-05,0.00519780461313,0.026475787765,0.00147828989062,-1.76128039752e-05,-2.15183182027e-05,2.30792075079e-06,2.12772124346e-05,5.08980258021e-06,3.57859615562e-05,1.60721499492e-05,6.08807959428e-06,2.09228114746e-05,-6.10216738137e-06,-2.69050874103e-05,5.41184825501e-07,5.46831516915e-07,-2.42908451958e-05,-8.73652151103e-06,5.31418518469e-06,1.28865595292e-05,-5.14520853529e-05,3.410559932e-05,-3.03500053468e-05,3.18073891497e-05,-5.73300058401e-07,-7.33684664047e-06,1.06005049445e-07,3083.29607409,-35.7911794477,-46.0643016673,5.84561957595,44.3426695931,10.5925549039,74.6798805465,33.5154750397,12.7000670246,43.6629140674,-12.7704635968,-56.0438003818,0.983804586667,1.19554827063,-50.6640746218,-18.2367729347,11.1392681827,26.8590282046,-107.334176721,71.1401769719,-63.3244506979,66.4041081756,-1.12577239057,-15.3440383018,0.235731543404
0,0,39,99.467475801,115.307153908,8156,0.00391040369078,0.417656374681,-3.30872245021e-24,6.11935789018e-06,1.1866084684e-05,0.00388301552517,0.0212083573416,0.0011031045149,1.10830025449e-05,4.36589762778e-06,1.33016974635e-06,1.44478315276e-06,2.61211675409e-05,2.1565669098e-05,2.94268693257e-07,-1.57123441636e-05,-1.28714679956e-05,1.65788317773e-05,-1.63899687779e-05,-2.09119662814e-05,-1.03396404603e-05,-8.8092427747e-06,5.45791133338e-05,8.94526143545e-06,4.95557848932e-06,1.13806197201e-05,-3.18036825313e-05,-2.45701028057e-05,-2.194829697e-05,4.74603386295e-06,6.09429909855e-06,3.29764293152e-05,2300.76512171,23.7267001467,8.34200251723,3.4407215871,3.05649499546,54.4494441355,44.9690278226,0.601633694424,-32.8017924453,-26.8367683267,34.5945103553,-34.2441052507,-43.6460684975,-21.5829849791,-18.3797416357,113.79281742,18.6969036075,10.4100417785,23.6897677058,-66.3199169505,-51.1725788859,-45.7902975728,9.83673692629,12.6036183726,68.8795210345
0,0,40,115.307153908,133.669218358,6080,0.00291506307503,0.360922186402,-6.61744490042e-24,3.85561716543e-06,7.79950773484e-06,0.00289745710722,0.0171343419691,0.000822324111159,3.33973416919e-05,1.4329166349e-05,2.11661983968e-06,-1.5383494476e-05,-1.19337260835e-05,1.96797876556e-05,1.12094635298e-05,-1.20012185125e-05,4.89826663995e-06,2.13863417104e-06,-2.55321514819e-05,-6.67226772752e-06,-4.67558549848e-06,2.90437009878e-05,-7.99015536485e-06,1.05699639848e-05,-2.37632454588e-05,-1.42925744423e-05,4.9669510628e-06,-4.69352587399e-06,4.34178595249e-06,-2.95408628849e-06,3.46964355103e-05,-3.48500139825e-05,1715.13633399,70.0457741329,29.4001561185,4.84851833955,-32.0713705748,-24.9123240352,41.0298611871,23.3713772898,-25.032666583,10.1544090817,4.49316042294,-53.2202143918,-13.9463402766,-9.73421434726,60.5903318833,-16.6296492592,22.0159803788,-49.5139914859,-29.8135182474,10.4021486531,-9.72797710765,9.04020942805,-6.18654347711,72.3964743467,-72.7149810689
0,0,41,133.669218358,154.955346055,4526,0.00216999596671,0.311452913707,1.32348898008e-23,2.44579813394e-06,4.89373291779e-06,0.00215859577409,0.0135073785582,0.000612144560379,-1.26350984832e-05,1.9477967182e-05,3.84895178216e-06,8.4950135392e-06,-1.29882630684e-05,-3.21946254738e-05,5.77702933814e-06,-1.562784247e-05,2.10560260029e-05,-8.52053659253e-06,1.56344996325e-05,-8.21043381014e-06,-1.12764501041e-05,-2.33305365889e-05,-4.84097327783e-06,1.98238698727e-05,2.65000042228e-05,5.64145926329e-06,8.94821168793e-06,9.74095229277e-06,-3.98797916359e-06,-1.819124272e-06,-1.25018395558e-05,9.91607574642e-07,1276.76102757,-26.113242154,40.3041334779,8.29917812544,17.701601781,-27.0717797893,-67.1640143108,12.0593902218,-32.6026401997,43.9148281264,-17.7945149212,32.6036746627,-17.0889992345,-23.5435694884,-48.6495563887,-10.1299885413,41.3501190955,55.22926859,11.7733689973,18.6223527537,20.3141558016,-8.30899588685,-3.78355934459,-26.0723351785,2.03202708673
0,0,42,154.955346055,179.631178861,3370,0.00161575042152,0.268833270463,0,1.56183488709e-06,3.09315392801e-06,0.00160838785988,0.0107942234558,0.000455794778718,-1.76777898414e-05,1.60502384289e-05,-2.78442590908e-06,7.65482984682e-08,1.10115934941e-05,-9.97613324332e-06,7.73574117098e-06,4.80405375438e-06,4.82300853796e-06,-2.19229823862e-06,3.40436592755e-06,8.8600077303e-06,-8.30808929487e-06,-8.02203237337e-07,3.79248207158e-07,-1.94024953958e-06,7.16052105358e-06,-4.60857079567e-06,4.30131072852e-06,-1.66557906918e-05,-1.49964658915e-05,2.89828895997e-06,1.65919960292e-06,-7.71939184727e-06,950.659448278,-36.7091725291,33.2692989612,-5.6332210665,0.148165665402,22.9862389512,-20.8066858554,16.1422824527,10.0233595127,10.062605756,-4.56916841281,7.08851792782,18.4745484209,-17.3540858139,-1.68223115912,0.800246761961,-4.0371281287,14.9412584019,-9.62855628051,8.98155350007,-34.7328856589,-31.2583495136,6.03447750577,3.4493417067,-16.1032321727
0,0,43,179.631178861,208.236509681,2506,0.00120150461612,0.231751249534,0,1.03933698426e-06,1.91279626352e-06,0.00119675984478,0.00846643868559,0.000338938194501,1.41207603197e-05,8.05575210183e-06,-6.69121150692e-07,-6.57469466231e-06,-4.11526136084e-06,-1.07650307898e-05,-3.44658518758e-06,1.03357552894e-05,-4.84220397372e-07,8.0452438288e-06,-1.24569503742e-05,1.14505239072e-05,-1.18236051613e-05,-6.99581993119e-06,-8.85254693175e-06,7.10523987812e-07,-5.79412323909e-06,5.48081998435e-06,1.66694256531e-05,1.33680544399e-05,4.8561152588e-06,-2.21885604313e-06,1.95513228293e-06,5.31913088198e-08,706.929548185,29.5551517596,16.6714179612,-1.28539775724,-13.7096564776,-8.59166133998,-22.4504666191,-7.18714423539,21.5527383378,-1.01077887597,16.7883922722,-25.9729206339,23.8918130832,-24.6586961071,-14.5971923603,-18.4554136879,1.45784227429,-12.0918109583,11.4249427578,34.7858510737,27.875197646,10.1467264112,-4.62218750491,4.07400067087,0.101484465654
0,0,44,208.236509681,241.397090634,1864,0.000893696969056,0.199834700758,0,6.56521952998e-07,1.28338414495e-06,0.000890673518145,0.00689927307086,0.000252107260395,-5.63248390899e-06,1.0423331495e-05,2.65930484373e-06,1.75982320472e-06,2.32615527216e-06,2.79497213612e-06,1.2680875171e-05,-1.39944715877e-05,1.67213017102e-05,1.48007323286e-05,-6.75211885732e-06,1.11266565896e-05,-3.90895648191e-06,-1.1661852054e-06,-3.92841494686e-07,1.68774315033e-06,-9.00570016236e-06,-4.91899270238e-06,-2.92084022417e-06,1.383603073e-05,1.69530236776e-05,1.27959753641e-05,1.09155027405e-05,4.17985600862e-06,525.824691867,-11.6831537371,21.6558539578,5.62159914343,3.6680272849,4.85336545553,5.83084227871,26.4493403678,-29.1898058019,34.8693407981,30.880442194,-14.0786192003,23.2023674932,-8.14923996605,-2.41599944892,-0.824192741709,3.53078249972,-18.7782531051,-10.2676108936,-6.08603179008,28.8566983045,35.3560989607,26.6871595122,22.7575045528,8.69544543094
0,0,45,241.397090634,279.838321607,1384,0.000663560410501,0.171989782501,0,4.11883137956e-07,8.50282995519e-07,0.000661632394548,0.00565309857297,0.00018718693583,2.66195673629e-06,5.86607256733e-06,-9.68478363567e-06,1.4085377421e-05,1.10097723396e-06,-4.12861359172e-06,-7.02763351703e-06,-4.60611263853e-06,-1.23643508287e-05,4.09502893689e-07,-3.91403259569e-06,-8.76178145214e-06,2.6241624965e-07,7.4520763353e-06,-2.09241433684e-06,4.8799069462e-06,-2.87466820955e-06,9.06076341992e-06,4.14636960629e-08,-6.50418866365e-06,1.52389832694e-05,6.89077094412e-06,-4.61118325472e-06,4.80337960739e-06,390.419191815,5.59226726208,12.1818711071,-20.1556289513,29.3783171057,2.29613655328,-8.61369273405,-14.655231671,-9.60620730349,-25.7844582907,0.851051961314,-8.1689324662,-18.2774437081,0.549355287143,15.5476804586,-4.37504667881,10.1694720926,-5.97556316363,18.8974764936,0.0825515856532,-13.5596810127,31.7716085709,14.3749193804,-9.61387101259,10.0194411327
0,0,46,279.838321607,324.401118648,1030,0.000493834698567,0.148354809326,0,2.42195392042e-07,5.61918186697e-07,0.000492592886188,0.00459934373971,0.000139308196463,-3.14266121812e-06,-9.73372017566e-06,2.36753242006e-06,-3.88773722148e-06,2.62166634504e-06,-6.83489725977e-06,-5.93969027545e-06,-2.71562990465e-06,5.2503544905e-06,-1.47806828959e-05,2.02469963695e-06,5.51886449988e-06,5.05616213773e-07,8.7035957479e-06,-6.84063748366e-06,-6.65314364273e-06,5.69544470889e-06,3.65865297201e-06,1.348523306e-06,3.60451502957e-06,-3.58103283953e-06,4.88667574498e-06,-1.83631426925e-06,-4.49737157758e-06,290.557635527,-6.52762796736,-20.3364015771,4.96712104418,-8.11336457608,5.47076421439,-14.2513961789,-12.3902629371,-5.66099698967,10.9509057516,-30.8284979681,4.22137705943,11.5159847398,1.05343162287,18.1518660594,-14.2646641703,-13.8812391429,11.8750231459,7.63771170133,2.81848283419,7.51613762187,-7.46415726451,10.1876406197,-3.81536654529,-9.38886086146
0,0,47,324.401118648,376.060309309,768,0.000368218493688,0.128243144614,0,1.81838697798e-07,3.56534745879e-07,0.000367430177067,0.00363734754091,0.000103872519304,-1.05924288214e-05,4.6721729526e-06,-7.49388372252e-06,4.92081003286e-06,2.092571231e-06,-1.06065472927e-06,2.05057948583e-06,1.6670009178e-05,-1.61235444165e-06,3.06053981888e-06,-1.4339112309e-05,-1.82667629004e-06,-2.77234704968e-07,-4.49358917529e-06,-1.54278740831e-06,2.62303901389e-06,-7.0406841445e-06,-2.41574866805e-06,4.17584405879e-07,1.42421947745e-06,2.44015213474e-06,-2.55962201355e-06,5.153660012e-06,5.72978419981e-06,216.648800082,-22.0746314536,9.72251949276,-15.6125437708,10.2595868504,4.36446372054,-2.20994949655,4.27966423091,34.7698746278,-3.35804514536,6.38479163975,-29.9071751712,-3.81015244374,-0.579080808667,-9.37707131917,-3.21504553255,5.46658449202,-14.6851943094,-5.04297176457,0.875800462411,2.97863918991,5.08657561719,-5.32545633117,10.7469338999,11.9484594361
0,0,48,376.060309309,435.945957359,570,0.000273287163284,0.110360829194,0,1.19497318339e-07,2.35045753387e-07,0.00027278740476,0.00296688822983,7.70928854212e-05,3.86202041508e-06,1.51718647622e-06,-7.08132802495e-06,3.27652705785e-06,-1.07948116745e-06,-5.57378109263e-06,2.61203618331e-06,-4.98842281988e-06,-2.13954702183e-06,7.18647588442e-07,-5.39282087121e-06,-3.95188088216e-06,4.78532933631e-06,-1.14319613466e-06,7.48836655236e-06,-1.71637542324e-06,-3.47365834536e-06,1.35530354429e-06,1.68613949284e-06,-3.60424943442e-07,-6.8411681181e-06,-2.69807142781e-06,-3.09913721468e-06,-7.3504671984e-06,160.794031311,8.06547573507,3.14982938866,-14.7573994741,6.83460258252,-2.2532977492,-11.6260167092,5.45020668434,-10.4069031965,-4.46443418564,1.49852444927,-11.2494749067,-8.24036797426,9.97758977597,-2.38261354178,15.6176479872,-3.57621046271,-7.2480381938,2.82719877958,3.51643078756,-0.75022412689,-14.2738430215,-5.62911028105,-6.4657441795,-15.3286156253
0,0,49,435.945957359,505.368083345,422,0.000202328391063,0.0946925596351,0,7.41161908251e-08,1.388177731e-07,0.000202002214096,0.00227577640985,5.70757853469e-05,-3.45883633289e-06,-2.94750256647e-07,2.29835628778e-06,4.20699677883e-06,-4.9920822483e-08,4.18547961606e-06,-1.33814673482e-06,-3.0430621236e-06,-1.29166969339e-06,-6.70461638341e-06,-6.62513396584e-06,-7.10908368409e-06,4.16624256946e-06,1.55353071446e-06,5.51721867146e-06,-2.32775096731e-06,3.33406518558e-06,-6.63437150191e-06,1.62192800852e-06,1.80882761715e-06,-5.0685644761e-06,-2.83590960601e-06,-9.03153357912e-07,-2.09212446739e-06,119.044002129,-7.20733886653,-0.623355033131,4.80146731709,8.77434960672,-0.104125179413,8.72901458694,-2.79099839682,-6.34612482078,-2.69355023475,-13.9869659463,-13.8166491664,-14.827543538,8.69104867979,3.23951757558,11.5065984983,-4.85475322115,6.95305112639,-13.8351446329,3.38445975766,3.7765292536,-10.5730050707,-5.914849949,-1.88265644455,-4.36191769869
0,0,50,505.368083345,585.845321772,316,0.000151506567716,0.0821847997842,0,4.46706247319e-08,1.02397871019e-07,0.000151300571864,0.00191993865114,4.27392136721e-05,-2.77900142051e-06,-8.39244840062e-07,5.16090612346e-06,-1.71111111476e-09,1.63658602322e-06,-5.67971404665e-06,-2.76286268715e-06,4.28978038683e-06,-4.96405896107e-06,-1.69871933489e-06,1.78386028465e-06,3.62324180051e-06,-5.51225121875e-06,-3.25159865724e-06,7.81797027884e-06,-5.89780990813e-06,-4.77427394504e-06,-4.6044354808e-06,-5.04265158554e-06,3.02733371305e-06,2.26980081607e-06,4.95859184641e-07,-1.49555394849e-06,-4.28356779952e-07,89.1419542005,-5.79149457813,-1.75652069922,10.7686984156,-0.00236815309135,3.41409219122,-11.8455650335,-5.76352137872,8.94758404058,-10.3527408322,-3.5436036684,3.71950297141,7.55945709541,-11.4965446121,-6.78223512903,16.3077303309,-12.3001301877,-9.95786514889,-9.60360963103,-10.5176855344,6.31399520399,4.73629845591,1.03179486797,-3.121603511,-0.8921829196
0,0,51,585.845321772,679.138141789,236,0.000113150474623,0.0712078758931,0,2.99941491058e-08,5.2460762157e-08,0.000113011682212,0.00138007020981,3.19191595779e-05,3.96728301775e-06,-1.57976731437e-06,-2.69084496418e-06,-3.0007374115e-07,-3.00845210502e-06,-2.90259446718e-06,4.23104454802e-07,1.43673808214e-06,4.90484276221e-07,-1.43983824047e-06,1.84921431246e-06,9.8562246014e-07,4.72330555344e-06,1.52890697816e-06,-3.46879267674e-06,-1.87689324829e-06,-1.83401793471e-06,4.77805067316e-06,3.19468718383e-06,3.52917924379e-06,3.39107941676e-06,-1.21686023236e-06,-4.37036872998e-06,4.59654872524e-06,66.5743708586,8.27744217793,-3.29872821664,-5.60921332562,-0.625938512798,-6.27507625087,-6.05420718933,0.883133300392,2.99632077049,1.02380603387,-3.00276313017,3.85742863817,2.05644489098,9.85148154,3.18958693122,-7.2355686037,-3.91641396839,-3.82620834583,9.967107902,6.6631409479,7.36050893314,7.07044595748,-2.53697264971,-9.1141063299,9.58659999022
0,0,52,679.138141789,787.287358098,174,8.34245024763e-05,0.0608978057296,0,1.67686743606e-08,3.66757459177e-08,8.33367957437e-05,0.0011478616209,2.35336176549e-05,-1.37553851885e-06,-7.78467769418e-07,1.06675068303e-06,-4.29883306871e-07,-4.4644872409e-06,-4.00369528949e-06,-2.12809333397e-06,-1.30324439424e-06,2.96412330398e-06,4.54540832683e-07,1.56495064425e-06,-9.5976945435e-07,-4.81624413341e-07,-3.43389865769e-07,-6.06157197675e-07,-1.44933581798e-06,-6.04737581818e-07,1.04314615278e-06,1.89080826435e-06,2.78644225811e-06,-5.36202336096e-07,5.3329884419e-06,-3.12540560903e-06,-6.0154774869e-07,49.0844937687,-2.8673893911,-1.62601521828,2.22688251382,-0.896882340817,-9.31149274584,-8.35060842295,-4.43889751745,-2.71816584825,6.18227244053,0.947341291256,3.2649944842,-2.00030286186,-1.00497256311,-0.714927745112,-1.26440521866,-3.02218039393,-1.26234573014,2.17469792938,3.94322977907,5.81178758837,-1.11796825391,11.1221268387,-6.51872472065,-1.25557238498
0,0,53,787.287358098,912.658774529,128,6.13697489481e-05,0.0519000156568,0,1.28092858989e-08,2.01325502647e-08,6.13135534763e-05,0.000869740083751,1.73120865507e-05,-1.83391898707e-06,-3.55041332268e-06,3.88510238096e-07,-3.00721720388e-07,1.80880216894e-07,-2.00988381326e-06,-3.62978624949e-06,4.08786495794e-08,-3.77796612183e-08,7.66864869171e-07,-1.29630957703e-06,2.85482806303e-06,-8.98061923755e-08,-1.4701576077e-07,-2.24988620977e-06,-4.52768212742e-06,2.45532749108e-07,2.10810599101e-06,-5.34704966238e-06,-2.07075710747e-06,5.79460095349e-06,5.45472909988e-07,3.25432640252e-06,5.02003364224e-06,36.1081333471,-3.82387086664,-7.40664499402,0.81147674303,-0.627415975773,0.377124589554,-4.19130684021,-7.57099663053,0.085583272674,-0.0779225264261,1.59959907387,-2.70475602167,5.95464614953,-0.186661290525,-0.306874866549,-4.69245550911,-9.44250434893,0.511667671995,4.39665143279,-11.151887079,-4.31930342486,12.0864542242,1.13794231061,6.78766161686,10.4701936538
0,0,54,912.658774529,1057.99493686,64,3.0684874474e-05,0.0292878484048,0,6.24919864986e-09,1.05329119245e-08,3.06611103174e-05,0.000484579225705,8.65604327536e-06,2.54482605475e-06,1.76995431422e-06,-6.16862514962e-07,2.27708197003e-06,1.76895289712e-06,3.53717464842e-07,6.12305715427e-07,1.35620526001e-06,-1.21957977736e-06,4.94302686924e-07,1.83887878235e-07,-6.17800382442e-07,-4.21331906743e-06,4.89581182805e-07,-1.54039240068e-06,8.20430896087e-07,-1.65149551858e-06,-1.41338445149e-06,1.80589449388e-06,3.08301747925e-08,5.80613372605e-07,2.27683988666e-06,-4.62563227159e-07,-8.19236027621e-07,18.0540666735,5.30834581262,3.69091424254,-1.28609238629,4.7494701214,3.68943031684,0.737648791194,1.2769582868,2.82854848944,-2.54355063973,1.03096947548,0.383698075191,-1.28890079143,-8.78795320908,1.02121498597,-3.21287798814,1.7105173146,-3.44395190792,-2.94821062686,3.76629522779,0.0646047550881,1.21149418158,4.74848545255,-0.964651006429,-1.70876991336
0,0,55,1057.99493686,1226.47512703,0,0,0,0,0,0,0,0,0,0,0,0,0,0,0,0,0,0,0,0,0,0,0,0,0,0,0,0,0,0,0,0,0,0,0,0,0,0,0,0,0,0,0,0,0,0,0,0,0,0,0,0,0,0,0,0,0,0
0,0,56,1226.47512703,1421.78491108,0,0,0,0,0,0,0,0,0,0,0,0,0,0,0,0,0,0,0,0,0,0,0,0,0,0,0,0,0,0,0,0,0,0,0,0,0,0,0,0,0,0,0,0,0,0,0,0,0,0,0,0,0,0,0,0,0,0
0,0,57,1421.78491108,1648.19676227,0,0,0,0,0,0,0,0,0,0,0,0,0,0,0,0,0,0,0,0,0,0,0,0,0,0,0,0,0,0,0,0,0,0,0,0,0,0,0,0,0,0,0,0,0,0,0,0,0,0,0,0,0,0,0,0,0,0
0,0,58,1648.19676227,1910.663523,0,0,0,0,0,0,0,0,0,0,0,0,0,0,0,0,0,0,0,0,0,0,0,0,0,0,0,0,0,0,0,0,0,0,0,0,0,0,0,0,0,0,0,0,0,0,0,0,0,0,0,0,0,0,0,0,0,0
0,0,59,1910.663523,2214.92675006,0,0,0,0,0,0,0,0,0,0,0,0,0,0,0,0,0,0,0,0,0,0,0,0,0,0,0,0,0,0,0,0,0,0,0,0,0,0,0,0,0,0,0,0,0,0,0,0,0,0,0,0,0,0,0,0,0,0
0,0,60,2214.92675006,2567.64231331,0,0,0,0,0,0,0,0,0,0,0,0,0,0,0,0,0,0,0,0,0,0,0,0,0,0,0,0,0,0,0,0,0,0,0,0,0,0,0,0,0,0,0,0,0,0,0,0,0,0,0,0,0,0,0,0,0,0
0,0,61,2567.64231331,2976.52599522,0,0,0,0,0,0,0,0,0,0,0,0,0,0,0,0,0,0,0,0,0,0,0,0,0,0,0,0,0,0,0,0,0,0,0,0,0,0,0,0,0,0,0,0,0,0,0,0,0,0,0,0,0,0,0,0,0,0
0,0,62,2976.52599522,3450.52227654,0,0,0,0,0,0,0,0,0,0,0,0,0,0,0,0,0,0,0,0,0,0,0,0,0,0,0,0,0,0,0,0,0,0,0,0,0,0,0,0,0,0,0,0,0,0,0,0,0,0,0,0,0,0,0,0,0,0
0,0,63,3450.52227654,4000,0,0,0,0,0,0,0,0,0,0,0,0,0,0,0,0,0,0,0,0,0,0,0,0,0,0,0,0,0,0,0,0,0,0,0,0,0,0,0,0,0,0,0,0,0,0,0,0,0,0,0,0,0,0,0,0,0,0
2.34375,30,0,0.3125,0.362263999424,92,4.41095070564e-05,1.20237331065e-05,-3.69494025242e-07,4.74809320842e-07,1.04420638612e-06,4.09937036002e-05,2.0633555867e-06,1.24430622083e-05,9.35862676536e-07,-1.65168087876e-07,1.85180625626e-06,-1.18519973819e-06,5.4433447243e-07,-1.35318455077e-06,-1.87354511594e-07,4.35668817009e-07,-6.94277931641e-07,-2.76128189735e-06,-3.75610105305e-07,-1.67556896234e-06,3.10671340634e-06,-4.76013394369e-07,3.3842286513e-07,4.70183051762e-07,-8.63921783167e-07,-1.35398443663e-06,-4.99200939217e-07,-2.37239788991e-06,-4.44273810045e-07,-6.61078663534e-07,-9.38478415531e-07,-3.6177839964e-07,25.9527208432,5.646116528,-4.96513806501,7.33897307256,-2.2104305988,0.0080168294992,-3.53346209409,-0.413875792378,1.51272545875,-1.84320279678,-4.35920832851,-2.05818170482,-2.5613919578,5.0730271429,-2.44195634637,2.40633343968,-1.23549462437,-3.87658516537,0.717683538108,-0.560876025987,-3.3449756996,-4.59994990443,2.33919651314,0.680406306923,-0.194407348571
2.34375,30,1,0.362263999424,0.419952656891,34,1.63013395643e-05,6.38995491125e-06,3.38321342783e-07,1.72947030977e-07,3.46046879814e-07,1.51169325397e-05,1.06431087617e-06,4.59852299004e-06,-8.97823889409e-07,2.89371574388e-07,-1.42843857797e-06,3.90896883973e-07,-8.54122286441e-07,-5.73347700435e-07,-5.66444613123e-08,2.71427213061e-07,-8.31309749509e-07,-1.45094816961e-06,-9.71583004831e-07,-1.30532002728e-07,-7.99099227739e-07,5.06731621811e-07,-5.25385343013e-07,4.36702456507e-09,1.30563853669e-06,-8.99600268394e-07,1.04249934006e-06,-7.27315627317e-07,1.39187334045e-06,1.81275772756e-08,-1.51680407867e-07,-8.34397731232e-07,9.59122292031,-1.18508650389,-0.352003733654,-2.21479049484,0.166834690828,-1.48935833474,-0.836958160793,0.211168828209,0.668101646844,-1.46682515067,-3.59473042791,-1.53902936022,-0.607244656034,-1.38302016599,0.916141819802,-0.830585799356,-0.684404996126,2.71120500708,-1.93170047754,2.41377297449,-1.17517947287,3.48588461038,-0.127328754805,0.303660693563,-1.52764210625
2.34375,30,2,0.419952656891,0.486827932973,58,2.78081674921e-05,1.262920872e-05,1.24041806526e-07,2.61720569706e-07,6.02764262615e-07,2.57748468525e-05,2.10261397463e-06,7.8445392183e-06,1.3171447977e-06,1.1508412025e-07,1.85173082657e-07,8.3451316664e-07,-1.66474547404e-07,-1.58469176854e-06,6.97124850255e-07,1.47119208694e-06,-3.20966315975e-07,5.10024861275e-07,-8.81743633395e-07,-5.42954067532e-07,-1.87874904037e-06,-3.86583046644e-07,1.73099756086e-07,5.29457129857e-09,-6.54123399204e-07,-7.62627835622e-07,4.72867609562e-07,4.53711379988e-07,-4.40243632806e-07,5.27260620969e-07,1.94756925745e-06,-1.53743003143e-06,16.3614979229,3.79492384131,-1.29152747892,1.43335806233,2.12033821755,-0.910123817531,-3.204549758,1.03985513414,2.79671094748,-0.425113044252,1.03355622415,-1.61714973485,-0.549206772627,-4.50744707375,-1.14288058778,1.08630477742,-0.0984504396353,-0.851655071847,-2.56617227639,1.38110653179,1.7612299471,-0.229356628918,0.882456868016,3.24111144225,-2.67240397651
2.34375,30,3,0.486827932973,0.564352748896,106,5.08218233476e-05,2.69630818162e-05,-5.72451344655e-07,6.13839330614e-07,1.16197045621e-06,4.72495554763e-05,4.69870238609e-06,1.43365716748e-05,1.42288080955e-06,4.70842702818e-07,-5.76640280169e-07,1.70608936611e-06,2.21879069533e-07,1.84164639781e-06,-2.51711250597e-06,-8.41172420131e-07,2.70244574223e-07,-2.18105115785e-06,1.06365513351e-06,-8.32972083073e-07,3.50741592253e-07,-8.46717783239e-07,-7.85962857037e-07,9.5129689188e-07,-1.30197179722e-06,-1.84697851647e-06,-7.54554937614e-07,4.21019622e-09,-3.34850835534e-06,-1.32249087605e-06,-1.07200362984e-06,-1.33117976718e-07,29.902047928,4.6325336037,-0.969575750901,0.56004840647,3.40990936255,0.498687552646,3.42942735423,-4.82389864987,-2.0568468015,0.251882320489,-5.66753014826,2.32114800985,-1.42502382589,1.43511251911,-2.07917389619,-2.41346959385,2.2921279945,-3.5963615382,-3.50371181905,-0.84775743943,0.216366721864,-6.12987691761,-2.49278518172,-1.93261658693,-0.189824087757
2.34375,30,4,0.564352748896,0.654222988482,184,8.82190141129e-05,5.37290986136e-05,-3.85840200116e-07,1.01448390413e-06,2.17660291177e-06,8.21004437185e-05,9.70554402948e-06,2.48861244167e-05,-2.86876353305e-06,6.62198965589e-07,-2.33469028906e-07,-1.58240344298e-06,6.80848027462e-07,-1.94666660769e-06,-1.81802837671e-06,4.36412323303e-07,-3.64121619054e-06,-2.60783109912e-06,1.68826037637e-06,-9.75202968207e-08,-2.04235787018e-06,1.22931303998e-06,-6.50346292343e-07,1.6077105626e-07,1.38926563299e-06,-1.89113980031e-06,8.41453709959e-07,-6.39717530761e-07,1.0381959844e-06,2.32978260945e-06,2.04876479614e-06,-7.50557900692e-07,51.9054416864,-3.26807883121,-2.01080498177,2.27054618024,-3.55185462568,2.28758063309,-3.91074805723,-3.91121392636,1.58951044675,-7.66642703467,-5.34812824459,3.57741189445,-0.0185349218516,-4.04224021072,1.96555371749,-0.502814390369,-0.812157369841,3.66846962587,-3.2429311557,1.62084372494,-2.01203219263,3.28989280348,3.97334123504,5.35888318016,-1.21014091639
2.34375,30,5,0.654222988482,0.758404596232,245,0.000117465535096,8.35154313107e-05,1.58905806755e-07,1.2717987389e-06,2.77827581598e-06,0.000109175076808,1.47532129316e-05,3.31364156635e-05,-2.43293145414e-06,-1.40336125736e-06,6.24363999643e-07,1.86206441484e-06,-1.44365648348e-06,-2.05676417491e-06,-3.13457210207e-07,1.16602244428e-06,-6.36654995518e-07,5.68989129765e-08,-1.51491501447e-06,-1.73308335655e-06,-4.01614641907e-06,2.94956718709e-07,5.88448375396e-07,3.2064834969e-06,-3.10322370547e-06,2.87984676476e-06,1.8567999582e-06,1.56124305976e-06,-1.62854413491e-06,9.36044273337e-07,-2.9690042467e-06,-4.11242176023e-07,69.1132239846,-2.23308880476,-6.72925113428,4.36420532276,3.73339453673,-3.13442326308,-3.67937902657,-1.50430861205,2.76296495634,-1.40493799849,-0.0296496961369,-3.00411607462,-2.77247661558,-9.08416201111,1.09690251157,0.468467162405,6.28433969657,-5.84698311132,6.15475104923,3.96035116636,3.91326925471,-2.89251972176,1.23135844868,-6.70219210063,-0.349669291014
2.34375,30,6,0.758404596232,0.87917658308,366,0.000175479125898,0.000144248594792,-2.17236911127e-06,2.00482516309e-06,4.52327970706e-06,0.00016346947042,2.66056904047e-05,4.9501747481e-05,-1.59424598959e-06,-1.44959913593e-06,2.72383095813e-07,1.45599819173e-07,1.82060073198e-06,9.48938298439e-07,-2.33899115741e-06,-3.84152020006e-08,3.46535841202e-06,2.75164793093e-06,-7.4647517371e-06,2.03250493829e-06,3.8042563949e-06,2.91258842251e-06,-1.75973132224e-06,3.18762722614e-06,2.01615775402e-06,2.45343296915e-06,-2.50131674117e-07,-5.0764631711e-06,-6.80868165879e-08,1.84253250313e-06,-2.62195351995e-06,1.02545582527e-06,103.246693789,0.607672405841,-7.81517565487,4.70364549969,0.0153806304126,3.19160479274,2.60152211491,-5.08303091096,0.376327148358,7.15385151397,5.50708265367,-16.0290112035,3.50936181545,7.79298013894,5.96680351544,-4.26726141182,7.61130725279,3.93947411867,3.23862359133,1.16905077069,-10.7702245907,-0.288951490266,4.53216893949,-5.31236647413,0.468259946982
2.34375,30,7,0.87917658308,1.0191808806,579,0.000277602223757,0.000264383223179,1.4345839093e-06,3.06105690986e-06,6.45664156797e-06,0.000258006111125,4.62393628961e-05,7.83101415068e-05,3.46307423577e-07,-4.35437166256e-06,-7.11625261526e-07,2.55667255535e-06,-2.35258908823e-06,-2.17220760826e-06,1.40056295539e-06,-1.80447550494e-06,4.33234817227e-07,-3.3857665729e-06,1.44622120189e-06,-5.17774355034e-06,3.62027658774e-06,6.25696121849e-06,-3.26613911398e-06,2.73172658274e-06,8.04585203421e-07,2.22367439942e-06,-6.09076212486e-08,-9.77531963701e-07,-1.51518373588e-07,1.4430037249e-07,2.08286914195e-06,2.35438003554e-06,163.332884437,5.75425171525,-15.8015189349,4.2347870141,5.0574646494,-5.00271447926,-4.65524272606,2.40967977642,-3.29096812641,1.1340145343,-7.15365485439,2.78143116255,-10.4221364057,6.86099642997,13.2647690395,-7.54878417515,4.94100390326,1.95361526907,5.48848922956,-0.616277052967,-0.382469931054,-1.31434572892,-0.565237977759,5.92129006596,4.36247509635
2.34375,30,8,1.0191808806,1.18148013421,909,0.000435821107764,0.00048120824243,9.84085351963e-07,5.25620287438e-06,1.01458515639e-05,0.000405454058937,8.38320957026e-05,0.000122942864645,-8.78001513096e-06,-2.29033083663e-06,-3.34019893263e-06,3.30534677954e-06,5.41275559496e-06,6.00764575482e-06,-7.74800169936e-06,-1.10403673489e-06,-9.97018978247e-07,4.23514783436e-06,-3.83552367314e-07,7.52918940423e-07,1.45419344177e-06,-3.91624071016e-06,-2.48721263023e-06,-1.5767096971e-06,2.53728316202e-06,-2.46088252121e-06,5.75945683267e-07,-2.24876089435e-06,2.72669325208e-06,1.07904655716e-06,4.8138506813e-06,7.93430083806e-08,256.424165722,-11.0608340638,-13.5215799324,0.63801421344,6.29833847363,11.3809432216,13.2581488237,-16.0765113055,-1.9778887222,-1.58294368458,8.45653411375,-0.902322823046,0.506930813989,4.63022653741,-9.38589509613,-5.13480172375,-3.81937470042,4.19856680476,-4.78629358503,1.18065760251,-4.76740406291,5.38520808281,3.40011871781,9.79569607212,0.816562260812
2.34375,30,9,1.18148013421,1.36962469971,1409,0.000675546689592,0.000865690214043,-1.93626700605e-06,7.64246830014e-06,1.58493480524e-05,0.000628259344016,0.000152439618072,0.000190568202734,-3.38997728794e-06,-6.60017586222e-06,5.86780220337e-06,-6.30453794536e-06,-3.54066292836e-06,-1.10432140894e-05,2.22235957127e-06,6.71887602589e-06,-6.29371673503e-06,-1.31701655898e-06,3.6233686133e-06,-1.28328499471e-05,-1.98917108147e-06,-3.30175907426e-06,3.36301287979e-06,-2.01383454426e-06,-4.45512748005e-06,-2.43183984559e-06,2.11520588726e-06,7.75508358423e-06,-5.2857321166e-06,-8.6008163836e-06,2.948584096e-06,-1.80946809604e-06,397.471561609,2.46534469301,-26.0841852971,22.5196647593,-12.5410939535,-7.86101745756,-23.2357734066,3.35480823823,14.4394288337,-13.5043811405,-2.1031781181,7.57564653184,-24.5838445979,-4.89291999414,-7.67722426574,8.34771876974,-4.94666461883,-9.11815939935,-3.09831617987,2.64620968164,18.6267447931,-11.6675504119,-18.2845664438,6.27353147744,-2.02804506687
2.34375,30,10,1.36962469971,1.58773030856,2153,0.00103225835535,0.00153133064712,3.9007662734e-06,1.22748679764e-05,2.41685567379e-05,0.000960640016145,0.000268010638667,0.00029119470581,8.48443364898e-07,-3.92376683343e-06,-9.37594798224e-06,-5.29463597533e-06,5.24715108233e-06,-1.07125283078e-05,-4.85923593978e-06,-2.84181148484e-06,6.74370039175e-08,1.60373086483e-06,-7.07317658794e-07,6.88006499197e-06,-5.44842486603e-07,1.46349931859e-07,-8.04977725833e-06,8.60697629421e-06,-1.08146016312e-05,2.70944198294e-06,-1.97209150044e-06,8.42443087941e-06,1.92177565691e-06,-8.99294757462e-07,-6.64831455122e-06,-5.05438352335e-06,607.350086689,14.3699769138,-24.3028361686,-5.94977500326,-11.5227140688,10.5582233677,-21.3313576299,-9.84391655754,-6.13437644712,-1.70165497085,4.05453369882,-2.60894207692,15.9981323367,-0.802168724107,0.70141784851,-17.1235291343,17.5789942161,-22.2829761467,3.84967158619,-4.56983244958,16.7553949604,4.44473416279,-1.84369355581,-13.6499400769,-12.3378151571
2.34375,30,11,1.58773030856,1.84056810108,3476,0.00166657224487,0.00286888943327,1.02206673167e-06,1.90569160903e-05,3.91064987378e-05,0.00155083082904,0.000503471397113,0.000470131350393,2.97923200257e-06,-7.61954806208e-08,9.75350504513e-06,-8.91161742635e-07,-1.47549812634e-06,-1.04773394598e-05,7.92188246457e-07,1.00326412087e-05,1.29571462281e-05,1.52069751412e-05,6.72659898376e-06,-5.56611093614e-06,-4.04182456545e-06,1.33091065732e-06,-1.37007209664e-05,-2.15280670315e-06,-4.81285250122e-06,2.34300486622e-07,1.29047151708e-05,6.39051396905e-06,-8.83214792324e-07,-1.67614590102e-07,4.42546110227e-06,6.66827791054e-06,980.561496206,23.688878454,-22.445119581,39.1636880919,-1.44861614666,-3.72703698885,-22.3930007477,0.190668145579,21.2325444982,27.8142943438,32.2973041987,14.6999831447,-10.7224609912,-9.09786774976,2.03540568551,-27.8774877609,-5.58889816228,-9.69857825441,-2.33063931116,26.5009488223,12.4597004868,-2.00174191152,0.470014121049,9.22797648831,9.5941028881
2.34375,30,12,1.84056810108,2.13366899682,5102,0.00244615983698,0.00487748157417,-2.93075408489e-06,2.84246727755e-05,5.65960197512e-05,0.00227687404919,0.000848614742473,0.000690048949858,-3.74045413846e-06,-1.11977780837e-05,-7.86734354929e-06,2.07241497586e-05,-5.92413727817e-08,-1.06519829031e-05,7.00731790226e-06,-8.05115503027e-06,2.06105552248e-06,-1.16749686268e-05,-1.59406837115e-05,2.42364859022e-05,1.28934339364e-06,4.42345695816e-06,1.70857310164e-05,5.91848223061e-06,6.25103946196e-06,-8.77846578125e-06,-7.67905346127e-06,1.12469166291e-05,-4.47849693489e-06,-5.81044706932e-06,2.17317823539e-05,1.25168521801e-05,1439.24762763,13.8400642676,-51.5985207462,7.60138907062,42.9603326412,-0.4076875377,-20.0891535944,14.8681021374,-17.2828670187,5.42458733014,-25.3008427033,-34.0761831715,52.0041769563,2.02931882833,8.73566261679,34.116943127,13.0112589901,13.7706427415,-17.8145380583,-13.6382813311,21.6149332206,-8.50187988331,-11.8285458909,44.5792728065,27.1888088284
2.34375,30,13,2.13366899682,2.47344468555,7771,0.00372581499278,0.00861499030044,1.9880326281e-06,4.28629281662e-05,8.62035178873e-05,0.00346928547027,0.00149240125063,0.00105103300458,-1.9911497538e-05,-3.12086995684e-05,-1.89742460144e-05,1.5822056359e-05,-5.44451765238e-06,-2.4501012481e-05,1.89313441599e-07,-9.40122829169e-07,-1.67792556995e-05,1.53961861718e-05,-7.30577468059e-06,2.35461839648e-07,-2.01641579581e-05,-1.44701258224e-06,1.30419279468e-05,4.57202986576e-07,-1.74772498695e-06,-1.60456933156e-05,1.04548123466e-05,-1.16772227183e-05,-1.28323629537e-05,-2.27358661849e-06,1.01560389636e-05,9.71294228463e-06,2192.15862687,-12.9506673892,-102.113453896,-8.22079967477,32.8234756734,-12.4264337245,-48.232051804,-1.06212813429,-2.058465047,-34.0830472531,30.9035114247,-15.5027826123,1.72022528096,-43.6702658821,-3.47566153384,26.5244525057,0.300661201522,-1.30041828196,-35.9223221705,21.847594659,-23.7430338006,-25.5464664855,-6.16530247466,19.6137655923,20.2704588805
2.34375,30,14,2.47344468555,2.86732788526,11700,0.00560957861478,0.0150306885526,1.12311060718e-05,6.25891176203e-05,0.000131210271523,0.00522625480248,0.00261522795913,0.00158243291128,-4.14302046301e-06,-2.73695362954e-05,6.04452720551e-07,2.42419305606e-05,1.68193097055e-07,-2.33286966538e-05,6.62707344178e-06,2.35638570986e-05,-6.1938220824e-06,3.09884726308e-06,1.71400836874e-05,-6.38618051601e-06,2.42052974197e-05,-2.08711652177e-05,-2.31924826881e-05,2.02492758428e-06,1.33396075396e-05,1.92527364098e-05,2.0376795038e-05,-6.51074918138e-06,-1.83498710787e-05,-3.37209933998e-05,1.47478758259e-05,-1.24486467013e-06,3300.50906375,28.857204098,-105.147828044,41.8900994783,50.6751425698,-0.561681508839,-48.3581178667,13.5214910024,49.5438625608,-10.8592330639,6.54438746912,34.2775875166,-12.6077037905,48.20645442,-46.3879812109,-48.3270965562,2.8297917323,26.4590137778,43.0737927322,38.8159804412,-15.8531032422,-39.3422594621,-68.9773305634,30.4907274345,-3.27146223252
2.34375,30,15,2.86732788526,3.32393493559,17688,0.00848053218276,0.0263282526975,-5.1789203371e-07,9.67317896176e-05,0.000193663237792,0.00790563367037,0.00451810666902,0.00239231396023,1.10054677772e-05,-1.98930889704e-05,1.64931969268e-05,2.49450334464e-05,1.78910137065e-05,-6.92495366657e-06,5.80404737948e-05,1.86753998897e-05,-3.21036269254e-05,-4.53488086934e-06,-9.24882377867e-07,2.24666292434e-05,1.21502766559e-05,2.35077769117e-05,-8.10107885591e-06,-4.13255854333e-05,1.31571937404e-05,-1.44226967769e-05,-1.11084291501e-05,7.513021372e-06,6.38346645304e-06,3.67807667334e-06,1.08252438093e-05,-4.17789237921e-06,4989.6926769,72.114370117,-104.344662088,88.1926229031,53.4531105786,36.7178808684,-13.7120790675,119.847615048,40.2520921384,-63.9835940271,-8.81610732354,-2.89004927758,45.7877260623,22.7572753223,49.2285022816,-15.5497346199,-90.4431643828,30.2169770462,-29.0747378183,-19.1510415626,14.6451966029,12.9957297645,8.41534433254,25.2109176544,-6.42778683095
2.34375,30,16,3.32393493559,3.85325428349,25750,0.0123458674642,0.0444336118953,-4.05205348549e-06,0.000137655779991,0.000280246866858,0.0115178768104,0.00758819482403,0.00348270491157,-1.45098070966e-05,-8.47954964615e-06,2.05536950049e-05,4.46423886522e-05,1.98367835365e-05,2.60083242563e-05,5.77806153796e-05,2.0100542459e-05,-2.9618216154e-05,-6.52507519218e-05,-1.67948082703e-05,-2.67439010041e-05,-1.49735238888e-05,2.38542035664e-05,-1.64560552634e-05,-4.72885717621e-06,-3.58922953062e-05,-1.70373195899e-05,1.52943102464e-05,2.55452854093e-05,-2.12754452777e-05,2.76793245366e-05,1.50163068596e-05,9.41502970935e-07,7263.94088818,31.3964540537,-95.9399147427,110.305579418,92.6794237455,41.7000706566,54.4485946677,119.269540279,43.669437875,-60.3110097435,-134.931304359,-33.7963228174,-57.4874340752,-33.5343020056,50.9145784921,-34.3580793388,-12.0785029529,-73.4890010945,-34.6759919148,33.1887331508,56.4528724597,-42.6080520993,55.6963064471,34.9683856108,3.46974788164
2.34375,30,17,3.85325428349,4.46686498411,37178,0.0178250353624,0.0743311105345,9.19482089994e-07,0.000199687582196,0.000397568616835,0.0166485179804,0.0125078352681,0.00502834963893,2.95846241632e-05,-4.23540639784e-05,-3.12410014749e-05,7.54969450197e-06,3.24029471084e-05,2.68670983153e-05,3.75541665735e-05,-3.23183553572e-05,3.95836453982e-05,5.94788315419e-06,1.09272525139e-05,-6.24809226339e-06,-3.64899805915e-05,-4.10771691731e-05,3.84564963825e-05,-2.30590768055e-06,-1.6384345061e-06,-6.54751417827e-05,1.98699500031e-05,2.13015085522e-06,-3.54315122151e-05,-2.51756316677e-05,-5.36998648235e-05,-1.00228910443e-05,10487.7201686,138.395529265,-185.49245178,19.1024220397,15.9920058585,65.5205964403,57.507476207,77.4632037684,-70.1046117629,81.350422086,11.3616620349,23.3376579631,-14.7438900127,-76.0496137613,-84.5083420366,78.5867915124,-2.65678552692,-6.56673110009,-135.853333063,41.7860029342,4.89377647597,-71.5491482546,-51.3829051614,-111.472930519,-19.9968402491
2.34375,30,18,4.46686498411,5.1781899969,52391,0.0251189259151,0.121402111379,3.34416347146e-06,0.000277208600167,0.000555717635407,0.023496729182,0.0202607368714,0.00708591817562,5.69052847901e-05,-7.374599068e-07,-2.53045809396e-05,1.20371036287e-05,-2.96657794067e-06,-2.40065353199e-05,-3.73077007561e-05,-1.91914930017e-05,-3.23595308833e-05,-1.34941301543e-05,8.53410590248e-06,1.02534001726e-05,-5.60625746016e-07,-2.63148030183e-05,4.09586503643e-05,-6.35906271841e-06,6.84284279107e-05,6.17006028826e-05,3.93747467287e-05,-9.45764477422e-06,-2.31450379752e-05,-1.06795920114e-05,-3.56841303083e-05,1.31327596646e-06,14779.2282358,211.375101719,-119.172189937,48.5199038536,26.7094485244,-7.65128359916,-50.0835971052,-77.3687689232,-41.7263265964,-66.3541798297,-29.4799936423,17.2086929952,22.4310714888,-1.79597921749,-55.9818274194,84.1113797178,-14.3146309189,143.074548721,129.976174878,79.6580628598,-20.9089519396,-51.2496142955,-21.5415327386,-76.3922142432,5.01467577429
2.34375,30,19,5.1781899969,6.00278981776,71996,0.0345185659786,0.193295640803,-1.01009987167e-05,0.000372386054995,0.000746396763918,0.0323436423624,0.0317250336153,0.00973750768208,8.512122093e-06,-1.49829138483e-05,-7.76460372682e-06,0.000120400361963,4.62767925687e-05,-2.76374401389e-05,7.63924636537e-05,-1.22937579168e-05,-3.27296689441e-05,2.99046778099e-05,4.23000716087e-05,-2.17653701956e-05,-0.000103207286651,-2.5931596505e-05,2.19848296483e-05,-1.755782379e-05,5.73036993469e-05,-1.01551656063e-05,5.59640955654e-05,-7.42416906817e-05,-3.71852764146e-05,3.62108444121e-05,-3.85250317766e-05,-6.96044351549e-06,20309.6966285,127.293175032,-171.259682935,103.837594551,252.123283216,95.6870904888,-56.9149145837,157.444836483,-26.3729019958,-65.1356789788,60.7429065608,86.7579114951,-47.6184927721,-219.791010806,-53.291386647,43.4240550988,-39.7815069102,119.047202271,-23.8469114029,115.484779003,-153.543775938,-74.5128027201,72.9865238506,-81.7630242365,-15.072233911
2.34375,30,20,6.00278981776,6.95870287067,95046,0.0455699153009,0.295737711281,-9.0903423159e-07,0.000481181121973,0.000961953760491,0.042794108777,0.0475659974917,0.012855035768,-6.56621954287e-05,2.63155232119e-05,-5.57148501523e-06,3.21034808684e-05,-1.5774173976e-05,2.04772762933e-05,-3.27371351645e-05,-4.74687834593e-05,-5.61363802892e-05,3.68588054783e-05,-5.28604399832e-06,-3.34317941968e-05,-2.55642224005e-05,1.26221553132e-05,-5.06162785444e-05,2.11258074063e-05,-5.11001187717e-05,2.40761475615e-05,-1.17482393331e-05,-3.17959643584e-05,4.0327807196e-05,4.15278570012e-06,8.65870473478e-05,3.46513953466e-05,26811.9815789,-12.3695742569,-102.938810745,124.838314351,66.8287941484,-32.5815433903,42.7657620215,-69.1669799066,-97.361418501,-117.562803506,77.6138311973,-11.3240642962,-70.488746584,-52.1523481169,26.6867300023,-106.749314775,43.3329360221,-104.529082563,50.5325344487,-22.2474053789,-65.6842499766,83.2688571082,6.84464219699,180.58309592,75.6365948128
2.34375,30,21,6.95870287067,8.06684010473,119907,0.0574895506806,0.432235700566,3.75172364647e-07,0.000590602015707,0.0011761330528,0.0541318952693,0.0679372954569,0.0162175028284,6.60625671165e-06,-1.21974934067e-05,1.68393681276e-05,-9.273823673e-05,5.67788020515e-05,-3.49835459471e-05,5.33766748469e-05,7.89682485531e-05,5.11759634806e-05,-2.96060352342e-05,-0.000138447060306,3.74764785296e-05,-6.91546304307e-05,-2.3109126958e-05,-2.98144198561e-05,1.54493770449e-05,2.56881132363e-05,6.69724621653e-05,-1.36599409946e-05,5.13864968519e-05,-4.51118678202e-05,-3.30424910954e-05,2.68537978426e-05,-3.41091478885e-05,33825.1401972,150.072827354,-197.579159877,183.402848464,-194.03078704,116.82018294,-71.1502774042,110.420579305,164.677385222,106.194791601,-58.6213256424,-290.183114913,79.0752806898,-146.102688796,-50.2700315977,-59.4954497913,33.8395349147,53.5310647973,135.680089001,-23.467429778,107.616592897,-93.8048344559,-68.8584326427,56.4119110451,-73.6832101537
2.34375,30,22,8.06684010473,9.35144242897,144941,0.0694921311115,0.605251744963,7.9158931522e-06,0.000685224351983,0.00136842504907,0.0656368467692,0.0923516646082,0.0196033682558,1.72530738434e-05,-0.000115858490723,4.49927212594e-05,-7.25737801269e-05,5.27508085414e-05,1.61415213121e-05,3.29012967952e-05,0.000151319843908,-5.73698421379e-05,-5.64931965187e-05,-4.92209907112e-05,-8.13004955853e-05,-9.273986529e-05,-0.000110218829913,-7.30838602155e-05,-9.70631794011e-06,3.11834498319e-05,-0.00011110103293,5.96522120542e-05,1.87634242859e-05,-0.000115909830036,-5.46264838575e-06,3.4697068551e-05,-9.34678382071e-06,40887.1012145,177.709468826,-420.148512694,247.626294839,-151.084700851,107.610348128,34.927699198,66.5119492841,316.023809449,-118.760941397,-117.425513601,-101.024879455,-169.695401461,-194.522888727,-232.955200237,-149.044444365,-20.479129648,64.5228920614,-231.937878201,124.67486656,40.5731559747,-240.734250719,-10.1313239544,71.9990761219,-18.9246636102
2.34375,30,23,9.35144242897,10.840610991,165181,0.0791962226639,0.799097086563,-9.13334135909e-06,0.000745149768647,0.00147849571669,0.0750628665733,0.117280541824,0.0223408419417,1.74250406817e-05,0.000148116171282,-3.44279142966e-05,3.66161496209e-05,-6.671135542e-06,-1.33130894166e-05,1.55480693546e-05,2.40077830049e-05,0.00011110923302,-4.46069624787e-06,6.35599496792e-05,1.65677383148e-05,-3.0945791732e-05,-0.000162858493926,-0.000143323394731,0.000132481603757,4.42374070806e-05,5.72898995553e-05,-9.87108611246e-05,-0.00011504312057,-1.471811867e-05,-3.93726089236e-05,0.000122646186648,3.78202255198e-05,46596.6998,174.213272863,134.266420716,78.7705115341,75.1855642305,-13.5031638569,-29.1150145969,34.2051780854,48.8920993629,231.891680025,-8.86840090682,130.444687171,34.0451967225,-65.8562624616,-341.038245271,-299.618904485,276.288291988,90.57912782,117.686215114,-206.703283494,-241.573033836,-27.8876709469,-81.8465542399,256.494173686,75.2285948971
2.34375,30,24,10.840610991,12.5669219002,177712,0.0852042251957,0.995959455008,1.05845039056e-05,0.000754857543859,0.00150294364947,0.0810729457935,0.14026758324,0.0240356681649,-5.41906921755e-05,1.30009693196e-05,-1.02964950562e-05,-9.85253826742e-06,-3.69972362269e-05,2.03082950612e-05,-0.000105916438002,-8.02200086957e-05,-3.30270973243e-05,7.45934214143e-05,-2.84681809005e-05,-0.000153472196439,-8.56477919309e-05,9.62932078269e-06,-1.1715501891e-05,5.74581493756e-05,5.40456840766e-05,5.05053408533e-05,-1.35363545052e-05,-0.000163164060548,5.93425499558e-05,0.000123223551745,-3.40605329063e-05,3.34395258885e-05,50131.6296357,14.1535321809,-133.787966366,117.669707395,-20.3814446059,-77.8438476111,42.0535032121,-222.29520364,-166.871693065,-69.3143189102,154.517940937,-59.4034530511,-321.142137564,-178.164926071,21.2593768522,-25.9016298415,119.155335608,112.947011244,104.636900768,-29.8589245705,-339.228304648,124.99225172,255.569815205,-69.8208256822,70.7496822555
2.34375,30,25,12.5669219002,14.5681388416,180240,0.0864162777374,1.17011313774,-2.47468692846e-06,0.000713958505528,0.00142664347389,0.0825687869085,0.157308510618,0.0243775818742,-7.50500113747e-05,2.31029653889e-05,8.21594196061e-05,-2.1784394307e-05,7.57101969457e-05,3.4940781317e-05,-5.62108507705e-05,8.08456460192e-05,5.19582105479e-05,-1.69120862038e-05,-7.56351257412e-05,-2.60706115894e-05,3.31987953808e-05,-6.67105845029e-05,7.80034478783e-05,-1.4795017317e-05,-5.85052906309e-05,-1.70221849105e-05,-8.75990309595e-05,1.62219458937e-06,3.73749261372e-05,4.93672451733e-05,3.06023156919e-05,5.5923225076e-05,50844.7652693,-45.1865582774,-92.1859403993,292.364147501,-45.3569146713,157.847928442,72.6776386583,-117.485825506,168.85753056,108.935554385,-34.6770047692,-158.425659253,-54.5976189582,70.0413550523,-139.823922624,163.456612925,-29.9761500232,-123.187749651,-37.7661928759,-181.13782825,4.83890160033,78.5418554931,103.56360194,62.2337755232,117.1104178
2.34375,30,26,14.5681388416,16.888039171,172882,0.0828884760753,1.30012920207,-1.32945240272e-05,0.000635780386776,0.00126120267447,0.0795351380914,0.165606619938,0.0233824073989,7.97334703586e-06,4.14790283867e-05,7.1759602831e-05,-7.78090844322e-05,-1.41101382349e-05,-0.000126450010575,7.08720776598e-07,-1.45124060861e-06,0.000118109782374,0.000129033077533,9.13322755741e-06,0.000138598792001,2.99887307709e-05,-0.000175173269306,7.64097849432e-05,2.86822095489e-06,-2.84763346608e-05,0.0001019294107,7.42991613869e-05,-8.16557570025e-06,4.59971702064e-05,-2.41111307687e-05,0.000116278661446,-4.87397494843e-05,48769.1117914,107.946717242,-29.358253554,249.441943411,-161.494767846,-29.9563949479,-263.698638918,1.67418253002,-3.88845062641,245.539945184,270.833898976,18.5590026455,289.674872711,61.9745580546,-365.890967708,160.428776866,6.7318121753,-61.0168872397,211.390027282,154.702627507,-18.4907708329,96.2994976651,-47.744835785,239.470985447,-103.637271991
2.34375,30,27,16.888039171,19.57737156,157575,0.0755495171132,1.37288519714,7.48020603845e-07,0.000530447701135,0.00105283176778,0.0728016240839,0.165000832109,0.0213121252987,2.04061791521e-05,0.000122606424583,-9.19230140556e-05,2.93752475423e-05,-6.88650037618e-05,-2.25832939438e-06,0.000101991358721,-3.07879389367e-05,9.12811474059e-07,-1.63568707758e-05,-3.44046203979e-05,4.61010423222e-05,-0.000126196870994,-3.49782570802e-05,6.07178543742e-05,-9.6798390431e-05,0.000164178101164,-1.65843315801e-05,-4.17099236536e-05,-5.71773437448e-06,7.41140128426e-06,-4.8898461503e-05,6.26549303492e-05,-2.37236437937e-05,44451.0868137,113.826281699,165.219490144,-113.477953107,61.0675745459,-143.378724177,-4.61512712777,213.398365589,-64.9959561495,2.74758733435,-34.6945974233,-71.6884163127,96.1099780338,-263.736433984,-72.9498438944,127.015378455,-203.131107118,342.677876086,-34.7881297683,-85.6818864259,-11.6881024684,17.1675444016,-102.974695749,130.381249373,-49.8701027898
2.34375,30,28,19.57737156,22.6949661425,137278,0.0658180968444,1.3858213848,1.07995086831e-05,0.00041687006105,0.000831915824347,0.0636832479621,0.156334782368,0.0185669423243,-0.000188392810672,7.80539077319e-05,-2.802161598e-05,8.12252129032e-05,7.05439829854e-05,-6.77844982209e-05,-5.80470189447e-06,-0.000166840242103,-3.80407305084e-05,4.53194999333e-05,3.84648892238e-05,5.16196931869e-05,5.76212102758e-06,-7.77068249931e-05,-3.12318213669e-05,-4.89615159444e-05,8.52444159099e-05,4.62055411967e-05,6.50114127348e-05,3.34570022773e-05,2.95682250325e-05,-0.00013627133537,-9.35975647435e-06,-4.72996641305e-05,38725.4088251,-339.727078022,94.9766711162,-0.0120193157469,168.849912132,148.056932971,-141.243647966,-11.6149916101,-347.494536441,-79.4615400304,94.4153684328,79.1025265109,107.752075802,12.3751948048,-162.407668159,-66.1688386652,-102.765490367,178.153011833,96.2825455121,134.951227873,70.0467762795,60.884005579,-283.797160467,-20.3139038086,-97.8338765613
2.34375,30,29,22.6949661425,26.309021445,115255,0.0552591438672,1.34821731547,-2.61539827183e-06,0.000314962791434,0.000629557039499,0.0536744629573,0.142834301481,0.0155883166828,-4.4170011819e-05,-4.4926519713e-06,-3.38021003097e-05,3.9295022055e-05,0.000121950991019,-1.90036976295e-05,-5.69271113846e-05,-1.54904409027e-05,-3.07501956244e-05,5.24386376097e-05,-4.46275900563e-05,8.51360558072e-05,3.85581766197e-05,-0.000131099741283,0.000127237430365,-4.54692579641e-05,-1.62894368708e-05,-1.30763683213e-05,4.66402288311e-05,-4.93870701626e-05,2.24326053328e-05,-3.61312629355e-05,-8.68729376718e-05,-1.30676388046e-06,32512.8352259,-53.5222826232,-58.2089120823,-28.5298161058,82.1747635202,254.131395407,-39.247811735,-118.273339404,-32.7373121475,-63.9299952835,109.298265673,-93.8060799415,177.146856571,80.7273758048,-273.841725325,265.074328594,-94.1907420908,-34.1612986354,-27.6067638685,98.1787058542,-103.505206108,46.5215093393,-75.102372432,-182.21987595,-1.89141631366
2.34375,30,30,26.309021445,30.4985962547,93817,0.0449806698208,1.27181725828,2.13244460159e-06,0.000226210967414,0.000457471049776,0.0438449398917,0.125682477916,0.0126888126869,1.01522550479e-05,-4.26371789345e-05,-1.12119557088e-05,5.9324225771e-05,-0.000112938879031,4.80516280781e-05,2.53269986033e-05,2.46431521802e-05,2.04628943125e-05,-5.87338615247e-05,7.18812519878e-05,-6.38371735684e-06,8.5162726932e-06,-3.28410557479e-05,-4.42966965849e-05,1.74864009746e-05,-3.90767178584e-05,-2.96680539993e-06,5.77412753635e-06,-2.61008793148e-05,-1.05186604103e-05,-2.72330912113e-05,1.82846538689e-05,-0.000151041423822,26465.2870798,47.9706750011,-122.886272467,6.01156965081,123.547874908,-235.508234548,100.265815148,52.8860532336,51.3008056027,42.4196723685,-122.882118635,150.469719366,-13.4139988374,17.7289354977,-68.2336233885,-92.1054752863,35.7022798912,-81.7759517563,-5.60332729216,11.6622132735,-54.8766017611,-21.7546532063,-56.7048672407,38.6405323403,-315.257618953
2.34375,30,31,30.4985962547,35.3553390593,74598,0.0357660979065,1.17199381842,-4.46951597142e-07,0.000160688409635,0.000320628837569,0.0349752347494,0.107690146221,0.0100894299415,4.91099546213e-05,2.84592028208e-05,-2.90355936133e-06,6.52170385423e-05,3.7865446553e-06,0.000104788674876,-4.51352213128e-05,-2.83345687454e-05,-6.44119666711e-05,-2.19299688607e-05,3.73962326154e-05,3.23749469052e-05,-8.49077747219e-05,2.62410773176e-05,-5.04010515864e-05,5.46629771622e-05,-5.11290771186e-05,6.50336713004e-05,-3.22873356621e-05,-4.61656375851e-06,1.6413687735e-05,-3.82123787387e-05,6.96161977898e-05,2.22543919581e-06,21043.7072767,120.796617405,36.2111328916,14.0168454458,136.133009995,7.96927769796,218.548920371,-94.216288762,-59.0323303449,-134.421951576,-45.6378861326,77.897550457,67.2126082311,-176.662064015,54.5665839877,-105.427711388,113.270734527,-106.641142675,135.527419975,-67.7507068359,-9.38091720832,34.413123141,-80.2390243577,145.474727706,4.49298107851
2.34375,30,32,35.3553390593,40.9854928916,58273,0.0279390576598,1.06109734451,3.80512283804e-08,0.00011045820852,0.000221484988631,0.0274004741558,0.0908368668763,0.00788146265289,-3.90121993435e-05,-3.32810593229e-05,1.92333347399e-05,-7.14515594591e-06,3.88455706953e-06,1.80241794178e-05,9.96461785288e-06,-2.75950757731e-05,-1.04227407089e-05,5.6006319059e-06,5.51095090698e-05,5.66238268718e-05,2.53337053712e-05,-2.65527647638e-05,-2.47565208747e-05,-1.1937356472e-06,5.38338541626e-05,1.03268750549e-05,1.59422439507e-05,2.98768713149e-05,-4.77354933035e-05,-2.25083548372e-05,-2.96987723429e-05,-6.35689035198e-05,16438.509801,-69.0255065021,-85.039406002,53.6413749752,-14.9255602922,8.23060279915,37.7167041042,20.7704630986,-57.4365127582,-21.8474433243,11.5604941053,114.988178682,118.147242162,52.8115668804,-55.4215842589,-51.6273088192,-2.21273655441,112.291458649,21.7504606791,32.9588675725,61.9485102399,-99.7032518833,-46.8975233316,-62.1732730017,-132.489548754
2.34375,30,33,40.9854928916,47.5122194344,44903,0.0215287956017,0.947755140487,-2.28163645568e-06,7.48301326993e-05,0.000149863822362,0.0211679571745,0.0753185263466,0.0060731611124,1.46118951425e-05,4.8276588038e-06,-3.49936590865e-05,2.71661195963e-05,2.60009775457e-05,-5.65149488634e-05,6.98931979538e-06,-9.24350665555e-05,-1.72594909095e-06,-7.58078075381e-06,-2.86195683631e-05,-2.38284380253e-05,-1.70230118026e-05,-3.69327958362e-05,8.71639009993e-05,-1.3738074584e-05,4.3812698813e-05,1.09164201414e-05,-9.26061786281e-05,4.79825572721e-05,-1.75039090448e-05,4.09888531634e-05,1.81727225059e-05,1.19178754224e-05,12666.902435,38.5948050047,-0.345925106713,-64.0231090829,56.7094550559,54.1285945446,-117.8610405,14.6600996691,-193.014740827,-3.59961813306,-15.8938265358,-60.0548504249,-49.3243761937,-35.6520035975,-76.8345599268,181.568134408,-28.2152676102,91.0698503027,22.856714993,-193.142460056,100.398366148,-36.5818099293,85.5595156944,37.8849433739,25.262282983
2.34375,30,34,47.5122194344,55.0782932282,34220,0.0164068188203,0.837250272993,2.3533603744e-07,4.99356141737e-05,0.00010125607667,0.0161689311993,0.0623543321111,0.00462827813879,-0.000101067863843,8.64517569521e-06,-4.48918052931e-05,-2.80228056923e-05,-4.0665094139e-05,5.84707931845e-07,1.11368682768e-05,-5.55489448271e-06,-5.63628157134e-05,-1.88212112894e-06,1.08921400746e-05,8.52692344824e-06,1.11530338349e-05,6.01289159498e-05,-3.0776540337e-05,-2.61124378074e-05,-7.06146498898e-06,3.33476216332e-05,-2.38768094621e-05,-6.04327281779e-05,-4.56171095999e-05,-4.25084670718e-05,-2.2947931889e-05,5.04043368078e-05,9653.2837745,-205.446879426,11.255746554,-87.7504270073,-58.6197442098,-84.5748637051,1.3190929447,23.2793423069,-11.3730804523,-117.522963412,-3.91700803977,22.6441194222,17.7881691583,23.1179284368,125.456973483,-64.2382857937,-54.6753021485,-14.2805485763,69.5259413414,-49.8368386326,-125.998469137,-95.1917836437,-88.9546762869,-47.5984398273,105.341538981
2.34375,30,35,55.0782932282,63.8492249161,25893,0.0124144289806,0.734352079148,6.31349105854e-07,3.26687260494e-05,6.63544842367e-05,0.0122580438209,0.0505259118222,0.00350204575826,1.59710848657e-05,-1.03029345355e-05,-4.41166555219e-05,9.62693813905e-06,-2.5784162927e-05,4.49523840968e-05,4.63259975547e-06,5.4631240922e-05,-7.60869596604e-06,1.32112877764e-05,2.78065659125e-05,-2.23536602663e-05,9.52069397751e-06,6.06301011395e-05,1.92855567038e-05,-5.66481298731e-05,-3.77015771154e-05,-2.26787794449e-05,-2.09181516521e-05,6.97335165675e-05,2.71972904317e-05,5.79642055522e-06,-4.83906673211e-06,-2.62375326049e-05,7304.2804434,36.8175442371,-25.8736949107,-88.2128707455,20.0908868379,-53.7651856661,93.7453574598,9.66179566608,113.898174587,-15.7720913709,27.5144116592,58.1838469866,-46.6013998199,20.0194851333,126.482705551,40.4073746445,-118.233703767,-78.4743251849,-47.3823065374,-43.7153299385,145.61275511,56.7296261743,12.1947325391,-10.1150689148,-54.6493834278
2.34375,30,36,63.8492249161,74.0168818502,19485,0.00934210592385,0.640558492468,-4.53035510008e-07,2.13953282402e-05,4.35957610295e-05,0.00924031934349,0.0410371158704,0.00263535942532,1.97313228284e-06,-6.14331263746e-06,2.68992782932e-06,2.39525132721e-05,6.79083996942e-06,2.49586068061e-06,3.38086488726e-05,-5.21557464625e-05,-4.69083300685e-06,-2.06688528328e-05,-1.14282081051e-05,3.02020320479e-05,-1.93369368454e-05,-2.16093175527e-05,-2.69998662251e-05,-2.52556814684e-06,-1.77385176016e-05,-3.34026059756e-06,-2.52623969164e-05,-2.2041404727e-05,2.55020842761e-05,-1.28430166383e-05,-1.4027902665e-05,2.15914131359e-05,5496.61701771,6.35406099422,-15.6896902035,8.10601105203,49.9284947032,14.1602124886,5.25858966682,70.5246299607,-108.772326733,-9.80698290754,-43.0955823441,-23.9357517719,62.9167701003,-40.3482506132,-44.9353065996,-56.4611497346,-5.37758586852,-37.0243384167,-7.07506587307,-52.5640988975,-46.085764382,53.3700078128,-26.7454429146,-29.2556780048,45.1101675136
2.34375,30,37,74.0168818502,85.8036852606,14627,0.00701293217081,0.557419362429,8.18152829036e-08,1.38848020113e-05,2.8488743902e-05,0.00694684919531,0.0331704823059,0.00197831164045,-7.28998992498e-06,6.98472221311e-05,-2.87667674353e-05,3.6616975348e-05,5.65574507879e-06,-2.7600963242e-05,3.45885208424e-05,-7.08826969288e-05,-3.7147179879e-05,-1.14433518234e-05,2.03919506994e-05,-9.17349464225e-06,9.62680215836e-06,-1.02307346452e-05,1.65854840704e-06,1.69069706143e-05,-1.44206877612e-05,3.28029996196e-05,-1.11231773919e-05,2.8434342636e-05,3.57885766363e-06,-2.87663860795e-05,3.3008667748e-05,6.1729730847e-05,4126.20051928,-13.7770946923,143.80691984,-58.3832223736,76.3654099752,11.8789058043,-57.6603068311,72.2523649398,-147.846423175,-77.4888459589,-23.7992552778,42.4193895196,-19.0792937051,20.0242187161,-21.262571482,3.26289584644,35.0892416897,-29.9572111847,68.5165298349,-23.2686116521,59.3140069334,7.37722668759,-59.9658241954,68.9344775765,128.827746
2.34375,30,38,85.8036852606,99.467475801,10923,0.00523704506062,0.482552177102,7.0991842385e-08,9.22146759026e-06,1.83569965033e-05,0.00519446677864,0.0264594849216,0.00147734313589,-1.49801390295e-05,-2.1827687036e-05,1.47897807636e-06,2.13959595121e-05,6.32972571751e-06,3.37167040994e-05,1.74022310953e-05,7.24198826292e-06,2.09028817053e-05,-4.84429885456e-06,-2.59197075555e-05,-1.3545402892e-07,-1.97844405299e-06,-2.43660448916e-05,-7.56827546209e-06,7.56620424741e-06,1.64253950987e-05,-4.95625681924e-05,3.34720865616e-05,-3.11900952265e-05,2.91640908703e-05,-1.88476107894e-06,-8.67415270011e-06,1.31916430273e-06,3081.32141055,-30.300702536,-46.7100433826,4.11567077896,44.5928277087,13.1760526245,70.3640253469,36.2878285505,15.1029659783,43.6238903691,-10.1478692468,-53.9944707076,-0.424187024252,-4.07918676612,-50.8248598263,-15.8033177425,15.83423126,34.241958642,-103.397755563,69.8196084024,-65.0717104931,60.8979378633,-3.87032088317,-18.1330779933,2.76289425956
2.34375,30,39,99.467475801,115.307153908,8154,0.00390944478846,0.417553276816,-5.7909671416e-08,6.11046598642e-06,1.18713582361e-05,0.00388206053462,0.0212147275408,0.00110283401355,9.03042679578e-06,5.48107630889e-06,3.72488527925e-07,1.44136695673e-06,2.28150014908e-05,2.16434589887e-05,1.92181709528e-07,-1.6421858436e-05,-1.26585508553e-05,1.57442687569e-05,-1.66661118068e-05,-2.01288010732e-05,-9.48721608218e-06,-7.23545723069e-06,5.51886847935e-05,1.10783535087e-05,4.21004579961e-06,9.11006369214e-06,-3.29267645187e-05,-2.38915222013e-05,-2.07117075601e-05,5.94155029403e-06,7.00274723652e-06,3.42040357037e-05,2300.20093212,19.4443338532,10.6689836339,1.443223455,3.04709290852,47.5571478609,45.1316675954,0.390696651956,-34.2804141324,-26.3950131811,32.8503236161,-34.8148962313,-42.0100883737,-19.8025976005,-15.0928258481,115.06243297,23.1460243394,8.85618590218,18.954960794,-68.6598966033,-49.7634818593,-43.2146747563,12.3299853274,14.5007239369,71.441868168
2.34375,30,40,115.307153908,133.669218358,6079,0.00291458362387,0.360849368053,5.17505157084e-08,3.85844324963e-06,7.79589193109e-06,0.00289697819894,0.0171295143487,0.000822188860483,3.24886795415e-05,1.33717377567e-05,2.05190044118e-06,-1.59095450413e-05,-1.08397406182e-05,1.86315427532e-05,1.07300120218e-05,-1.04424731189e-05,3.94684657735e-06,2.23576679888e-06,-2.48980451882e-05,-6.8983814552e-06,-3.81426560197e-06,2.97749417015e-05,-9.1422466642e-06,9.52028569752e-06,-2.53965352036e-05,-1.47413674217e-05,5.13609541821e-06,-4.22146353106e-06,3.14158547811e-06,-3.53232551632e-06,3.53010248903e-05,-3.55744963518e-05,1714.85423919,68.1510001546,27.4029653707,4.71302669837,-33.1689002047,-22.6301700378,38.8439528871,22.3708726885,-21.780040321,8.16986841279,4.6973292636,-51.898671863,-14.4162750351,-7.93842150537,62.113147876,-19.029452235,19.8253562663,-52.9191878588,-30.7479878279,10.7536816218,-8.74423398533,6.53593861006,-7.39181885568,73.6583518794,-74.2243788773
2.34375,30,41,133.669218358,154.955346055,4532,0.00217287267369,0.311878200233,-1.51122756666e-08,2.45151001187e-06,4.89881374635e-06,0.00216145693227,0.0135234676829,0.000612956064436,-1.15209841305e-05,1.84047442307e-05,4.08389066931e-06,8.64199853842e-06,-1.4501734772e-05,-3.15252325806e-05,5.38213436892e-06,-1.63445757465e-05,2.17404793533e-05,-7.97838955575e-06,1.47012973608e-05,-8.09665451243e-06,-1.17810477272e-05,-2.40825445578e-05,-3.25620036642e-06,2.10788773801e-05,2.69118093218e-05,7.04640278586e-06,9.28551609187e-06,9.28361086415e-06,-3.00470667064e-06,-1.9653476618e-07,-1.38227423612e-05,4.98928872452e-09,1278.45359632,-23.7896037861,38.0657810388,8.78965182579,18.0092179303,-30.2303804499,-65.7670817052,11.2349729918,-34.0990283823,45.3412719161,-16.6646695043,30.6589340782,-16.8525200708,-24.5956943843,-50.2154525898,-6.82586443354,43.9684815107,56.0878021926,14.7025891069,19.3262207329,19.3618707602,-6.25701357407,-0.39853593454,-28.8297348143,-0.0260024781277
2.34375,30,42,154.955346055,179.631178861,3364,0.00161287371454,0.268363866551,5.79753301327e-10,1.55647617935e-06,3.08676810651e-06,0.00160552185215,0.0107721697938,0.000454983274661,-1.80454984867e-05,1.61293717514e-05,-2.57512869719e-06,3.01242022351e-07,1.13786922497e-05,-1.00366831064e-05,7.47444089107e-06,4.61719160202e-06,4.57319629934e-06,-2.81855816781e-06,3.98644877459e-06,8.33339680605e-06,-7.98576897401e-06,-9.98914421693e-07,-3.55252307934e-07,-2.58284967403e-06,6.88106205056e-06,-5.4218091951e-06,3.98297366359e-06,-1.70423963935e-05,-1.5327112239e-05,2.45948060547e-06,2.36921857547e-06,-7.46724303522e-06,948.966879527,-37.4763989214,33.4346934159,-5.19704278343,0.616482049723,23.7524246118,-20.9335219655,15.5974884665,9.63407401602,9.54177837717,-5.87549651469,8.30202168143,17.3761602991,-16.6814778483,-2.09322512612,-0.731450434577,-5.3779173049,14.3578432489,-11.3240592796,8.31700419557,-35.5393392196,-31.9483171609,5.1190446327,4.93079384374,-15.5776407146
2.34375,30,43,179.631178861,208.236509681,2507,0.00120198406729,0.231823568162,-8.35315659127e-08,1.04119773255e-06,1.91240497872e-06,0.00119723649005,0.00846656403426,0.000339073445177,1.45715494915e-05,8.86307111813e-06,-1.10949330993e-06,-6.92493101392e-06,-3.44297465414e-06,-1.07181421212e-05,-3.99634019727e-06,1.04114505967e-05,-5.74687901271e-07,8.0306581663e-06,-1.24974741947e-05,1.12388682017e-05,-1.20569784388e-05,-6.32772524713e-06,-8.6907385845e-06,6.05928007236e-07,-5.5164228264e-06,5.71949245771e-06,1.64881854661e-05,1.34319628264e-05,4.72736982561e-06,-2.76337535222e-06,1.91070333889e-06,-5.83572555902e-07,707.211642977,30.4955707604,18.3551931677,-2.20386318231,-14.4400840821,-7.18927010982,-22.3531041094,-8.33349247507,21.7104024968,-1.19974750684,16.7582258177,-26.0580425516,23.4503718883,-25.1449729742,-13.2045730054,-18.1175001712,1.23992961361,-11.5127252981,11.9234212547,34.4074370352,28.0083291924,9.87765862393,-5.75837367108,3.98178915117,-1.2269010361
2.34375,30,44,208.236509681,241.397090634,1864,0.000893696969056,0.19981878566,2.19906781117e-08,6.55626671813e-07,1.28438819119e-06,0.000890673033658,0.00690298718153,0.000252107260395,-5.9776401891e-06,1.0000138061e-05,2.83167839763e-06,2.26551612417e-06,2.4687352644e-06,3.50438892812e-06,1.32152836755e-05,-1.43215704668e-05,1.69934452492e-05,1.51310252804e-05,-6.55940588475e-06,1.13709996185e-05,-3.646510152e-06,-1.84501872591e-06,-7.33102802726e-07,1.82339893287e-06,-8.6982851132e-06,-5.53143153308e-06,-2.23586313463e-06,1.41347766519e-05,1.7397390962e-05,1.28576290738e-05,1.11803298943e-05,4.93626320201e-06,525.824691867,-12.4030868587,20.7732118029,5.98123763481,4.72267055545,5.1506693153,7.31067605523,27.5639501771,-29.8720101042,35.4372790289,31.5692746801,-13.676036452,23.7112063559,-7.60152722388,-3.83167637852,-1.53442294489,3.81373683512,-18.1371951583,-11.5453087847,-4.65729848305,29.4795942031,36.2833864479,26.8164509347,23.3091184387,10.2728962418
2.34375,30,45,241.397090634,279.838321607,1386,0.000664519312828,0.172239723918,2.67595143138e-08,4.12361946442e-07,8.51497374964e-07,0.000662588335981,0.00566124587029,0.000187457437182,2.9090474539e-06,5.9511515147e-06,-9.77644509743e-06,1.35729091693e-05,6.7842795361e-07,-4.47633115278e-06,-6.60875164826e-06,-4.50403776705e-06,-1.24517642804e-05,3.98498942134e-07,-3.59237558124e-06,-8.70648529146e-06,-4.7192151458e-08,7.46942766644e-06,-1.77482047021e-06,4.78158587212e-06,-3.22222094772e-06,9.1929223524e-06,-2.76663321259e-07,-6.55188490105e-06,1.5349531963e-05,7.05983614753e-06,-4.75096549829e-06,4.40335208825e-06,390.983381399,6.1076779941,12.3591946548,-20.3466812915,28.3095785251,1.41485762806,-9.33898532841,-13.7815611074,-9.39347092399,-25.9671038229,0.828381406068,-7.49803363373,-18.1618852387,-0.0967485644894,15.5843063544,-3.71227742414,9.96459234621,-6.70031591589,19.1732953579,-0.580905138276,-13.6590824373,32.0023313072,14.726962998,-9.90553131141,9.18554977809
2.34375,30,46,279.838321607,324.401118648,1030,0.000493834698567,0.148376153881,-1.08553469246e-08,2.42254011904e-07,5.61626124166e-07,0.000492592919001,0.00459888148381,0.000139308196463,-3.28158264302e-06,-9.75672826875e-06,2.55611095062e-06,-3.83960551356e-06,2.8845748161e-06,-6.75828706616e-06,-6.29986721762e-06,-2.70976926541e-06,5.18078374879e-06,-1.48734136732e-05,1.68777600696e-06,5.37654724908e-06,9.74804294986e-07,8.68552330693e-06,-6.87052785085e-06,-6.64876540491e-06,5.87065770521e-06,3.76735968586e-06,1.68043277352e-06,3.79213962384e-06,-4.05684823705e-06,4.92661297345e-06,-1.76325880801e-06,-4.46930157083e-06,290.557635527,-6.8173628103,-20.3843685489,5.3604019959,-8.01297450002,6.019092066,-14.091670609,-13.1414457428,-5.64864627719,10.8058736212,-31.0219375817,3.51865976431,11.219250613,2.03203827054,18.1138923041,-14.3270218431,-13.8721868863,12.2403052678,7.86455002394,3.5107722229,7.90737022485,-8.45670215934,10.2713644725,-3.66296055413,-9.33030564353
2.34375,30,47,324.401118648,376.060309309,766,0.000367259591361,0.127907307935,-1.4981584231e-09,1.81711241479e-07,3.55857251118e-07,0.000366473573197,0.0036287406946,0.000103602017952,-1.03890296177e-05,4.73895536244e-06,-7.47665622924e-06,4.81405359667e-06,2.20294621732e-06,-1.30940159232e-06,2.36120053882e-06,1.67117534471e-05,-1.56776569226e-06,2.72066949497e-06,-1.40559257374e-05,-1.52526564747e-06,-4.3289315506e-07,-4.33884642516e-06,-1.67446746587e-06,2.71149902651e-06,-7.05152265336e-06,-2.46814734045e-06,2.06411099382e-07,1.48892694963e-06,2.70581364634e-06,-2.55339846589e-06,4.90150992616e-06,5.8123185078e-06,216.084610499,-21.6504390584,9.8618143093,-15.5766429466,10.0369015905,4.59477607084,-2.72876800733,4.92756572056,34.8569200427,-3.26507115271,5.67599212537,-29.3166622675,-3.181473697,-0.903826363494,-9.05419309354,-3.48973396267,5.65111912259,-14.7078429511,-5.15234732514,0.435491712704,3.11357378667,5.64075960954,-5.31262216829,10.2210971095,12.1205689947
2.34375,30,48,376.060309309,435.945957359,572,0.000274246065612,0.110750129354,-2.06113525312e-08,1.20513038228e-07,2.35503160176e-07,0.000273744649121,0.00297546300267,7.73633867735e-05,3.55531717796e-06,1.73575195263e-06,-7.34327969136e-06,3.6602667314e-06,-1.39904050585e-06,-5.65633255007e-06,2.35996611485e-06,-5.04049314673e-06,-2.34707516538e-06,1.15504829956e-06,-5.45284214204e-06,-4.20912905607e-06,4.77477861248e-06,-1.23814998479e-06,7.78111512745e-06,-1.77490579673e-06,-3.68892143067e-06,1.50715897655e-06,1.87411512717e-06,-5.0867921601e-07,-6.65834980471e-06,-2.79507940795e-06,-2.70211729976e-06,-7.6722105775e-06,161.358220895,7.42576535907,3.60567457004,-15.3037522814,7.6349838894,-2.91979112269,-11.7982242165,4.92450017614,-10.5155278067,-4.89726874939,2.40868133264,-11.3746215336,-8.77689727478,9.95563729192,-2.58069434941,16.228263025,-3.69831221098,-7.69693826104,3.14383186006,3.90849537618,-1.0593793284,-13.8925443708,-5.83146896236,-5.63768525644,-15.9996924957
2.34375,30,49,435.945957359,505.368083345,421,0.0002018489399,0.0944835576046,2.02888631029e-08,7.31290078944e-08,1.38551423703e-07,0.000201523224589,0.00227082110943,5.69405346707e-05,-3.30495858738e-06,-3.67198333431e-07,2.45945006823e-06,3.97038354594e-06,5.64903257917e-08,4.29330671701e-06,-1.22674552146e-06,-3.05390958892e-06,-1.10822535692e-06,-6.89822015388e-06,-6.70023914092e-06,-6.96954508705e-06,4.08761505354e-06,1.54465526806e-06,5.35739958995e-06,-2.35020470708e-06,3.50426212581e-06,-6.56664713822e-06,1.47006483604e-06,1.78595927708e-06,-5.2275486925e-06,-2.83280482435e-06,-1.05143099737e-06,-1.84774828004e-06,118.761907337,-6.88638913599,-0.774441767548,5.13746749345,8.28082769571,0.117793807436,8.95393441172,-2.55867367113,-6.3687484722,-2.31092340237,-14.3907284031,-13.9733362571,-14.536528198,8.5270138028,3.221009268,11.1732454638,-4.90158430482,7.3080015225,-13.6938146276,3.06772824741,3.72877229347,-10.9045873168,-5.90837133467,-2.19189713148,-3.85219015389
2.34375,30,50,505.368083345,585.845321772,316,0.000151506567716,0.0821847985544,-7.61038427337e-10,4.46706295361e-08,1.02397869731e-07,0.000151300567851,0.00191993864907,4.27392136721e-05,-2.77900142438e-06,-8.39244838928e-07,5.16090607428e-06,-1.71111506545e-09,1.63658588309e-06,-5.67971382951e-06,-2.76286274313e-06,4.28978028421e-06,-4.9640588831e-06,-1.6987191707e-06,1.78386025603e-06,3.62324163256e-06,-5.51225080069e-06,-3.25159864287e-06,7.8179700352e-06,-5.89780947164e-06,-4.77427360186e-06,-4.6044351621e-06,-5.04265091532e-06,3.02733383489e-06,2.26980127529e-06,4.95859052442e-07,-1.49555335307e-06,-4.28356604404e-07,89.1419542005,-5.79149511172,-1.75652041506,10.7686983259,-0.00236828958303,3.41409188652,-11.8455646145,-5.76352144671,8.94758375538,-10.3527407242,-3.54360323921,3.71950300767,7.55945661875,-11.4965438352,-6.78223512594,16.3077297289,-12.3001295576,-9.95786441114,-9.60360893887,-10.5176841511,6.31399555416,4.73629938894,1.0317947001,-3.12160214062,-0.89218255579
2.34375,30,51,585.845321772,679.138141789,236,0.000113150474623,0.0712078750606,-4.74175392473e-10,2.99941512279e-08,5.24607612096e-08,0.000113011679389,0.00138007020882,3.19191595779e-05,3.96728302194e-06,-1.5797673051e-06,-2.69084493269e-06,-3.00073753939e-07,-3.00845209099e-06,-2.90259443962e-06,4.23104485575e-07,1.43673805192e-06,4.9048429584e-07,-1.4398382174e-06,1.84921418559e-06,9.85622532374e-07,4.72330553105e-06,1.52890697955e-06,-3.4687926695e-06,-1.87689309748e-06,-1.83401807636e-06,4.77805052677e-06,3.19468717907e-06,3.52917884372e-06,3.39107953609e-06,-1.21686027343e-06,-4.37036845616e-06,4.59654854493e-06,66.5743708586,8.277441862,-3.2987280378,-5.60921325811,-0.625938483423,-6.27507620443,-6.05420710397,0.88313331881,2.99632075795,1.02380600415,-3.00276308455,3.85742834516,2.05644499134,9.85148151527,3.18958690205,-7.23556858933,-3.91641348386,-3.82620861759,9.96710754215,6.66314088698,7.3605081187,7.07044630796,-2.5369727532,-9.1141057558,9.58659968026
2.34375,30,52,679.138141789,787.287358098,174,8.34245024763e-05,0.0608978052752,-2.48584411788e-10,1.67686751074e-08,3.66757453556e-08,8.33367943013e-05,0.0011478616204,2.35336176549e-05,-1.37553851514e-06,-7.7846778442e-07,1.06675069217e-06,-4.29883279622e-07,-4.46448722419e-06,-4.00369529184e-06,-2.12809334048e-06,-1.3032444006e-06,2.96412319324e-06,4.54540905143e-07,1.56495065142e-06,-9.59769401474e-07,-4.81624443038e-07,-3.43389893327e-07,-6.06157160153e-07,-1.44933574819e-06,-6.04737511276e-07,1.04314619819e-06,1.89080820594e-06,2.7864421795e-06,-5.3620229163e-07,5.33298840095e-06,-3.12540552157e-06,-6.01547736649e-07,49.0844937687,-2.86738957397,-1.62601515096,2.22688253843,-0.896882292521,-9.31149271117,-8.3506084277,-4.43889752082,-2.71816585115,6.1822722289,0.947341490278,3.26499444938,-2.00030282164,-1.00497263193,-0.714927888044,-1.26440514635,-3.02218026555,-1.26234554602,2.17469806792,3.94322973993,5.81178743767,-1.11796821261,11.1221268065,-6.51872453115,-1.25557228012
2.34375,30,53,787.287358098,912.658774529,128,6.13697489481e-05,0.0519000154168,-1.4519829902e-10,1.28092862643e-08,2.01325501628e-08,6.13135529467e-05,0.000869740083577,1.73120865507e-05,-1.83391898433e-06,-3.55041331387e-06,3.8851023335e-07,-3.00721714213e-07,1.80880229069e-07,-2.00988378675e-06,-3.62978625578e-06,4.08786563636e-08,-3.77796699097e-08,7.66864855748e-07,-1.29630955366e-06,2.85482805432e-06,-8.98062022783e-08,-1.47015764918e-07,-2.24988615767e-06,-4.52768214925e-06,2.45532703776e-07,2.10810592892e-06,-5.34704959399e-06,-2.07075702929e-06,5.79460089372e-06,5.45472878773e-07,3.25432637495e-06,5.02003361133e-06,36.1081333471,-3.82387099149,-7.40664490489,0.811476739273,-0.627415956573,0.377124631985,-4.19130682854,-7.57099663677,0.0855832692923,-0.0779225932863,1.59959902596,-2.70475591511,5.95464608416,-0.186661349144,-0.306874891914,-4.69245545484,-9.44250441166,0.511667592289,4.39665130297,-11.1518869926,-4.31930326442,12.0864540959,1.13794222293,6.78766159617,10.4701935294
2.34375,30,54,912.658774529,1057.99493686,64,3.0684874474e-05,0.0292878483282,-5.31066550422e-11,6.24919878229e-09,1.05329119349e-08,3.06611102215e-05,0.000484579225696,8.65604327536e-06,2.54482605281e-06,1.76995431606e-06,-6.16862515808e-07,2.2770819643e-06,1.76895289336e-06,3.53717462313e-07,6.12305699155e-07,1.35620525975e-06,-1.21957975728e-06,4.94302680522e-07,1.838878751e-07,-6.17800392126e-07,-4.21331903346e-06,4.89581194498e-07,-1.54039239302e-06,8.20430907617e-07,-1.65149550355e-06,-1.4133844812e-06,1.80589448083e-06,3.08302059182e-08,5.8061334418e-07,2.2768398267e-06,-4.62563267147e-07,-8.19236032612e-07,18.0540666735,5.3083457427,3.69091428006,-1.28609238209,4.74947012787,3.68943030363,0.737648808485,1.27695826477,2.82854850113,-2.54355060503,1.03096947445,0.383698049614,-1.28890078497,-8.78795313916,1.02121501653,-3.21287794004,1.71051736742,-3.44395189549,-2.94821063386,3.76629521913,0.0646048246804,1.21149410387,4.74848532564,-0.964651113324,-1.70876994091
2.34375,30,55,1057.99493686,1226.47512703,0,0,0,0,0,0,0,0,0,0,0,0,0,0,0,0,0,0,0,0,0,0,0,0,0,0,0,0,0,0,0,0,0,0,0,0,0,0,0,0,0,0,0,0,0,0,0,0,0,0,0,0,0,0,0,0,0,0
2.34375,30,56,1226.47512703,1421.78491108,0,0,0,0,0,0,0,0,0,0,0,0,0,0,0,0,0,0,0,0,0,0,0,0,0,0,0,0,0,0,0,0,0,0,0,0,0,0,0,0,0,0,0,0,0,0,0,0,0,0,0,0,0,0,0,0,0,0
2.34375,30,57,1421.78491108,1648.19676227,0,0,0,0,0,0,0,0,0,0,0,0,0,0,0,0,0,0,0,0,0,0,0,0,0,0,0,0,0,0,0,0,0,0,0,0,0,0,0,0,0,0,0,0,0,0,0,0,0,0,0,0,0,0,0,0,0,0
2.34375,30,58,1648.19676227,1910.663523,0,0,0,0,0,0,0,0,0,0,0,0,0,0,0,0,0,0,0,0,0,0,0,0,0,0,0,0,0,0,0,0,0,0,0,0,0,0,0,0,0,0,0,0,0,0,0,0,0,0,0,0,0,0,0,0,0,0
2.34375,30,59,1910.663523,2214.92675006,0,0,0,0,0,0,0,0,0,0,0,0,0,0,0,0,0,0,0,0,0,0,0,0,0,0,0,0,0,0,0,0,0,0,0,0,0,0,0,0,0,0,0,0,0,0,0,0,0,0,0,0,0,0,0,0,0,0
2.34375,30,60,2214.92675006,2567.64231331,0,0,0,0,0,0,0,0,0,0,0,0,0,0,0,0,0,0,0,0,0,0,0,0,0,0,0,0,0,0,0,0,0,0,0,0,0,0,0,0,0,0,0,0,0,0,0,0,0,0,0,0,0,0,0,0,0,0
2.34375,30,61,2567.64231331,2976.52599522,0,0,0,0,0,0,0,0,0,0,0,0,0,0,0,0,0,0,0,0,0,0,0,0,0,0,0,0,0,0,0,0,0,0,0,0,0,0,0,0,0,0,0,0,0,0,0,0,0,0,0,0,0,0,0,0,0,0
2.34375,30,62,2976.52599522,3450.52227654,0,0,0,0,0,0,0,0,0,0,0,0,0,0,0,0,0,0,0,0,0,0,0,0,0,0,0,0,0,0,0,0,0,0,0,0,0,0,0,0,0,0,0,0,0,0,0,0,0,0,0,0,0,0,0,0,0,0
2.34375,30,63,3450.52227654,4000,0,0,0,0,0,0,0,0,0,0,0,0,0,0,0,0,0,0,0,0,0,0,0,0,0,0,0,0,0,0,0,0,0,0,0,0,0,0,0,0,0,0,0,0,0,0,0,0,0,0,0,0,0,0,0,0,0,0
4.6875,60,0,0.3125,0.362263999424,75,3.59588372743e-05,9.57498184684e-06,3.43955620148e-07,3.9714345334e-07,8.85901122153e-07,3.34498532819e-05,1.74878406667e-06,1.01438007133e-05,-3.65251477478e-08,2.46730352884e-06,6.80177027914e-07,1.66640461372e-08,1.1651022229e-06,-1.20767265432e-06,8.53251376518e-07,9.44393455056e-08,1.61655630699e-06,-2.44432605323e-06,1.52833944366e-06,-1.70286207977e-06,1.68789244315e-07,-6.13392308799e-07,-2.91953889382e-07,1.15014322751e-06,-6.93679600014e-07,-8.91094715363e-07,-1.08421167082e-06,-1.65886658306e-06,-3.62586220171e-07,2.04819798629e-06,3.17760283891e-07,-7.09863162895e-07,21.157109383,2.71007019401,1.0226513853,4.37083038856,-0.889320330285,4.0369624036,-4.12478920469,2.02143789722,-0.0966653321822,3.3196641445,-4.44215849089,1.87633752116,-2.53425291776,-2.34996379337,-0.639736155349,-0.471922252153,4.28350491792,-3.03694202014,1.71885755517,-4.70572063191,-1.20595167172,-1.507855712,4.69651639317,1.13755860407,-1.51886594642
4.6875,60,1,0.362263999424,0.419952656891,41,1.96574977099e-05,7.70110231361e-06,4.23205999722e-07,1.9128491466e-07,4.39550722176e-07,1.82369819902e-05,1.27043554549e-06,5.54527772328e-06,1.24359990928e-07,2.27537955506e-07,-4.85849855275e-07,-6.66567949294e-07,1.0966039088e-06,-3.65281720113e-07,-2.00430470405e-06,6.30591119466e-07,-1.41731190332e-07,9.36909981822e-07,-1.77368107648e-06,-5.12554302506e-07,-3.65619083323e-07,5.13005105139e-07,-3.45014093308e-07,-1.6687964095e-06,-8.79281408519e-07,-2.49474089974e-07,1.98258855576e-06,9.66731006153e-07,-8.01753350827e-07,-7.2290171846e-07,6.57004710968e-07,5.19553147336e-07,11.5658864627,1.32122413195,-0.616160644717,-0.207755511079,-1.36345929052,1.83041511709,-0.610557428072,-4.27787076939,1.27970755338,-0.0706186647345,2.23282992836,-3.36017839966,-0.606455351846,-0.0571928355094,-0.0838138743877,-0.00474057360205,-3.49509512856,-2.15026429601,-0.709395341915,4.38797665532,2.81345491345,-1.90768816341,-1.06269803713,1.00660404324,0.391291321002
4.6875,60,2,0.419952656891,0.486827932973,64,3.0684874474e-05,1.39710124897e-05,8.60286858965e-07,4.88541828423e-07,6.92172494867e-07,2.86130587102e-05,2.34410919956e-06,8.65604327536e-06,-2.2657795543e-07,7.51605673034e-07,1.02350607667e-06,-1.93486767408e-06,8.63344804298e-07,-1.07698152635e-07,-3.5520552659e-08,-6.97683998303e-07,-1.61134162795e-06,-8.72704039915e-07,2.42655593294e-08,-1.77536017837e-06,-1.44569748437e-07,5.68939886652e-07,3.43035410767e-07,5.18150611891e-07,1.15447826053e-06,1.03745501147e-06,-2.2681111394e-07,-2.96484533623e-06,2.86778599287e-07,7.09095681353e-07,-2.3271359362e-06,4.40919884197e-07,18.0540666735,0.88145491805,-0.0332274247054,3.57918156534,-3.71335881675,1.87855158629,-0.753439613499,-0.43247958025,-0.998652760168,-3.66460460302,-1.51509248488,-0.53450390402,-4.37748893126,-0.769331782129,1.49743062265,0.512744314679,0.353421087565,2.35687009357,2.34228627513,-0.204814646891,-4.8823018609,-0.404893960408,1.65689561616,-4.269051732,1.3777775791
4.6875,60,3,0.486827932973,0.564352748896,108,5.17807256749e-05,2.74075432906e-05,-1.12524279079e-07,5.64382529117e-07,1.26348623001e-06,4.81533609222e-05,4.85915436127e-06,1.46070730272e-05,-6.3108827376e-07,-4.28137265322e-08,5.44732719541e-07,-1.94842001507e-07,-1.28912308624e-06,9.7822417453e-07,7.66940335934e-09,-7.34517895485e-07,-3.35088137767e-07,-4.45498052918e-07,-7.36435032908e-07,-7.84140193271e-08,1.47341804564e-06,-1.54021304916e-08,-2.38202438326e-06,8.20263868084e-07,2.29498825822e-06,-3.76281420363e-08,-3.3358306021e-07,-1.3257455499e-06,8.62396761152e-07,7.17541712893e-07,-8.95033518385e-07,1.30614312777e-07,30.4662375116,0.390393310373,-2.199539953,3.14766920898,-0.608664007459,-2.70194125813,1.95208503035,0.0546923255559,-1.00992400469,-0.601230585539,-1.36509420268,-1.12118977814,-0.664236834297,3.15069486751,0.362510850541,-5.13663978713,0.282485140086,4.27099300179,0.668476993471,-0.332383310319,-2.52166494819,1.5323941748,2.7626636031,-0.407790414599,-0.506448800912
4.6875,60,4,0.564352748896,0.654222988482,154,7.38354792031e-05,4.50602823981e-05,-6.29277588224e-07,8.72444831423e-07,1.81032473201e-06,6.87277604741e-05,8.03507532839e-06,2.08286041313e-05,-2.05481127993e-06,9.29627771937e-07,-9.90459090154e-07,-6.10533687932e-08,4.34052035594e-07,2.0568268967e-06,-4.69748764655e-06,-2.79190191213e-07,1.81688049989e-06,1.17406502036e-06,-1.0769252942e-06,1.60235933145e-06,1.21603959188e-06,-1.32939183643e-07,-4.9429743936e-07,5.70409720873e-07,2.28154303677e-07,1.04802265592e-06,2.06325492773e-06,7.83123228223e-07,4.90958160588e-08,3.09952417697e-07,8.44280855096e-07,-1.03019457707e-06,43.4425979332,-2.03123869379,-0.524444097966,0.158008759272,-0.53573358998,1.1489755668,4.43912712639,-9.36729360852,-0.544539806426,3.57552357547,2.18730645589,-1.78018707096,3.26492496329,3.86417650545,-1.13554309019,-0.90677728398,1.49415008463,0.583508143279,1.3595086506,3.62272789148,1.1426303787,0.177841278202,0.762086054526,1.45409312449,-2.26073468904
4.6875,60,5,0.654222988482,0.758404596232,263,0.000126095656042,8.95932146722e-05,1.2677251298e-06,1.47710246998e-06,2.89100096045e-06,0.00011721480404,1.54457706591e-05,3.55709278347e-05,-3.40441989075e-06,-1.46043718333e-06,4.45379373182e-07,7.45937432065e-07,3.07454001178e-06,-2.29559496191e-06,-2.50028799575e-07,1.77855325801e-06,-2.78063646457e-06,6.796989137e-07,1.39932345454e-06,1.10154967572e-06,1.2282920424e-06,-3.60293352793e-07,1.46988145535e-07,1.89807554905e-06,-4.02983811388e-06,-2.1525606374e-06,1.69239988206e-06,1.59992230706e-06,-2.24244331442e-06,2.19033373487e-06,-2.85330730207e-06,-1.43726192364e-06,74.1909302365,-3.76314599117,-7.3024525116,4.25463238974,1.67121777105,6.71753600933,-4.41728964284,-0.72877583685,4.31424934113,-6.15015867237,1.45307220145,2.83083183857,2.74333007598,2.02184306885,-0.643228077304,0.2435071319,4.06052181206,-7.49059242157,-4.38213837626,3.69233728468,3.34040538734,-4.6769417051,5.01436489133,-6.86597330044,-2.90278858119
4.6875,60,6,0.758404596232,0.87917658308,381,0.000182670893353,0.000149681827263,3.27834463018e-07,2.36419045087e-06,4.33558156786e-06,0.000170093407477,2.63134857941e-05,5.15305076236e-05,5.29483014446e-07,-1.47570498336e-06,5.22663099008e-07,-2.04413900415e-06,-2.37345340893e-06,-1.49595596601e-06,-2.17283723157e-06,-7.78287191841e-07,2.04647750453e-06,4.47263942328e-06,5.40939421868e-06,4.13817928518e-08,-7.85422782597e-07,1.77660681095e-06,-1.4216277282e-06,2.63896002004e-08,-1.63503654876e-06,-1.21225025778e-06,-2.28893126149e-06,-4.38953603846e-06,1.10890918454e-06,1.65048470762e-06,1.87335578302e-06,2.30908601337e-06,107.478115666,5.05404534225,-8.08156907596,5.44275833089,-3.92170465738,-4.98825290252,-3.14298436682,-5.31355882005,-1.60845053924,3.97350627521,9.18393023189,11.08429101,0.246871822154,-1.52473890474,4.08159172264,-2.89367756001,0.140298832373,-3.8955327685,-2.17237181089,-6.25075647304,-10.0660570725,2.68650070275,2.93802332665,2.26710906116,5.40527731176
4.6875,60,7,0.87917658308,1.0191808806,592,0.000283835088885,0.000270185641345,1.0860834115e-06,3.19570111389e-06,6.63191656217e-06,0.000263884284084,4.74641785252e-05,8.00684002971e-05,-5.42613548309e-06,-8.13111541002e-07,-3.86885658739e-06,6.30016891989e-06,3.54020489222e-06,9.78318779264e-08,-6.53775429492e-07,6.22927606908e-06,1.43310419124e-06,-6.13750974783e-06,-3.75096486151e-06,-3.51905386901e-06,3.47705902813e-06,-2.05709629043e-06,-6.89824052896e-06,4.19624769742e-07,-5.27868644288e-06,1.72411141792e-07,4.52357559378e-06,2.05407179958e-07,-1.4094263079e-06,7.48329545181e-07,-7.84829190553e-07,-4.40192993906e-06,167.00011673,-5.82525423054,-8.57647972757,-2.53438104039,11.6639558809,7.53835322926,0.521913274419,-0.71119170345,13.3864076799,3.57638199218,-12.6529313038,-7.76898796083,-7.72514881681,6.76811928393,-4.96798272108,-13.9381781444,0.286759867277,-11.664735413,1.1390170258,9.81361521084,1.14965667685,-3.50564658874,3.23894913369,-0.805226021835,-9.10978218766
4.6875,60,8,1.0191808806,1.18148013421,916,0.00043917726591,0.000485869551342,-3.55763137883e-07,5.38725395538e-06,1.02061907093e-05,0.000408630364528,8.48633720845e-05,0.000123889619379,-5.80223561591e-06,2.14774468374e-06,2.11090141679e-06,2.64845815946e-06,8.65249686914e-07,-1.84067855879e-06,-1.13144198141e-05,2.4376449342e-06,-4.12584070348e-06,-3.89492730914e-06,2.58046962159e-06,-3.07898041853e-08,1.99594799907e-07,-2.87596135547e-07,1.27340861154e-06,4.55142438011e-06,-6.80614984604e-06,3.62734809313e-06,2.8188509009e-06,3.35524489874e-06,2.4987757855e-07,-2.24458084536e-06,4.27075256577e-07,2.19936140787e-06,258.398829265,-4.93624746653,-4.39783022202,11.7707483284,5.45497297411,2.59972468162,-3.98597462211,-23.5403666671,5.68989165209,-8.73569400317,-8.2453537063,5.07441373927,0.882940659083,1.55719873327,-1.70464642181,2.0484310782,9.06744859912,-14.0361909518,9.37956539887,5.22684875456,5.38745756312,-0.0455951832598,-5.17441083672,0.536016977382,4.77617533974
4.6875,60,9,1.18148013421,1.36962469971,1357,0.000650615229082,0.000833497619513,-1.60534112155e-06,7.44988824895e-06,1.48446725696e-05,0.000604872137868,0.000143877173617,0.000183535167573,1.19445947801e-05,-4.96949935226e-06,-6.14230138991e-07,-7.31500863368e-06,1.32042812627e-06,-7.50159142114e-06,-6.96797719693e-06,-6.46288505881e-06,3.28913610119e-06,6.48621859329e-06,-8.62205304956e-07,-4.20640125092e-06,-2.51514378949e-08,-3.531250526e-06,-4.80601397541e-06,-2.53244133422e-06,2.63882482933e-06,1.85012097501e-06,1.7217820653e-06,9.58914920208e-07,4.48142572983e-06,-3.00898249146e-06,2.8777054494e-06,1.17510984535e-06,382.802632437,34.0261581755,-22.0147056815,8.72506933805,-14.4571579141,0.90270743455,-15.7568973315,-15.1999509387,-14.230651273,6.07418116429,13.9256975107,-2.45629641472,-7.830572469,0.853454605789,-7.8204692406,-9.81494371992,-6.7410454132,4.53343151565,2.72225249902,1.70187174765,3.02570235544,7.69080538736,-5.16373727338,5.60002763197,1.67588327447
4.6875,60,10,1.36962469971,1.58773030856,2219,0.00106390213215,0.00157985584076,1.8464450113e-06,1.20628205062e-05,2.53135017594e-05,0.000989939860736,0.000279560457756,0.000300121250438,-1.39000429693e-05,-1.23537339302e-05,4.35425726347e-06,-1.53122826889e-06,7.11784275278e-06,-2.66315329709e-07,6.57055589822e-06,9.12132354509e-06,2.09242650138e-06,3.77625751571e-06,-9.78692488791e-06,-8.71415145436e-06,4.64922410775e-06,5.53983547257e-07,-1.04439995796e-05,4.42459839473e-06,4.5387105627e-06,5.97478250617e-06,3.06336814e-06,6.22846691027e-06,-1.81409897423e-06,-5.32402139473e-06,3.39206320321e-06,-8.26248895315e-06,625.968342946,-15.7709631577,-42.3267049289,23.1812049903,-3.88334389961,14.1418310451,0.395667491663,12.3462627451,20.4669589113,4.37051929221,9.02969505334,-20.7569343431,-18.3536046978,9.12571914461,-0.254782782933,-20.641965975,7.8758924392,9.96595820656,11.4971362153,6.25228678759,13.4372850898,-3.85472712141,-10.9285582636,7.0734449468,-18.9508438496
4.6875,60,11,1.58773030856,1.84056810108,3374,0.00161766822618,0.00278349358223,-4.23356784564e-07,1.85015269746e-05,3.72065116776e-05,0.00150481694828,0.000482820522938,0.000456335781423,-3.90753023354e-07,-1.98649318744e-06,-1.97095674877e-07,3.71733164198e-06,-8.52873919363e-06,-3.04060107872e-06,-1.15526986123e-06,8.61675588352e-06,8.93572681529e-06,2.79138260433e-06,-6.30568405657e-06,1.3511727223e-05,1.40675938667e-05,-5.02284207512e-06,3.54456218219e-06,-6.98200227385e-06,7.5957865909e-06,3.68198343672e-06,8.007244733e-06,3.9485610913e-06,-6.60044328804e-06,1.48699307663e-06,-1.70023313274e-06,-1.49005140998e-05,951.787827445,15.9938140405,-25.4822217102,17.8691813743,7.87923472404,-18.2525544607,-5.83315317376,-1.82530376059,17.6211504752,19.3768238913,4.87055655648,-11.8481935109,28.9751152933,28.5752382756,-10.9359711738,8.73462029325,-12.8908417718,15.8510288733,5.50664644327,18.4985995231,6.40900023636,-14.4213387903,4.93690920211,-4.30895252468,-31.7078009
4.6875,60,12,1.84056810108,2.13366899682,5070,0.00243081739974,0.00484374291856,5.65515195059e-06,2.79367155485e-05,5.64504933649e-05,0.00226253088171,0.000842826770359,0.00068572092822,-8.92108050579e-06,-1.39733826768e-05,-8.51760163878e-06,1.98449336368e-05,-1.59267955469e-06,-3.05422329675e-05,1.33355137125e-05,5.41613983752e-06,-1.65317874295e-05,4.41485006812e-06,2.75985292749e-06,7.59936762727e-06,-3.04349889572e-06,2.03597165479e-06,-5.36082279177e-06,1.47946580178e-06,4.12653795321e-07,9.34007034771e-07,1.03046866943e-06,9.60267610342e-06,-2.62023527611e-06,1.08435497736e-06,1.1315611769e-05,2.65361814622e-06,1430.22059429,2.91959102113,-57.6612589844,5.87692998094,41.3986758261,-3.53596753088,-62.161801039,27.2300907153,11.8962890463,-33.0363177568,9.02663201873,4.5410219129,18.1352077307,-9.07017276291,4.17331409977,-11.6141804789,2.34901275903,2.04722757784,0.70478484447,3.87279636442,19.7564216089,-5.94043224264,2.20960548905,23.1366237358,5.234486419
4.6875,60,13,2.13366899682,2.47344468555,7763,0.00372197938347,0.00860029910451,4.99373895921e-06,4.26838179802e-05,8.68724457503e-05,0.00346625505209,0.00149511837834,0.00104995099917,1.76709233041e-08,-2.36129012342e-05,1.14118618505e-06,9.97704847857e-06,5.72004085477e-06,8.764630812e-07,4.88724907699e-06,-8.64316407047e-06,1.54585662953e-05,1.03297622921e-05,1.51138524606e-05,-1.56670503392e-05,9.2660078514e-06,3.03319683618e-06,1.3049480367e-06,4.75075788668e-06,-2.6843921275e-06,-3.83093189815e-06,-4.04172785487e-06,-9.48330319392e-06,-1.44503177395e-05,-1.28132619684e-05,-1.86017595568e-05,1.47511968573e-05,2189.90186854,28.8833186505,-86.059415947,34.1123783574,21.1226683123,10.9941924997,1.97410236487,8.81138587436,-18.3175495109,32.4325378484,20.6874513515,30.3509326291,-32.8968480566,18.6053556024,6.68394356495,0.546807950903,10.409408358,-4.70598294934,-7.72645429446,-9.4791143617,-20.3235947935,-32.8854948791,-26.6030103468,-38.9337332113,30.1067694015
4.6875,60,14,2.47344468555,2.86732788526,11789,0.00565224976835,0.0151445658835,-4.0517875434e-07,6.53282723335e-05,0.000131309533321,0.00526705478527,0.00262948345176,0.00159447022146,-2.67834973295e-05,-2.21373150722e-05,-1.74442208015e-05,1.40724486139e-05,1.67689711001e-05,-1.41045562221e-05,1.66179399398e-05,2.5703003585e-05,-2.53772590888e-05,-4.62242359075e-06,8.12526581018e-07,9.19829824885e-06,-1.61209946594e-05,5.0108750913e-06,-1.17728710831e-05,-3.78005844041e-06,1.36334771868e-05,-3.20889723885e-06,-2.97682724338e-06,-7.36102268017e-06,-8.50939116514e-06,-1.40544100998e-05,2.79360739651e-05,-8.3619909666e-06,3325.61550022,-17.712387192,-94.7093348773,4.78645292942,28.4234769726,35.3199299803,-27.1430232364,33.9723778672,54.5677899358,-51.2147312732,-9.0103918611,-0.00664973335768,19.1043535593,-35.481973572,7.7568013334,-22.942642607,-9.99951157042,29.9986911099,-5.30104698273,-6.46230470522,-16.7807186,-16.0601221202,-30.0367399687,58.8840485442,-16.9727038691
4.6875,60,15,2.86732788526,3.32393493559,17709,0.0084906006572,0.0263622497669,5.12785441184e-06,9.54357250465e-05,0.000193510704369,0.00791375808864,0.00452777996106,0.00239515422443,3.35356583935e-05,-2.02025562301e-05,2.1907079721e-05,3.17820195345e-05,8.83802633824e-07,-2.23880325911e-05,2.70793501473e-05,5.45527212598e-06,-1.85382771506e-05,4.77959685192e-06,-6.76369668594e-06,3.46607321069e-06,2.00397512421e-05,7.32999455646e-06,-9.00668205907e-06,-2.12588851861e-05,-1.98900244496e-06,5.99999472327e-06,2.45488828676e-05,2.23305947185e-05,1.59287030787e-05,-6.68563894242e-06,3.47408457826e-05,-4.29401247657e-06,4995.61666752,118.729146355,-104.822329828,99.2189973017,68.3321958199,-0.149306983472,-46.7932697564,55.2188287105,11.8522066748,-36.799771408,10.9475091725,-14.1216920319,7.54559655137,40.5643940873,14.8285199343,-18.1625184828,-47.1703581981,-3.11735393511,14.3119753368,50.5231857961,45.6474574749,32.5099629252,-13.3382679595,73.6884235219,-7.28345149411
4.6875,60,16,3.32393493559,3.85325428349,25873,0.0124048399573,0.0446586945808,3.43945357669e-06,0.000140136619582,0.000280373897191,0.0115735127806,0.00760493373494,0.00349934074474,-2.21322908691e-05,-5.95571586316e-06,4.69475070839e-06,3.18154273159e-05,2.05778921614e-05,3.81702265214e-05,4.12229311186e-05,-8.55981681514e-06,-2.95137735623e-05,-3.38257019327e-05,-9.12530393937e-06,6.52155005733e-06,-1.09825745766e-05,1.30884405318e-05,1.36307790834e-05,-3.63413955053e-05,-2.5224800543e-05,-4.2347546316e-05,5.8266302255e-06,1.13040738694e-05,-3.31292244536e-05,6.57685481725e-06,-1.33082999047e-05,2.59166077117e-05,7298.63854757,15.6875706336,-90.7695228432,77.7316616747,66.3097259855,43.4542505036,80.499588631,85.408722306,-16.8884752245,-59.979991815,-70.9101340523,-17.9010344165,11.7462219958,-23.7351499955,28.7178152327,27.4253543099,-77.9940838517,-50.9551974539,-87.9277224374,14.6349004627,24.2335875584,-66.8737648275,12.4079974049,-26.447095489,58.673863073
4.6875,60,17,3.85325428349,4.46686498411,37192,0.0178317476787,0.074377067284,-1.49002089403e-05,0.000198953519599,0.000398101738489,0.0166546304209,0.0125218036342,0.00503024314839,3.01996803421e-05,-4.62051626346e-05,-5.2834658508e-05,1.80916059901e-05,-2.24858202069e-07,-1.01338136965e-05,4.13259823851e-05,1.80009818417e-05,-1.65228055004e-05,-3.06724108585e-05,1.46050028413e-05,5.8013122141e-06,-3.96765563993e-05,-2.87405171272e-05,2.19701860649e-05,1.99554076044e-05,5.09801296409e-06,-6.63773954148e-05,5.4613389686e-05,2.01408979966e-05,-3.14379055996e-05,-2.03612792538e-05,-2.27877498323e-05,-1.56054883116e-05,10491.6694957,139.529305821,-193.713135726,-26.4235282498,37.7284577955,-2.05178741787,-19.1241232471,86.0220135607,35.4368776002,-34.5338661327,-65.252185631,32.5496996255,11.9132147542,-83.9505857125,-60.1146783399,45.5625011737,41.1006418206,9.43295625251,-136.80999846,114.586068649,42.9743087214,-64.5040978955,-42.1092845386,-47.5053298687,-31.9661728109
4.6875,60,18,4.46686498411,5.1781899969,52260,0.0250561178127,0.121145083847,3.46296212581e-06,0.00027674043892,0.00055441669922,0.02343851891,0.0202183033233,0.00706820033704,5.60653428942e-05,-1.78200291891e-05,1.91849064791e-05,1.96423819778e-06,-2.94533843542e-07,-1.88396729729e-05,-8.11612171e-06,-4.58673909465e-05,-3.66832695667e-05,-1.21598892058e-06,3.30921718966e-05,-2.17312277568e-05,-1.73513864864e-05,-1.687891159e-05,2.01907511669e-05,-2.8750241254e-05,1.10704694121e-05,6.5047416511e-05,4.08928473e-05,-3.25018385194e-05,-1.12497900034e-05,7.08874507533e-06,-3.0675948791e-05,-3.64959362399e-05,14742.2738181,209.307413752,-154.578078339,141.429868806,6.43411984519,-2.27192285596,-39.9567251587,-18.3733427373,-96.3125416213,-77.174845369,-1.91835131991,68.1307739323,-45.6131038784,-37.4703504651,-34.1886062582,41.4667758159,-60.4300530407,22.6477594884,136.609783767,80.8800634193,-67.7610289874,-26.2320955222,14.9637867984,-65.0154883516,-73.3247827238
4.6875,60,19,5.1781899969,6.00278981776,72073,0.0345554837182,0.193520575728,3.07581858229e-06,0.000373043646561,0.000748188057039,0.0323794235525,0.0317772405532,0.00974792198414,-2.90566252108e-05,3.60431422945e-06,-4.79760761984e-05,0.000100373906782,6.74319085524e-05,-3.58534300647e-05,6.37136994231e-05,2.27434699364e-05,1.23138808461e-06,2.30614361584e-05,-2.87266239881e-05,-1.77059095093e-05,-0.000103139470682,-4.73230287942e-05,5.93311541389e-06,-2.70547668866e-06,0.000117325851343,1.87777017934e-05,2.49273926926e-05,-6.75078216628e-05,-1.38000543626e-05,2.79736004807e-05,-3.91403705563e-05,2.16765259989e-05,20331.4179275,49.3814465438,-132.663697836,19.93072332,208.596736114,139.74473398,-73.2335963536,132.193481272,46.3812065,6.89292190538,46.622776435,-62.5634095524,-38.9870863141,-219.219481902,-99.7127210041,10.2974583717,-5.90456523393,243.545426198,35.7449821558,53.760327324,-139.651262973,-24.5446478451,58.3970946421,-83.2252385087,44.7975977492
4.6875,60,20,6.00278981776,6.95870287067,94999,0.0455473810962,0.295587242726,-1.36847848756e-05,0.00048078220161,0.000960089565233,0.0427720581466,0.0475393044399,0.0128486789862,-1.26770309417e-05,1.78074251476e-05,1.25384974393e-05,3.75782093152e-05,4.01002115334e-06,2.21427723605e-05,-2.50347689773e-05,-5.98287283848e-05,-5.37814363344e-05,2.74316641004e-05,9.66306480099e-06,1.18686432048e-05,1.15811485336e-05,1.49700782594e-05,-3.6475898768e-07,2.01406371225e-05,-5.90527365357e-05,2.576492482e-05,-1.08813580052e-05,-1.59895425277e-05,-3.12240191782e-05,-1.82682843414e-05,5.43293492933e-05,1.05747007885e-05,26798.7231237,98.0596420889,-120.668486379,162.601417151,79.5064825053,8.34818061176,45.9413912616,-52.815512444,-123.907729788,-113.112545727,57.6738731469,19.351030807,24.6301590508,24.5448374395,31.4031793951,-2.31992666322,39.6901921812,-121.602610524,54.4409758333,-21.0519206404,-34.2733142413,-66.1664549866,-40.7524989856,113.131631734,24.5511595758
4.6875,60,21,6.95870287067,8.06684010473,119889,0.0574809205596,0.432193675493,2.91655190819e-06,0.000589961050067,0.00117735103307,0.0541246860778,0.0679421903291,0.0162150683162,2.09859082126e-05,-4.49825300717e-05,5.56091712633e-05,-9.93090536544e-05,7.01942396196e-05,1.45094293548e-05,6.54728744582e-05,7.26688537713e-05,6.97449172375e-05,-1.31852540575e-05,-0.000113006265285,3.76830067455e-06,-5.52115648954e-05,-3.18168663925e-05,-6.13243282667e-05,4.88419700018e-06,1.97657018092e-05,2.96350321422e-05,2.25627606618e-05,2.34533992405e-05,-4.53963101751e-05,-1.04005736274e-05,3.77629024336e-05,-6.52582097906e-06,33820.062491,180.130629792,-265.725380172,264.423330923,-207.361727634,144.260530361,31.5836225724,134.743336064,151.835952593,145.074592452,-24.2025713443,-235.901116073,6.93870479426,-116.59797747,-68.2012877474,-125.209229685,11.8958298656,40.2555293492,58.1917187877,50.9757617462,50.9312628098,-95.7516531599,-20.5164310368,77.9708741482,-16.3912567616
4.6875,60,22,8.06684010473,9.35144242897,144954,0.0694983639767,0.605336090114,7.94979973725e-06,0.000685360016925,0.00136925043657,0.0656434275767,0.0923918552216,0.0196051265146,-4.86890493529e-05,-7.00421370258e-05,-2.69109322964e-05,-3.4992853442e-05,3.71959726044e-05,-2.93426458247e-05,3.3202451452e-05,0.000150799496971,-5.76566483302e-05,-4.4958153086e-05,-4.8877498946e-05,-5.42260746311e-05,-0.000128726300963,-0.000127054277634,-4.11474650823e-05,-3.47458431309e-06,2.59341949453e-05,-7.42529571634e-05,-7.36732085182e-07,2.15532297785e-05,-5.42986309834e-05,1.34861977839e-06,3.87111629341e-05,2.39321501964e-05,40890.7684468,39.8680443867,-324.705201076,97.4704906424,-73.7152232077,76.2400346901,-59.406493827,68.1722029424,314.462673618,-118.637712736,-93.5826619693,-101.583471379,-112.385515984,-269.714052341,-267.460855939,-83.2197490156,-7.26856741927,54.3937396992,-156.045927201,-1.36623958065,45.6721670121,-110.593331543,3.79123201168,80.1043905517,50.7619180494
4.6875,60,23,9.35144242897,10.840610991,165201,0.0792058116872,0.799208860585,-4.7847626635e-06,0.00074389164194,0.00147757820234,0.0750704601248,0.117263184588,0.0223435469552,9.31039154074e-05,0.00011939483382,2.355250718e-05,2.07247182358e-05,-1.88049057662e-05,-4.46441488468e-07,-1.19790540007e-05,2.96992139267e-05,7.1261284158e-05,-2.04307303825e-05,6.43136965902e-05,-3.74121005995e-05,-2.61520534584e-05,-0.000100765345139,-0.000127618787083,0.000133805625757,6.8303276622e-05,3.4442563775e-07,-5.21550103219e-05,-0.000104679464813,-2.51721651081e-05,-1.9833396739e-05,0.000127675002186,2.64266311317e-05,46602.3416958,332.059150926,74.5371688221,199.67751869,43.2327240786,-39.5260142979,-2.97523358501,-24.3221967445,61.1506350493,148.60307049,-42.8593000461,133.327318806,-78.537079231,-55.167641031,-211.878122086,-266.393266469,278.808330918,142.290943087,0.728951463021,-109.668071924,-219.86556175,-51.4078816351,-42.0977274272,267.997811669,52.1752036936
4.6875,60,24,10.840610991,12.5669219002,177461,0.0850838829536,0.994525000186,1.09941048435e-05,0.000754328220201,0.00150080623165,0.0809587146589,0.140065123069,0.0240017202451,-0.000110446034602,1.82594546999e-05,-2.33711243666e-05,2.3495484477e-05,-8.31806781819e-06,3.01359629192e-05,-0.000114073353348,-7.36615377253e-05,-1.35834607936e-05,6.59161232904e-05,-1.83055899338e-05,-0.000137164470486,-8.72765795648e-05,-3.85628201463e-05,-2.27227875139e-05,7.82451087733e-05,-1.40593746533e-05,0.000132311656322,-1.90515574378e-05,-0.000152784347187,5.36998790292e-05,0.00010682660739,-3.50767557635e-05,-2.85457800621e-06,50060.8238429,-103.371732815,-122.586499415,90.1299228726,48.4942587595,-17.5539830214,62.8232258215,-238.888624473,-153.183258006,-29.0983790587,137.304259318,-39.0239875349,-287.200583526,-181.790975754,-79.2876116259,-49.0344071634,162.276955882,-30.0852653041,274.113055389,-41.2338305094,-316.759157786,113.769383203,222.139529822,-72.3919410378,-5.26828937251
4.6875,60,25,12.5669219002,14.5681388416,180347,0.0864675790119,1.17064672542,-1.27065409184e-05,0.00071418125528,0.00142637462066,0.0826165359574,0.15731287777,0.0243920536966,-5.73831852253e-05,1.25670759363e-05,7.45348721419e-05,-3.40139148912e-05,1.64804509654e-05,1.38551230632e-05,-3.97581700733e-05,4.37971835681e-05,8.22035626209e-05,3.04188927762e-06,-7.12607665254e-05,-2.23240121941e-05,4.35982702139e-05,-5.77333680597e-05,7.22542344189e-05,-6.34066785247e-05,-2.79535418807e-05,-5.88770559711e-05,-9.20721698967e-05,-2.61831085313e-05,3.87633477156e-05,2.88169433283e-05,1.16341698515e-05,0.000100567654961,50874.949412,-8.4805524698,-114.220109369,276.665337833,-70.8487601186,34.1292097313,28.7079631457,-83.1909007621,91.4119013687,172.2500718,6.21011860794,-148.925229731,-46.5969798061,91.7010725233,-120.559887079,151.240122419,-130.62249623,-59.926313726,-124.726260688,-190.291219909,-53.8131337845,81.4202024661,60.1731502948,22.8297924407,209.826716486
4.6875,60,26,14.5681388416,16.888039171,173116,0.0830006676476,1.30191707899,4.6916140854e-08,0.000638390139342,0.00126405743338,0.0796446736628,0.165888638814,0.0234140560572,3.23841771351e-05,4.48409022654e-05,7.9217387365e-05,-0.000113191502809,3.1714542064e-05,-0.000122457913309,-4.29943484338e-06,3.53226701091e-05,0.000110548738373,9.40928371009e-05,-1.53607271185e-05,0.000161244645321,3.00825049927e-05,-0.000162590323168,6.34976677492e-05,3.57195006148e-05,7.40632167702e-06,0.000101906134769,7.79216781091e-05,2.44087033973e-06,4.55896623407e-05,-1.53532947099e-05,0.00014399445133,-9.27328788842e-05,48835.1219727,159.164103674,-22.5352482628,265.123818374,-235.286834054,65.588490332,-255.335546829,-8.68611862795,72.8818272606,229.510424816,198.404620514,-32.6601806506,336.765730358,62.2314350809,-340.364336125,134.20159939,74.7854252006,13.7235730364,211.233116634,162.56642655,3.62756058719,95.7218155618,-29.5315436833,297.671615094,-195.336563457
4.6875,60,27,16.888039171,19.57737156,157450,0.0754895857177,1.37189751893,8.8717988772e-07,0.000529264188377,0.00105179598217,0.0727434832874,0.164868928094,0.0212952189642,-3.99739485868e-06,0.000136579451493,-9.35522081911e-05,4.40176425049e-05,-6.80510631199e-05,1.43564282596e-05,0.000103023439074,-5.91602295336e-05,-2.6679667381e-05,5.34041008746e-06,-2.04313117572e-05,3.23631203999e-05,-0.000114315072308,-3.91402191409e-05,5.61816298016e-05,-0.000100614509457,0.000145615571499,6.83477999245e-06,-5.10268813435e-05,-1.84807317492e-05,3.3758228472e-05,-9.0479110905e-06,5.8424548174e-05,-1.01518966363e-05,44415.8249648,62.7931410251,194.487989166,-116.908739218,91.6403655582,-141.53163544,29.8916977422,215.595726231,-124.008292093,-54.807622434,10.6544574854,-42.5592689694,67.2044481763,-238.948352728,-81.1365735772,117.260917474,-211.189155101,304.350949211,13.8897346409,-105.314506332,-38.3427718348,71.9508293435,-19.7487249932,121.356041603,-21.5776081311
4.6875,60,28,19.57737156,22.6949661425,137316,0.0658363159887,1.38628227944,7.26484204314e-06,0.000416576802566,0.000831844543737,0.0637005884791,0.156376811333,0.01857208185,-0.000172070671757,8.02290241004e-05,-2.88081822962e-05,6.96920629373e-05,6.72187389466e-05,-7.76025611284e-05,1.86122410646e-06,-0.00015201185551,-2.12442411119e-05,6.69382215839e-05,2.43800390309e-05,4.49777972829e-05,-1.93634495715e-05,-9.05608977183e-05,-3.27416269887e-05,-5.93295045908e-05,6.92419701226e-05,2.81131328138e-05,4.61970666986e-05,3.77903792005e-05,-1.37980533416e-05,-0.000150037889711,-1.92581911286e-05,-5.32582917971e-05,38736.1284272,-305.673439922,99.4907470002,-1.64332543648,144.823462961,140.952560034,-161.695579496,4.28797963775,-316.697960593,-44.4702076979,139.424663505,49.6966262824,94.1853258678,-40.2104799189,-189.268752366,-69.1601594636,-124.179785152,144.686042279,58.2595517173,95.5681683132,79.3464779571,-29.3116274975,-312.404934533,-41.0955171187,-110.263351893
4.6875,60,29,22.6949661425,26.309021445,115168,0.055217431616,1.34721446231,-1.77820780225e-06,0.000314925809789,0.000629058275295,0.0536340990614,0.142689548603,0.015576549874,-6.10064547058e-05,1.25255488005e-06,-4.37302856464e-05,4.77760491195e-05,0.000100388730095,-1.0358559513e-05,-5.47753456288e-05,-9.05613005325e-06,-4.02143690578e-05,3.39526497861e-05,-2.62398667872e-05,9.05179148355e-05,5.19353097748e-05,-0.000121857249234,0.000126067295387,-3.95420693459e-05,-1.61486230044e-05,-1.31763785248e-05,4.6833757215e-05,-4.13198461212e-05,4.84895857866e-05,-4.95954145014e-05,-7.28289113321e-05,-1.27986543959e-05,32488.292979,-88.7066736712,-46.1491035746,-49.2770241471,99.7755864007,209.347926984,-21.2386432034,-113.677682561,-19.2567588812,-83.6635623195,70.688883586,-55.3147436283,188.328223079,108.802750285,-254.585262118,262.670485257,-82.0212242485,-33.8046962771,-27.4334611449,98.4819174999,-86.7141159471,100.705407833,-103.295426767,-152.821220006,-25.8531033289
4.6875,60,30,26.309021445,30.4985962547,93800,0.044972519151,1.27151895928,5.76157091313e-06,0.000226220163973,0.000457355088548,0.0438369499135,0.125654943863,0.0126865134254,2.85800942165e-06,-5.27468598718e-05,-1.08859725518e-05,5.75843433283e-05,-0.000103460285024,4.49858971943e-05,1.57018528065e-05,1.3706310719e-05,3.1259257344e-05,-4.91465305659e-05,5.47845693902e-05,4.83941962733e-06,9.76477881932e-06,-3.07994234367e-05,-2.70016340086e-05,2.45491089457e-05,-1.81156006577e-05,-1.38282925737e-05,2.39560067024e-05,-1.45362690579e-05,-1.87587221611e-05,-3.17154425753e-05,1.11609412515e-05,-0.000148465572411,26460.4914684,32.7452575863,-143.96630881,6.68699424742,119.920503519,-215.77838514,93.9611635263,32.7764743779,28.4712437538,64.9279305878,-102.970423386,114.846338805,10.0319564023,20.3979133663,-64.0616198324,-56.1113284748,50.5538040905,-38.1116327636,-28.4255695214,49.7620346323,-30.8608385706,-38.8733196926,-65.9554105517,23.7358133163,-309.855005351
4.6875,60,31,30.4985962547,35.3553390593,74730,0.0358293854601,1.17411343995,-4.44111443625e-06,0.000161231862556,0.000321183491589,0.0350373080909,0.107855202993,0.0101072830307,5.26911902455e-05,4.00195492721e-05,-6.82044308444e-09,7.48046475677e-05,6.50190456598e-06,0.000115351568667,-3.9210646429e-05,-2.52320385271e-05,-6.87776980242e-05,-2.73086579134e-05,4.27707476384e-05,2.9661650315e-05,-8.87408938138e-05,2.5734295002e-05,-6.28746494076e-05,4.52532882455e-05,-6.28655009045e-05,6.25292394996e-05,-4.56025308927e-05,-9.90730601222e-06,1.66509283133e-05,-2.72932831771e-05,7.59350995582e-05,1.38241635805e-05,21080.9437893,128.293133663,60.2896163471,20.0940606758,156.126907092,13.6620464658,240.521700755,-81.8469529542,-52.5395206263,-143.457717615,-56.8415095412,89.091993146,61.5030824447,-184.686622938,53.5561398488,-131.450352691,93.6166905942,-131.052062982,130.318502616,-95.5216944331,-20.3819186974,34.9125833014,-57.5178988995,158.747832526,28.6999062361
4.6875,60,32,35.3553390593,40.9854928916,58196,0.0279021399202,1.05981446138,-5.45121595482e-07,0.000110286715597,0.000221461340658,0.0273644911684,0.0907916623469,0.00787104835083,-4.13364891354e-05,-3.59358307871e-05,2.3656714562e-05,-5.55282169799e-06,-1.66184552809e-06,8.80343591106e-06,1.77320290483e-05,-3.58259692425e-05,-8.12942260871e-06,-1.94078587704e-06,6.08939499447e-05,4.39830431613e-05,1.37536538073e-05,-2.57380914986e-05,-2.47921754071e-05,-1.30568209173e-06,6.09961502582e-05,7.37710733685e-06,3.05714166765e-05,3.2657578408e-05,-5.28613703876e-05,-2.46086792916e-05,-2.49682382107e-05,-6.6781616351e-05,16416.7885021,-73.9080938865,-90.5616086013,62.8539114244,-11.6127503038,-3.33078579335,18.4721151555,36.9307442594,-74.5992429667,-17.0784339882,-4.17266932049,127.082788875,91.8046885347,28.6152238833,-53.714899288,-51.7104027898,-2.47986003186,127.200746289,15.5785793333,63.3755297493,67.8252733576,-110.441769963,-51.3140623485,-52.2831750147,-139.204766783
4.6875,60,33,40.9854928916,47.5122194344,44889,0.0215220832854,0.947458000207,-3.75100176321e-07,7.47051923662e-05,0.0001498507723,0.0211613247718,0.0752989952488,0.00607126760293,1.48800056864e-05,5.92601659332e-06,-2.93224921979e-05,2.08821228212e-05,2.83056892548e-05,-5.7027628164e-05,-3.20712588793e-06,-8.31494941471e-05,2.09165323104e-06,-9.03791986873e-07,-3.03717035433e-05,-1.69723252648e-05,-8.27741488092e-06,-3.37700307607e-05,8.93105244757e-05,-1.72789990853e-05,3.64609132919e-05,2.12562656538e-05,-9.91356387067e-05,4.34110845087e-05,-1.96029786093e-05,3.17625803286e-05,1.01551630361e-05,7.62205318212e-06,12662.9531079,39.1592032194,1.95417000468,-52.2068518666,43.6208964812,58.9326723664,-118.937152732,-6.606534008,-173.640053828,4.35591228973,-1.95131355734,-63.7534642671,-35.0089672024,-17.3929402852,-70.2766815699,186.07631135,-35.5843582476,75.7386565576,44.432765385,-206.71180016,90.8012354996,-40.931563728,66.3575508855,21.1353138209,16.2775881296
4.6875,60,34,47.5122194344,55.0782932282,34208,0.0164010654064,0.836913249271,9.32551535631e-07,4.99155261353e-05,0.000101282652841,0.0161632797241,0.0623500569603,0.00462665513068,-9.85448415659e-05,3.9519149346e-06,-4.94588398342e-05,-2.46070394645e-05,-3.64921021199e-05,2.37128095521e-06,9.6207809344e-06,-6.80646045248e-06,-5.62763820868e-05,-3.7445869439e-06,1.02077939809e-05,4.98665857556e-06,1.37177717364e-05,5.93850365061e-05,-2.70691284978e-05,-2.26288207304e-05,-3.58383604051e-06,2.48304234897e-05,-2.07422394833e-05,-5.94327227631e-05,-3.94477803176e-05,-3.60862627111e-05,-2.65741602039e-05,5.0645199606e-05,9649.898637,-200.187463933,1.46996962158,-97.2788048361,-51.4953861329,-75.8849750466,5.04907116902,20.1217306019,-13.9984553322,-117.340232067,-7.82114467136,21.2306020311,10.3867732147,28.487265906,123.912210044,-56.5210037622,-47.3805286804,-7.05875188033,51.7802607139,-43.3040686353,-123.891900829,-82.3335117049,-75.5540189067,-55.1711155407,105.861850267
4.6875,60,35,55.0782932282,63.8492249161,25905,0.0124201823945,0.734643391706,-2.94561068272e-07,3.26543466286e-05,6.62800431441e-05,0.0122636394898,0.050508849908,0.00350366876638,1.94797881136e-05,-7.29162153923e-06,-4.56761740915e-05,4.75040537056e-06,-2.36216935232e-05,4.09563933207e-05,5.99453255506e-06,5.07122136525e-05,-1.03785029107e-05,1.58447977379e-05,2.89169178612e-05,-2.75854910565e-05,6.43097050237e-06,5.9069462249e-05,2.24320937971e-05,-5.75438663167e-05,-4.42243764929e-05,-1.86928583222e-05,-1.89116399683e-05,7.05647635463e-05,2.47240496938e-05,4.83280225043e-06,-8.85389377513e-07,-2.45451548562e-05,7307.6655809,44.1369201772,-19.5981068096,-91.4603056221,9.92887454555,-49.2608054369,85.3999456778,12.5022076534,105.716062767,-21.5665532173,33.0374494961,60.4892242159,-57.505703033,13.5636859112,123.231714034,46.9731300069,-120.107422468,-92.061074905,-39.0703190518,-39.5565474826,147.367200257,51.5484669692,10.1701605669,-1.8736762947,-51.1048601231
4.6875,60,36,63.8492249161,74.0168818502,19494,0.00934642098433,0.640848566963,1.37413671877e-08,2.14051851871e-05,4.36797886038e-05,0.00924462020216,0.0410840627522,0.0026365766814,-3.55010333848e-06,-7.1718350114e-06,5.369387041e-06,2.59831880324e-05,2.31862819563e-06,6.45647710466e-06,3.62503280102e-05,-4.95259300755e-05,-1.33943671087e-06,-2.14098406511e-05,-1.44575617494e-05,3.23594947213e-05,-1.73900457075e-05,-2.27980970221e-05,-3.15062049979e-05,-2.16661946307e-06,-1.34562772399e-05,1.2240135122e-06,-2.670500355e-05,-2.23426926487e-05,2.46687285346e-05,-1.42913763658e-05,-1.30097738209e-05,2.27330084311e-05,5499.15587084,-5.16664237645,-17.8331007877,13.6958061164,54.1540740227,4.83659737748,13.5247783506,75.6171479201,-103.277309693,-2.80412982327,-44.6467620886,-30.2478458345,67.4126780139,-36.2913607938,-47.4175578693,-65.8609111181,-4.63423932976,-28.1037375961,2.43908417385,-55.5594844123,-46.7163802784,51.6351589861,-29.7554462748,-27.1271866192,47.4768320181
4.6875,60,37,74.0168818502,85.8036852606,14622,0.00701053491499,0.557230712571,-2.90013035912e-07,1.3893021855e-05,2.84616297938e-05,0.00694447282681,0.033148732164,0.00197763538707,-5.6882619435e-06,7.01329976735e-05,-2.98153051446e-05,3.63563888292e-05,5.83834271829e-06,-2.8542787971e-05,3.17761332793e-05,-6.80309298792e-05,-3.96469374388e-05,-1.28005563769e-05,2.4794904672e-05,-7.79288666752e-06,1.17895321758e-05,-1.00356794841e-05,2.94139311026e-06,1.83555069128e-05,-1.44253628328e-05,3.04704379862e-05,-1.16436287147e-05,2.91554051934e-05,4.10200818431e-06,-2.99832354198e-05,3.08399859284e-05,6.14133676907e-05,4124.79004532,-10.4366284185,144.404292949,-60.5727693124,75.825391343,12.2626758433,-59.6279473151,66.3908286072,-141.900457992,-82.7022338855,-26.63696541,51.6029526814,-16.1949289296,24.5414018148,-20.8614514765,5.93989968969,38.1098510078,-29.9608355834,63.659508153,-24.365601674,60.8083963771,8.47077736456,-62.5110527075,64.4096120223,128.174728232
4.6875,60,38,85.8036852606,99.467475801,10931,0.00524088066993,0.482920361228,-2.92455412536e-07,9.2347073227e-06,1.83506874187e-05,0.0051982660589,0.0264668570157,0.0014784251413,-1.50203688075e-05,-2.07947424126e-05,1.71546885321e-06,2.18409967194e-05,7.5669239795e-06,3.29166770162e-05,1.85849048303e-05,7.20558254181e-06,2.13082183186e-05,-5.50706978882e-06,-2.74918746669e-05,3.86663789596e-07,-4.21268491819e-06,-2.32198181544e-05,-9.04376971451e-06,8.78248251861e-06,1.4325662607e-05,-4.91046713038e-05,3.07182388277e-05,-3.04856481921e-05,3.00311392818e-05,-3.16367978324e-06,-8.00615559455e-06,-6.71947679487e-07,3083.57816888,-30.3842779127,-44.5571689093,4.6098773262,45.5194985024,15.7566908136,68.6962816075,38.7535238449,15.0282766433,44.4655732132,-11.5270508015,-57.2792342649,0.666094327346,-8.73980846507,-48.4329952981,-18.8805319576,18.3706986825,29.8595088796,-102.44630539,64.0860198743,-63.5986027107,62.7078535742,-6.54023990956,-16.7344733717,-1.395325899
4.6875,60,39,99.467475801,115.307153908,8151,0.00390800643497,0.417433126355,2.94638695889e-07,6.09727263967e-06,1.18948387079e-05,0.00388064423494,0.0212340164352,0.00110242826152,1.06003116082e-05,5.22160950747e-06,-7.98432486504e-07,1.08511341617e-06,2.11461731727e-05,2.087729583e-05,2.43173949739e-07,-1.77287712875e-05,-1.37774309575e-05,1.64164718887e-05,-1.80550123216e-05,-2.22842566816e-05,-8.61175830899e-06,-9.07042445084e-06,5.51291563241e-05,9.66057303898e-06,6.930371783e-06,7.01786117709e-06,-2.89561509438e-05,-2.55268688001e-05,-2.10039235419e-05,6.31082876411e-06,8.57216777949e-06,3.34573657837e-05,2299.35464775,22.7173720217,10.1284329763,-0.998954322497,2.30528714419,44.0724961686,43.532593856,0.498045368809,-37.0081415942,-28.7280623433,34.249501512,-37.7063029935,-46.5075776508,-17.9770365665,-18.9205380313,114.939760711,20.1857094091,14.5312616655,14.5936603097,-60.3809501265,-53.1739510135,-43.8281743765,13.1064056408,17.7694653903,69.888045556
4.6875,60,40,115.307153908,133.669218358,6073,0.00291170691689,0.360491153467,-1.40471928917e-07,3.8594240465e-06,7.77394216261e-06,0.00289411422584,0.0170949875647,0.000821377356426,3.32102645611e-05,1.29037214419e-05,3.10853166574e-06,-1.40630918061e-05,-1.11190011084e-05,1.92616012026e-05,9.86545597979e-06,-1.18671255405e-05,2.63569853352e-06,1.09526745387e-06,-2.52727483403e-05,-6.40752018981e-06,-3.60659123005e-06,3.01124457125e-05,-9.20168857513e-06,8.86158996779e-06,-2.54403764094e-05,-1.45427370276e-05,4.68630640907e-06,-3.30832535659e-06,4.46605644852e-06,-2.74507441623e-06,3.38266547629e-05,-3.49985123936e-05,1713.16167044,69.6549020722,26.4277756889,6.91629231757,-29.3166651919,-23.2128800342,40.1581679695,20.5669924977,-24.7504780736,5.4365142254,2.31604550952,-52.6800531401,-13.3923099039,-7.50310382215,62.819643236,-19.1568391011,18.4514955418,-53.0096268538,-30.3342090777,9.81583657536,-6.84031086324,9.2993824898,-5.75074744341,70.5856838313,-73.0218755967
4.6875,60,41,133.669218358,154.955346055,4532,0.00217287267369,0.311847508799,-1.3305826156e-07,2.44935597719e-06,4.8995042683e-06,0.00216145490912,0.0135247346365,0.000612956064436,-1.26705556071e-05,1.90016815015e-05,4.13575154014e-06,7.79954975228e-06,-1.4297501455e-05,-3.07339558263e-05,6.14131833044e-06,-1.49055063435e-05,2.38953454656e-05,-7.04799583948e-06,1.53910483014e-05,-7.91539844095e-06,-1.30997017861e-05,-2.3958584425e-05,-2.7067367414e-06,2.22156482296e-05,2.66983754723e-05,8.26288531818e-06,7.58247138977e-06,9.11862154335e-06,-3.74709290294e-06,-5.78366412072e-07,-1.39986853246e-05,2.97173160491e-07,1278.45359632,-26.1868409713,39.3108444818,8.89798968138,16.2512062987,-29.8033334471,-64.1165324201,12.817864041,-31.0979951027,49.8355330592,-14.7226125529,32.0964185286,-16.4746563315,-27.3472080634,-49.9574354797,-5.67919286129,46.3420145778,55.6408706576,17.2394627858,15.7730807094,19.0184692643,-7.80290396737,-1.19685631095,-29.1985569539,0.582674259994
4.6875,60,42,154.955346055,179.631178861,3367,0.00161431206803,0.268586905521,1.47145633564e-07,1.5595318085e-06,3.08866488784e-06,0.00160695356354,0.0107778003645,0.00045538902669,-1.79573526241e-05,1.57268094608e-05,-2.56665492028e-06,9.17945479235e-07,1.12934467364e-05,-1.01164785173e-05,7.39518427136e-06,2.94266469135e-06,3.90554646413e-06,-2.68229174866e-06,4.21593116184e-06,7.91991570016e-06,-7.15735152752e-06,-1.06049278161e-06,4.80854475452e-08,-2.72106662148e-06,7.41572881538e-06,-6.47054178569e-06,4.12739132135e-06,-1.70311041527e-05,-1.52213730036e-05,2.67977649172e-06,2.87015272559e-06,-7.62376527121e-06,949.813163903,-37.2927820838,32.5948911819,-5.17905178567,1.90324194182,23.5743388515,-21.1001947579,15.4322156981,6.1415715336,8.14882101703,-5.59215625599,8.78087505528,16.5138165983,-14.9531607156,-2.22098925282,0.108906365954,-5.66639193104,15.4748518992,-13.5112281749,8.61798025621,-35.5157463977,-31.7302872064,5.57943871242,5.9756872134,-15.9037045251
4.6875,60,43,179.631178861,208.236509681,2506,0.00120150461612,0.231723484971,-1.04273569642e-07,1.04123702725e-06,1.91377829657e-06,0.00119676000594,0.00846957936317,0.000338938194501,1.44431147572e-05,8.61122424802e-06,-8.36554923329e-07,-7.41391923768e-06,-2.96967247277e-06,-1.08098760347e-05,-3.51515061068e-06,1.10788885609e-05,-2.61321243713e-07,7.70679107862e-06,-1.27245247576e-05,1.1740833043e-05,-1.224884459e-05,-6.32521006949e-06,-9.38277754573e-06,-2.50131899079e-07,-5.8483440691e-06,6.11298465963e-06,1.69493358795e-05,1.3423152416e-05,4.3185270593e-06,-2.94128855872e-06,1.89327649937e-06,-2.87577035185e-07,706.929548185,30.2278389501,17.8298414436,-1.63460168891,-15.4602844218,-6.20207006187,-22.5441000388,-7.32998041154,23.1027509738,-0.545726920198,16.0837253616,-26.5317251326,24.4971116649,-25.5457997579,-13.1997339841,-19.5601109313,-0.54585772001,-12.2056283031,12.7436592625,35.3695933439,27.9898961328,9.02589338654,-6.12958035891,3.94625732204,-0.610340915944
4.6875,60,44,208.236509681,241.397090634,1863,0.000893217517893,0.19968719408,1.22032806349e-08,6.5562249972e-07,1.28229028917e-06,0.000890194063434,0.00689422747449,0.000251972009719,-5.63515789056e-06,1.03078917439e-05,2.26408942962e-06,2.0782323076e-06,2.36154574045e-06,3.55191098327e-06,1.29080527914e-05,-1.42597782991e-05,1.66976447846e-05,1.54703136292e-05,-6.56246973687e-06,1.0978973388e-05,-3.18694620625e-06,-1.90020361916e-06,-4.68657271677e-07,2.32871482715e-06,-8.67889434895e-06,-5.61172761967e-06,-2.47182133012e-06,1.40794901839e-05,1.76374810683e-05,1.32380690878e-05,1.1301287982e-05,5.68850838046e-06,525.542597075,-11.6887999497,21.4151977376,4.79734707592,4.33222067025,4.92693022979,7.4094787429,26.923491199,-29.7433976944,34.8203222624,32.2768652838,-13.6823115237,22.8936513922,-6.64278681215,-3.94672750066,-0.983101880433,4.86785000916,-18.0965507389,-11.7130463743,-5.1496837259,29.3646004958,36.7835899206,27.61039227,23.5606003575,11.8422563132
4.6875,60,45,241.397090634,279.838321607,1390,0.000666437117483,0.172739572609,-1.12047746455e-09,4.15954222768e-07,8.53256965446e-07,0.000664501325382,0.00567367223155,0.000187998439887,3.1970473293e-06,5.98407095197e-06,-9.57885613791e-06,1.35748275246e-05,6.59093823273e-07,-5.06037393461e-06,-6.678840516e-06,-4.44625444242e-06,-1.2392472822e-05,2.33115239908e-07,-3.84249766594e-06,-8.78187986646e-06,-2.24602566032e-07,7.48898396928e-06,-2.4941661275e-06,4.24258040218e-06,-3.32777347793e-06,9.20221108001e-06,-2.43478298207e-07,-6.01195567523e-06,1.54711907814e-05,7.02593873346e-06,-4.84108629868e-06,4.02279508604e-06,392.111760566,6.70844483722,12.427645461,-19.9344788314,28.3135242669,1.37442066874,-10.5571653024,-13.9278505724,-9.27282125794,-25.8434171335,0.483440110096,-8.01978081178,-18.3186638937,-0.46680209322,15.6251021605,-5.21235859558,8.83981104262,-6.92042483944,19.1928792264,-0.511510002996,-12.5328365136,32.2562564405,14.6561383518,-10.0929152003,8.39150292994
4.6875,60,46,279.838321607,324.401118648,1029,0.000493355247403,0.148263377594,1.39646315078e-08,2.4028910339e-07,5.61432714806e-07,0.000492114234879,0.00459718726561,0.000139172945787,-3.57871820423e-06,-1.00261532804e-05,2.63500192723e-06,-3.84200345919e-06,2.83951712045e-06,-6.20385502762e-06,-6.10203045905e-06,-2.68764130024e-06,5.12347510407e-06,-1.48656363551e-05,1.93242595251e-06,5.21624843568e-06,6.15428799237e-07,8.60030201678e-06,-6.48149368389e-06,-6.09169082739e-06,5.83265249227e-06,3.79718076199e-06,1.80540887229e-06,3.75486799816e-06,-3.83276491293e-06,5.02516961055e-06,-1.62912037754e-06,-4.65673175483e-06,290.275540735,-7.43712351433,-20.9462179642,5.52495434272,-8.01795767549,5.92517627337,-12.9351827049,-12.7289797538,-5.60249957799,10.6861437039,-31.0056081749,4.02914624087,10.8845491264,1.28259784779,17.9362120478,-13.5156558156,-12.7101027694,12.1609461543,7.92658039781,3.77103831459,7.82972940609,-7.98932086484,10.4768018093,-3.3835322779,-9.72085025545
4.6875,60,47,324.401118648,376.060309309,765,0.000366780140197,0.127751763073,7.50702232375e-09,1.8132085973e-07,3.55764574378e-07,0.000365995301044,0.00362656513704,0.000103466767276,-1.03837427256e-05,4.96235942648e-06,-7.40635079983e-06,4.81040816359e-06,2.19160574122e-06,-1.57082306245e-06,2.21136078323e-06,1.6688235505e-05,-1.56598117248e-06,2.72980699121e-06,-1.40382519242e-05,-1.26119714456e-06,-1.99662080112e-07,-4.27970326748e-06,-1.66695705144e-06,2.71070256422e-06,-7.05637349412e-06,-2.48505112436e-06,1.83043474727e-07,1.25221082869e-06,2.39695987372e-06,-2.6625110456e-06,4.88013825955e-06,5.80997852595e-06,215.802515707,-21.6394551812,10.327792092,-15.4300545326,10.0293260308,4.57120101007,-3.27408039806,4.61513559043,34.8078984149,-3.26136517898,5.69498190507,-29.2799192854,-2.63056889576,-0.417491004547,-8.93091049198,-3.47408296592,5.64946523352,-14.7179182438,-5.18747887515,0.386906564139,2.61962239417,4.99668603364,-5.54007754428,10.1765607859,12.115694016
4.6875,60,48,376.060309309,435.945957359,571,0.000273766614448,0.110541038392,-3.65900583724e-08,1.20138067361e-07,2.35386929717e-07,0.000273266020268,0.00297219015553,7.72281360974e-05,3.41919071207e-06,1.76242640501e-06,-7.15451052678e-06,3.90556174118e-06,-1.36444556897e-06,-5.51092902116e-06,2.31190486519e-06,-5.12208654428e-06,-2.61181177539e-06,1.08132020363e-06,-5.33378974132e-06,-4.26886047881e-06,4.60952106951e-06,-1.21354380686e-06,7.69815378708e-06,-1.599786183e-06,-3.59871611493e-06,1.31409791619e-06,1.81241445158e-06,-6.41543133867e-07,-6.57284167199e-06,-2.73073899685e-06,-2.67378181067e-06,-7.43812975231e-06,161.076126103,7.14181098068,3.66134692276,-14.9100590748,8.1466192919,-2.84758305157,-11.4949685681,4.82420184817,-10.6856232557,-5.44937837295,2.2548038115,-11.1263069568,-8.90155465394,9.61100966766,-2.52936683423,16.0551000196,-3.33323250661,-7.50869624671,2.7411955477,3.77971720865,-1.33644652988,-13.7141052717,-5.69735691581,-5.57850381556,-15.5113643464
4.6875,60,49,435.945957359,505.368083345,422,0.000202328391063,0.0946926405085,3.22413318568e-08,7.35039893386e-08,1.38667616017e-07,0.000202001809256,0.00227409369915,5.70757853469e-05,-3.16881140842e-06,-3.93862614365e-07,2.27066422357e-06,3.72509306219e-06,2.1910939856e-08,4.14793006743e-06,-1.1787185231e-06,-2.97226723325e-06,-8.43542159603e-07,-6.82446500145e-06,-6.81930944236e-06,-6.90979065983e-06,4.25283117651e-06,1.52012585341e-06,5.44032935164e-06,-2.52526998349e-06,3.41395304672e-06,-6.37353069585e-06,1.53171649449e-06,1.91881018207e-06,-5.31307747579e-06,-2.89709635656e-06,-1.07979944356e-06,-2.08185909022e-06,119.044002129,-6.60239739155,-0.830089195848,4.74373961868,7.76920158065,0.0456186215018,8.65073482581,-2.45844730716,-6.19855107686,-1.75892401034,-14.2367937269,-14.2216879024,-14.4118228731,8.87155545159,3.16984170482,11.3463429473,-5.266552064,7.11954359505,-13.2910640123,3.19640477404,4.00581126535,-11.0830686812,-6.04238171783,-2.25114706379,-4.34058107142
4.6875,60,50,505.368083345,585.845321772,316,0.000151506567716,0.0821847951054,-1.5221243341e-09,4.46706440485e-08,1.02397866007e-07,0.000151300558695,0.00191993862202,4.27392136721e-05,-2.77900143594e-06,-8.39244835605e-07,5.16090592676e-06,-1.71112695875e-09,1.63658546263e-06,-5.67971317803e-06,-2.76286291111e-06,4.28977997633e-06,-4.96405864922e-06,-1.69871867776e-06,1.78386017016e-06,3.62324112877e-06,-5.51224954648e-06,-3.25159859963e-06,7.81796930416e-06,-5.89780816206e-06,-4.77427257259e-06,-4.60443420583e-06,-5.04264890477e-06,3.02733420047e-06,2.26980265307e-06,4.95858655839e-07,-1.49555156677e-06,-4.28356077506e-07,89.1419542005,-5.79149667987,-1.75651939317,10.7686980457,-0.00236868605528,3.41409095309,-11.8455633747,-5.76352161168,8.94758291333,-10.3527403821,-3.54360193709,3.71950314758,7.55945513727,-11.4965415252,-6.78223509404,16.3077279316,-12.3001276657,-9.95786226439,-9.60360688957,-10.5176799926,6.31399662484,4.73630215942,1.03179418712,-3.12159799472,-0.892181457361
4.6875,60,51,585.845321772,679.138141789,236,0.000113150474623,0.0712078727363,-9.48337812202e-10,2.99941577874e-08,5.24607586568e-08,0.000113011672755,0.00138007019457,3.19191595779e-05,3.96728303451e-06,-1.57976727724e-06,-2.69084483824e-06,-3.00073792261e-07,-3.00845204894e-06,-2.90259435686e-06,4.23104577969e-07,1.43673796119e-06,4.90484354745e-07,-1.43983814824e-06,1.84921380492e-06,9.85622748933e-07,4.72330546387e-06,1.52890698368e-06,-3.46879264768e-06,-1.87689264497e-06,-1.83401850148e-06,4.77805008769e-06,3.19468716455e-06,3.52917764337e-06,3.39107989393e-06,-1.21686039669e-06,-4.37036763489e-06,4.59654800384e-06,66.5743708586,8.27744094056,-3.2987273926,-5.60921306612,-0.625938397529,-6.27507605517,-6.05420685883,0.883133352689,2.9963207123,1.02380592433,-3.00276296874,3.85742743605,2.05644526244,9.85148142567,3.18958682599,-7.23556853122,-3.91641204881,-3.82620941912,9.96710644343,6.66314072617,7.36050567742,7.07044741225,-2.53697307332,-9.11410405056,9.58659875769
4.6875,60,52,679.138141789,787.287358098,174,8.34245024763e-05,0.0608978040075,-4.97247477639e-10,1.6768677364e-08,3.66757438252e-08,8.33367908561e-05,0.00114786161335,2.35336176549e-05,-1.37553850401e-06,-7.7846782943e-07,1.06675071962e-06,-4.29883197859e-07,-4.46448717406e-06,-4.0036952989e-06,-2.12809335997e-06,-1.30324441974e-06,2.96412286108e-06,4.54541122548e-07,1.56495067294e-06,-9.59769242843e-07,-4.81624532075e-07,-3.43389976003e-07,-6.06157047614e-07,-1.44933553887e-06,-6.04737299662e-07,1.0431463345e-06,1.89080803077e-06,2.78644194368e-06,-5.36202158291e-07,5.33298827808e-06,-3.12540525916e-06,-6.01547700544e-07,49.0844937687,-2.8673901046,-1.62601487737,2.22688260795,-0.896882146526,-9.31149261652,-8.35060844184,-4.4388975254,-2.71816586028,6.18227159404,0.947342080772,3.2649943191,-2.00030273084,-1.00497284488,-0.714928336134,-1.2644049207,-3.02217988919,-1.26234498421,2.17469851003,3.94322962866,5.81178698638,-1.11796808338,11.1221267187,-6.51872397079,-1.25557196894
4.6875,60,53,787.287358098,912.658774529,128,6.13697489481e-05,0.051900014729,-2.90357325481e-10,1.28092873852e-08,2.01325499135e-08,6.13135516255e-05,0.000869740081264,1.73120865507e-05,-1.83391897612e-06,-3.55041328744e-06,3.88510219096e-07,-3.00721695668e-07,1.80880265624e-07,-2.0098837072e-06,-3.6297862746e-06,4.0878676713e-08,-3.77796959513e-08,7.66864815508e-07,-1.29630948356e-06,2.85482802817e-06,-8.98062319803e-08,-1.47015777332e-07,-2.24988600138e-06,-4.52768221476e-06,2.455325678e-07,2.10810574266e-06,-5.34704938882e-06,-2.07075679474e-06,5.79460071448e-06,5.45472785141e-07,3.25432629224e-06,5.02003351854e-06,36.1081333471,-3.8238713573,-7.40664459391,0.811476727144,-0.627415900116,0.377124755927,-4.1913068094,-7.57099665301,0.085583260169,-0.0779227927023,1.5995988768,-2.70475558007,5.95464588921,-0.186661556706,-0.306874967508,-4.6924552944,-9.44250461136,0.511667352215,4.39665091792,-11.1518867342,-4.31930277014,12.0864537047,1.13794195793,6.78766151907,10.4701931659
4.6875,60,54,912.658774529,1057.99493686,64,3.0684874474e-05,0.0292878480997,-1.06214182555e-10,6.24919918236e-09,1.05329119706e-08,3.0661109951e-05,0.000484579225563,8.65604327536e-06,2.54482604699e-06,1.7699543216e-06,-6.16862518345e-07,2.27708194712e-06,1.76895288208e-06,3.53717454729e-07,6.1230565034e-07,1.35620525896e-06,-1.21957969705e-06,4.94302661318e-07,1.83887865696e-07,-6.17800421177e-07,-4.21331893154e-06,4.89581229577e-07,-1.54039237004e-06,8.20430942207e-07,-1.65149545847e-06,-1.41338457032e-06,1.80589444168e-06,3.08302992967e-08,5.80613258913e-07,2.27683964682e-06,-4.62563387108e-07,-8.19236047582e-07,18.0540666735,5.30834553601,3.69091441054,-1.28609237221,4.74947014438,3.6894302711,0.737648864958,1.27695820406,2.82854853451,-2.54355049762,1.03096948033,0.383697975584,-1.28890076575,-8.78795292796,1.02121510552,-3.21287779776,1.71051753272,-3.44395185894,-2.94821066165,3.76629519245,0.0646050329691,1.21149385085,4.74848495213,-0.964651432815,-1.70877002491
4.6875,60,55,1057.99493686,1226.47512703,0,0,0,0,0,0,0,0,0,0,0,0,0,0,0,0,0,0,0,0,0,0,0,0,0,0,0,0,0,0,0,0,0,0,0,0,0,0,0,0,0,0,0,0,0,0,0,0,0,0,0,0,0,0,0,0,0,0
4.6875,60,56,1226.47512703,1421.78491108,0,0,0,0,0,0,0,0,0,0,0,0,0,0,0,0,0,0,0,0,0,0,0,0,0,0,0,0,0,0,0,0,0,0,0,0,0,0,0,0,0,0,0,0,0,0,0,0,0,0,0,0,0,0,0,0,0,0
4.6875,60,57,1421.78491108,1648.19676227,0,0,0,0,0,0,0,0,0,0,0,0,0,0,0,0,0,0,0,0,0,0,0,0,0,0,0,0,0,0,0,0,0,0,0,0,0,0,0,0,0,0,0,0,0,0,0,0,0,0,0,0,0,0,0,0,0,0
4.6875,60,58,1648.19676227,1910.663523,0,0,0,0,0,0,0,0,0,0,0,0,0,0,0,0,0,0,0,0,0,0,0,0,0,0,0,0,0,0,0,0,0,0,0,0,0,0,0,0,0,0,0,0,0,0,0,0,0,0,0,0,0,0,0,0,0,0
4.6875,60,59,1910.663523,2214.92675006,0,0,0,0,0,0,0,0,0,0,0,0,0,0,0,0,0,0,0,0,0,0,0,0,0,0,0,0,0,0,0,0,0,0,0,0,0,0,0,0,0,0,0,0,0,0,0,0,0,0,0,0,0,0,0,0,0,0
4.6875,60,60,2214.92675006,2567.64231331,0,0,0,0,0,0,0,0,0,0,0,0,0,0,0,0,0,0,0,0,0,0,0,0,0,0,0,0,0,0,0,0,0,0,0,0,0,0,0,0,0,0,0,0,0,0,0,0,0,0,0,0,0,0,0,0,0,0
4.6875,60,61,2567.64231331,2976.52599522,0,0,0,0,0,0,0,0,0,0,0,0,0,0,0,0,0,0,0,0,0,0,0,0,0,0,0,0,0,0,0,0,0,0,0,0,0,0,0,0,0,0,0,0,0,0,0,0,0,0,0,0,0,0,0,0,0,0
4.6875,60,62,2976.52599522,3450.52227654,0,0,0,0,0,0,0,0,0,0,0,0,0,0,0,0,0,0,0,0,0,0,0,0,0,0,0,0,0,0,0,0,0,0,0,0,0,0,0,0,0,0,0,0,0,0,0,0,0,0,0,0,0,0,0,0,0,0
4.6875,60,63,3450.52227654,4000,0,0,0,0,0,0,0,0,0,0,0,0,0,0,0,0,0,0,0,0,0,0,0,0,0,0,0,0,0,0,0,0,0,0,0,0,0,0,0,0,0,0,0,0,0,0,0,0,0,0,0,0,0,0,0,0,0,0
6.953125,89,0,0.3125,0.362263999424,74,3.54793861106e-05,9.16846003941e-06,-3.83594223499e-07,3.90657113694e-07,8.42556620662e-07,3.29795875938e-05,1.61286783755e-06,1.00085500371e-05,-1.86878519002e-06,5.02150968718e-07,8.67965386752e-07,1.13143549111e-10,1.9576705983e-07,-9.91505913705e-07,-1.42986513928e-06,1.44372121614e-06,-1.40445708829e-06,2.04607692796e-06,3.2802965262e-07,7.92355541823e-07,-6.6909574189e-07,-3.91598030229e-07,8.85017893905e-07,1.24340923898e-06,-7.2828254365e-09,5.84281056053e-07,-1.79051969237e-06,-8.31178217548e-07,2.34563048735e-06,-7.73283603052e-07,-1.16179955562e-06,2.37011583772e-06,20.8750145913,-0.849513598953,-2.6855259285,4.68616036106,0.321328765933,0.00773537343292,-1.81294232982,-2.90246333711,2.60409895914,-2.4149747618,4.32435833903,-0.242541240243,2.06077138551,-0.922434768907,-1.72942901593,1.49173574087,3.37913654011,2.02486239032,-1.18087250852,-2.07230722329,-1.57596435056,2.33616805362,0.158214196676,-5.5325975081,4.74872091086
6.953125,89,1,0.362263999424,0.419952656891,51,2.44520093465e-05,9.529983631e-06,3.16083443488e-07,2.83616299302e-07,5.24864373263e-07,2.26987643799e-05,1.58099644144e-06,6.89778448505e-06,-1.93111509584e-06,-2.19043843966e-06,4.25548878085e-07,1.57750220933e-06,5.13682315116e-07,-1.76883714809e-06,-8.96172875547e-07,-1.68502443031e-06,1.65191521677e-06,5.89506682637e-07,9.33922107916e-07,4.6133576824e-07,7.69854598713e-07,2.35428104569e-06,8.31966125185e-07,-2.29348894853e-06,8.00533752233e-07,-6.11663348574e-07,7.51365333485e-07,1.61800695571e-07,-6.04127208703e-08,-1.97401823188e-07,5.71502332645e-07,8.74238205027e-07,14.3868343805,-3.11452926045,-6.12250966289,1.98896427538,2.93533010398,1.45204491729,-2.93741394908,-2.62629446649,-3.10267621215,4.17390222138,0.589967192974,1.36133596276,1.625808787,1.66678715681,4.58924832215,1.23117702599,-3.58541728295,1.62015203709,-1.26366069496,1.42193580973,0.220112480802,-0.875890740901,-1.25066791691,1.08173085214,1.42311104912
6.953125,89,2,0.419952656891,0.486827932973,62,2.97259721467e-05,1.36758215531e-05,-8.84001877024e-07,3.32607333046e-07,7.1643328994e-07,2.76460181931e-05,2.41204009877e-06,8.38554192301e-06,1.96869879491e-06,7.97273602596e-07,6.4291373997e-07,-7.44396314901e-07,1.0351581335e-06,4.72512296005e-07,-2.86922950871e-07,1.19481053291e-06,1.87012335998e-07,5.28605696335e-07,2.11475773438e-07,1.2336001596e-06,1.63060039394e-06,-3.03009487955e-07,1.0551781312e-06,1.15640657713e-06,-1.60799551427e-07,3.88807861791e-06,2.11091911907e-07,8.57985149865e-07,-1.91567588714e-06,1.16548298458e-08,1.18607976334e-06,-2.06182369038e-06,17.48987709,5.43915453606,0.188794399777,2.57760534735,-0.776915290509,1.77840637914,0.620650863011,-0.399296690752,2.11333197897,0.0899911427383,2.22649901393,-0.0383509998057,2.74832259221,2.71989267082,-1.43729280817,2.76669932704,2.45774082089,0.316232161423,8.06881213907,0.760574443444,0.97679873623,-3.89416848222,-0.0487975441446,2.02636323765,-3.43456886778
6.953125,89,3,0.486827932973,0.564352748896,89,4.26711535655e-05,2.25483821664e-05,-2.84484231232e-07,4.66477721101e-07,1.14659389224e-06,3.97665878647e-05,4.21468706414e-06,1.20373101798e-05,-2.81669521652e-06,1.38593853718e-06,-1.36217465281e-07,-1.38552285791e-06,5.94541658766e-07,2.11743621544e-08,-1.81713830215e-06,-2.69202017743e-06,3.3644485033e-06,-5.76502490867e-07,2.88993130849e-07,1.36502158398e-06,5.70084603211e-07,-3.75454493977e-07,-1.29355853061e-06,2.33558530009e-06,9.10688051849e-09,1.50884054986e-06,8.50479879056e-07,-1.57097914969e-06,2.80704982932e-06,7.53012982795e-07,-1.72047710524e-08,-9.65450739516e-07,25.1064364679,-4.41432539944,1.09680113047,1.43338492044,-3.73917569861,1.94607103503,0.0526606818911,-3.39988033923,-5.42124631545,5.65527385152,-0.555354286989,0.258228417849,2.09794764705,1.96131387719,-0.359268899935,-3.22871575607,5.46865246782,-0.739101714857,4.10724658337,2.03769772957,-4.15616428751,6.40964207142,1.53517444493,-0.686567145326,-2.47621777411
6.953125,89,4,0.564352748896,0.654222988482,150,7.19176745485e-05,4.41653250771e-05,-6.81104447748e-07,1.02853493435e-06,1.80539358616e-06,6.71094679889e-05,7.97814361536e-06,2.02876014266e-05,-6.2211062401e-07,1.04948749723e-07,1.21702099448e-06,5.50079862053e-07,3.73902993944e-08,-2.61588640944e-07,-2.89966547504e-06,6.77316731779e-07,-8.01259211642e-07,6.87349270312e-07,1.56768609346e-06,1.10645435665e-06,-1.57913664925e-06,-2.19410431699e-06,-6.74826541086e-07,-6.2412399271e-08,-3.32343775812e-06,-4.07407584463e-07,1.63659702408e-06,-1.63694158469e-06,3.64923018365e-06,-3.16568282333e-06,-3.42363010696e-06,3.3196949349e-06,42.3142187661,0.804883439852,-2.33608411295,4.63638454002,1.33851101182,0.134459344872,-0.540506912441,-6.22496876538,1.53481694714,-1.46840663868,1.08500360672,3.07048001548,1.80678728851,-1.94711997717,-4.68763465549,-2.31309754539,-0.547257576903,-6.9204742946,-0.725281807616,2.54778275495,-3.82211266929,7.84283686619,-5.90532634218,-7.45648265254,6.66122621977
6.953125,89,5,0.654222988482,0.758404596232,255,0.000122260046732,8.67001662177e-05,1.6617084488e-07,1.39424420449e-06,2.60384832585e-06,0.000113476292662,1.44311242055e-05,3.44889224253e-05,-2.07917190046e-06,1.06011786469e-06,2.45987831633e-06,2.1932514511e-08,-6.087707085e-07,1.16523128749e-06,-2.48814592897e-06,9.93666941264e-07,-2.321096094e-06,1.95683151105e-06,-7.60356473305e-07,5.02150907916e-07,3.10809922395e-06,-7.72536265186e-07,-4.77189480961e-06,1.10194983511e-06,-8.22858065142e-07,8.60957347731e-07,-6.76555599951e-07,2.896230842e-08,-2.3405744347e-06,-7.70573891172e-07,-3.18739332927e-06,4.41110328086e-07,71.9341719023,-1.20063729643,-1.54475757486,8.40018237371,0.130272884594,-1.18900002252,2.16403201642,-5.20854094678,3.14639794036,-4.75865090483,3.46218967554,-1.54239236848,1.42467118752,6.70173367768,-1.82100435117,-10.1603603029,-0.168500005643,-1.29604093881,2.1013269585,-1.49537189703,-0.216426881996,-5.73021694516,-1.41582575972,-5.95494075253,0.0477352783213
6.953125,89,6,0.758404596232,0.87917658308,396,0.000189862660808,0.000155662044388,1.13321295757e-06,2.34635285436e-06,4.70266133442e-06,0.000176852629932,2.8131994813e-05,5.35592677663e-05,-6.68948675097e-09,-2.92797375514e-06,2.26395861081e-07,1.05588741459e-07,8.43007837125e-07,-4.82911792439e-08,6.7502485267e-07,-2.5968685887e-06,9.98138315264e-07,1.14682769079e-06,-9.96446762327e-07,-2.28205731675e-06,2.72792748272e-06,-1.67345719242e-06,1.69639831361e-06,-1.00039732545e-06,-3.11861788723e-06,-1.89608977223e-06,-2.62304257743e-06,-7.01536222729e-07,-1.01169660687e-06,1.64393250334e-06,5.45194830271e-08,-4.40123593863e-06,111.709537542,4.09106275485,-11.432954496,5.13699795913,0.512164285241,1.07583493317,0.00187568636564,1.09370900047,-5.59007870694,1.22866169341,2.38427323297,-2.35603200872,-4.63005517121,5.4893801194,-2.60640820148,3.73921482798,-2.64152499175,-6.58363624799,-4.68907296238,-5.41558346155,-1.18635147768,-3.51606253467,4.29681354942,-1.08247058246,-8.02046147626
6.953125,89,7,0.87917658308,1.0191808806,560,0.000268492651648,0.000255669627738,1.33405293454e-06,3.33029691694e-06,6.00714542165e-06,0.000249650864299,4.35158396073e-05,7.57403786594e-05,3.55558442016e-06,5.37851934114e-06,3.45024461924e-06,-5.7254168507e-06,1.30840209441e-06,-1.99567786024e-06,-2.47457699608e-06,1.689953181e-06,-8.43861187125e-07,-1.97569770368e-08,8.8865186196e-07,-2.72610112286e-06,2.42356807712e-06,-4.55972718673e-07,2.37269702422e-06,-1.81268898036e-06,-3.28720814926e-06,4.69524111958e-06,2.94912501637e-06,-2.67426319831e-06,-1.73359877465e-06,-1.42850051722e-06,3.75618100865e-06,2.2836017831e-06,157.973083393,12.7039892507,4.73853429132,12.7361120378,-11.0000395502,2.58784445577,-5.43674552164,-5.05801081926,3.40907437715,-2.0587942995,1.50368771985,1.48227028296,-5.59737596163,4.70325225959,-1.75605232799,5.83988116202,-3.49977952113,-6.7015283941,10.0266851739,5.9535306194,-5.32628235838,-4.35257694723,-2.88303731527,7.34620236029,5.28318132789
6.953125,89,8,1.0191808806,1.18148013421,897,0.0004300676938,0.000475347729759,1.02899801732e-06,5.06997405803e-06,9.57788680936e-06,0.000399712762139,8.04731801734e-05,0.000121319856531,-1.27653491172e-06,-7.26868723281e-06,1.41205484588e-06,3.28561412494e-06,2.86873669588e-06,2.44546795102e-06,-3.00172200102e-06,1.13802726429e-06,-2.26389753202e-06,8.78430717251e-06,5.2253388669e-07,-3.07990157196e-06,4.16240595187e-06,2.96054372461e-06,-4.73212067772e-06,2.48472172714e-06,1.6897018578e-06,-1.36847984173e-05,3.77833635459e-06,1.62687028837e-06,-2.01086891338e-06,-3.01430020507e-06,1.43440098136e-06,-4.51892907569e-06,253.039028221,4.38286323596,-23.9337590488,10.4345665329,7.36294750927,5.17183464156,5.40690557867,-7.30866660874,3.09153306566,-4.8389374214,16.7680465345,1.92648703788,-6.58602858439,9.84810856635,5.00512487939,-9.70538841912,4.08029220045,5.55183071748,-29.5055298323,7.71121271682,3.26381284185,-6.31985227872,-5.25019891947,2.78636223432,-8.77203435959
6.953125,89,9,1.18148013421,1.36962469971,1430,0.000685615164029,0.00087800175603,2.97168045083e-06,7.93543590066e-06,1.67565609776e-05,0.000638280817316,0.000157645617339,0.000193408466934,-5.8353192848e-06,-9.65245309035e-06,-2.50171156354e-06,-2.78912955284e-06,-1.07371542606e-06,-3.56985051138e-06,-2.85016127899e-06,-5.36632454571e-07,-5.67974051696e-07,4.42073550866e-06,-5.12516665987e-06,-2.12431398526e-06,3.6834357956e-06,-1.26678672666e-05,-9.10431701747e-06,-9.88252579297e-07,-2.11043884403e-06,1.33070290577e-06,4.13953025308e-06,-1.00885055941e-06,-6.64356662497e-06,5.82777480474e-06,-2.91407334246e-06,1.00040665696e-06,403.395552237,-2.5407926055,-32.3545029641,5.27988371944,-6.3499363443,-3.42984099385,-6.34493602469,-6.13676486999,-0.932311190919,-1.33415319867,9.16942872947,-10.174043189,-3.71483358286,6.89220511709,-25.9969060661,-18.8307666918,-4.17167211695,-5.28421332066,0.704086083338,8.39122305409,-0.991155941173,-12.9744540055,14.4021177828,-7.25244236279,1.77183601237
6.953125,89,10,1.36962469971,1.58773030856,2186,0.00104808024375,0.00155708146642,7.1837309615e-07,1.19074678563e-05,2.40511261207e-05,0.000974594046715,0.000270225592377,0.000295657978124,-4.30708151585e-06,2.45343888381e-06,-5.9456815652e-06,8.9444048205e-06,-4.44631318345e-06,-8.51871439519e-06,-5.2298122278e-06,1.60872659664e-05,8.47002387679e-07,2.21146251559e-06,6.14334573234e-06,6.21570557226e-06,3.74992296861e-06,6.32404834761e-06,-6.20301294752e-07,-4.3191087792e-06,3.6774366833e-06,2.10301823743e-06,9.62429584811e-06,1.08738761411e-05,-1.27894875624e-05,3.64304274243e-06,2.42414149236e-06,-1.25034342143e-05,616.659214818,3.65559251968,-11.008193137,0.859583820542,18.3534889835,-8.52645322026,-17.5708148694,-10.5173578689,33.5972171087,3.35082155177,3.48920874923,13.8427576333,15.1671710306,6.49699843754,11.4991029386,0.420185256296,-8.85400683457,8.75423088585,5.27752757216,18.2865209182,22.2436930642,-28.0903741468,6.39380807376,6.2148905489,-27.1682857284
6.953125,89,11,1.58773030856,1.84056810108,3389,0.00162485999363,0.00279266458269,-7.04954853612e-07,1.87321359869e-05,3.70134217912e-05,0.00151136576614,0.000481336040574,0.000458364541566,-8.31328475934e-06,-1.3834566417e-05,-2.562821186e-06,3.86461918362e-07,-4.66719096184e-06,-1.02041883746e-06,-2.81981582229e-06,-1.82288996766e-06,8.77190895653e-06,-5.62212026463e-06,-4.81602673074e-06,3.66737731065e-06,-1.26559345499e-06,4.26830107694e-06,-2.34256218495e-06,7.37141575024e-06,4.22937692053e-06,1.47550311376e-05,1.04024474624e-05,-2.80732888404e-06,-2.89708940564e-06,-1.31750854221e-06,8.55629538685e-08,-6.0085590609e-06,956.019249322,-0.435344361731,-50.2894957384,13.2253401738,-0.0659036830696,-9.97420729678,-0.619110000472,-6.61260057858,-3.53871308834,17.9314996289,-11.4294881011,-9.70783107538,7.47939805294,-3.1332530224,8.61617082094,-5.15111849951,15.362901121,8.14905971264,30.5049933669,23.9426089546,-6.25655580514,-6.01256233816,-1.31808524097,0.142263182101,-13.130259264
6.953125,89,12,1.84056810108,2.13366899682,5002,0.00239821472061,0.00478473680971,2.70352664667e-06,2.79523448345e-05,5.52259758329e-05,0.00223215498377,0.000829283613738,0.00067652388224,-1.14766213934e-05,-5.68892722345e-06,6.96649657114e-06,1.06560946356e-05,1.66321896151e-05,-8.59328785191e-06,2.20414479921e-05,-4.13425007914e-06,-6.87565811752e-06,-1.3454859734e-06,-7.0020791718e-06,8.78515579347e-06,4.7594143703e-06,-7.64253575244e-06,-2.74511731419e-06,1.68118071843e-06,8.17055555952e-06,1.5775532548e-05,1.61515453497e-05,-7.46461268312e-06,-8.18477044003e-06,-6.03325538017e-06,-5.4403008754e-07,-6.21085814305e-06,1411.03814845,-2.29849376245,-39.9032297741,38.3789078808,22.2900410855,34.5283287593,-17.158380062,45.66581054,-7.7765637979,-13.8110376191,-1.20552160613,-16.2958762673,16.8477439646,6.97827462218,-16.2730395023,-6.41590571596,1.49783045023,17.2922042593,32.2035763536,35.575841563,-17.5326608149,-17.0221880072,-10.7211884111,-1.53928658506,-12.3871395682
6.953125,89,13,2.13366899682,2.47344468555,7841,0.00375937657423,0.00868853041862,-9.80997905453e-07,4.36010599506e-05,8.78969539591e-05,0.00350157170507,0.00151487653378,0.00106050055191,-8.92946936459e-06,-1.60241681611e-05,-1.77782054993e-05,-5.10965272141e-06,1.33152242571e-05,-1.45289244884e-05,2.48936514197e-06,1.27280153802e-05,-5.03491553264e-06,8.9913733142e-06,1.30206646093e-05,-2.44042219805e-05,-4.95723441944e-06,1.91955497868e-05,-2.85680100709e-05,5.34005187099e-06,-1.03230841909e-05,-1.81421175296e-05,-3.0393895866e-05,-9.29118091419e-06,-1.25892953272e-05,1.68555865098e-05,-1.26664310073e-05,1.64874654885e-06,2211.9052623,10.926660202,-70.8567913046,-5.29063392882,-11.5913218222,27.5162799277,-29.8127453143,4.0101151834,27.3684388687,-10.6338250899,18.3328694295,25.3177509938,-49.5794547345,-11.9909348594,40.4932119345,-59.0491090895,10.292243876,-20.3830091658,-37.8197483325,-64.9322181052,-18.2096073398,-28.3817869727,33.5919479956,-24.7240969458,0.726834734356
6.953125,89,14,2.47344468555,2.86732788526,11712,0.00561533202875,0.0150484760791,6.76791934823e-06,6.46865476348e-05,0.000130080166948,0.00523224000824,0.00260936184983,0.00158405591939,-6.9674674975e-06,-3.51579136636e-05,-2.50061418327e-05,3.31794375869e-05,8.84830689934e-06,1.83919315496e-06,1.47753103847e-05,1.98836172305e-05,-1.00408263109e-05,-2.11327027687e-06,-1.12536255602e-07,-1.19501090451e-05,4.13444781522e-05,-3.18499939562e-06,1.15902912475e-05,-2.69581957378e-05,-4.32291772373e-06,-9.20618353531e-06,1.74459638278e-05,1.68935701296e-05,9.30382091022e-06,-1.30920402049e-05,3.28524115561e-06,1.13443398565e-05,3303.89420126,23.072712906,-121.208407529,-11.301699827,69.1812924794,17.2674612755,4.70776887139,31.3076752667,40.9827827937,-17.8881997797,-4.84751102336,0.198141970293,-25.552802801,86.2988658587,-7.68058269414,24.2212301415,-55.9814256817,-8.57252447573,-17.7317849766,34.4451694786,35.0448493415,15.3275689801,-24.9545405104,5.84558167595,25.6534567291
6.953125,89,15,2.86732788526,3.32393493559,17755,0.00851265541073,0.0264267420372,4.90851536074e-06,9.65063337246e-05,0.000192296228604,0.0079336718051,0.00451809833531,0.00240137575553,8.76420371269e-06,1.01772614803e-06,3.63765427255e-05,2.49188169753e-05,5.92885317945e-06,-5.75608096312e-06,2.86573152976e-05,-7.69992462224e-06,-2.32421980389e-05,-1.39525032641e-05,-1.66031200977e-05,1.51245288252e-05,1.677214633e-06,3.83537919185e-06,-1.16968923905e-05,-2.80927825461e-05,1.4245765843e-05,1.31350809068e-05,3.87242302805e-05,-8.64933539772e-07,-1.72050743355e-06,-1.21997890474e-05,3.88747053676e-05,5.56836939659e-06,5008.59302795,67.2604148613,-60.5857878124,129.838490011,53.3060314434,11.774314589,-12.0314258603,58.5466523278,-14.5287191797,-46.5738471548,-27.6781919424,-34.5711095667,30.1975027024,1.81715854786,7.01357458682,-24.1880122976,-62.2519027073,31.87507915,28.0276069131,82.6637906836,-2.43491367283,-2.07034728591,-25.8426324036,81.8039459553,14.5838177162
6.953125,89,16,3.32393493559,3.85325428349,25818,0.0123784701433,0.0445498511014,-3.32307369726e-06,0.000140770887528,0.000279874781296,0.0115496729168,0.00758795011217,0.00349190195755,3.79710205876e-05,-2.99289333583e-05,-2.68830037554e-06,2.29457738172e-05,-1.3426441815e-05,-1.59075458232e-05,2.75233874821e-05,-2.32813743569e-05,-1.88355314693e-05,-6.27630086192e-06,7.34038820501e-06,1.15479696452e-05,-2.75062388895e-05,1.61163107752e-05,4.77145741274e-06,-7.17188599861e-06,-2.60831620427e-05,-4.03555315154e-05,5.38846067291e-06,2.46348874803e-05,3.33099018439e-06,-2.42553543585e-05,2.85513070343e-05,5.18133781109e-06,7283.12333402,140.349877251,-140.789901174,61.9977134104,49.1810818182,-29.4899887519,-32.0703925211,55.8382445865,-49.0697973636,-39.6324973727,-13.4194039831,15.8338008054,25.0023019305,-57.2704536503,34.5626229439,9.16641448953,-16.3234777314,-52.3206241974,-83.3637196455,10.0707512718,50.3574419867,7.93804406944,-53.030096443,60.2334701845,13.8125023898
6.953125,89,17,3.85325428349,4.46686498411,37205,0.0178379805439,0.0743843033888,5.24419080641e-06,0.000199205260051,0.000399891478504,0.0166618097391,0.0125611407811,0.00503200140718,-1.29783851396e-06,-4.67878452375e-05,-3.60586732857e-05,-1.70827111007e-05,3.61628488946e-05,-3.51464520295e-06,4.22710447262e-05,3.05466683311e-05,-6.51221388564e-05,-1.22503455931e-05,-1.24322236581e-05,1.75218104448e-06,-5.36452737196e-05,-4.13180156239e-05,2.42299085152e-05,2.82527765955e-05,1.22965403943e-05,-5.74862707837e-05,3.56318237159e-05,2.07149852862e-05,-3.82263326465e-05,-7.01802478968e-06,-2.27028273007e-05,1.18693967587e-05,10495.3367279,74.4517323158,-195.085936049,8.71965518389,-35.1790383462,73.8123682758,-4.81532410716,87.4041974086,62.8447686235,-135.835154456,-25.376813709,-24.9125969943,3.10779500201,-113.16235612,-87.1926234237,50.8236121059,56.3527150615,25.1140322084,-119.55154263,74.909059781,44.7536347936,-77.6953512987,-12.6989315025,-48.9786564759,27.1712334212
6.953125,89,18,4.46686498411,5.1781899969,52313,0.0250815287244,0.121226864301,-1.37458101802e-05,0.00027604660938,0.000554659881903,0.0234613484525,0.0202273941932,0.00707536862288,2.63435274763e-05,3.05307949831e-06,6.621471891e-06,3.99308379449e-05,2.06719944854e-05,6.48259428394e-06,1.17934127271e-05,-3.78378946953e-05,1.67305942798e-06,-1.21185915189e-05,5.26562102598e-05,-9.31749184613e-06,-1.68128364902e-07,-2.40078997431e-05,3.88870339919e-05,-2.91572617748e-05,-8.61165890419e-06,5.89887885695e-05,2.7320664255e-05,-4.55987671534e-06,-4.23974212341e-06,1.6413261373e-05,-2.34168943126e-05,-4.63465999217e-05,14757.2248421,147.422397372,-111.17862529,115.31898245,84.6914899484,42.7756793265,12.5675199576,24.2254086095,-80.002734943,3.42459943503,-24.5212746721,108.875196408,-20.4185317874,-1.50388800541,-48.7707845677,80.1678865588,-59.0865295647,-18.8408570035,124.715450705,53.7139359322,-10.6890962453,-10.4242025818,33.3022636759,-50.4400076809,-94.6114971366
6.953125,89,19,5.1781899969,6.00278981776,72152,0.0345933603602,0.193753697761,6.20185790909e-06,0.00037520898962,0.000748266121173,0.0324158081673,0.0317998136393,0.00975860678756,-8.38086552757e-06,2.59080720365e-05,-1.59552509945e-05,7.33050598822e-05,2.5448312863e-05,-1.6286108778e-05,7.40510436949e-06,2.08365000505e-05,2.36153789149e-05,-1.47932440096e-05,-4.63025552837e-05,-4.04289940832e-05,-0.000104738366041,-3.95381281546e-05,1.07411666881e-05,-9.13119295166e-06,0.000130954362587,-3.85484029623e-06,2.77698887172e-05,-0.000110152690252,4.03035645075e-08,6.42116658143e-05,-3.06761895304e-06,-7.44979247394e-06,20353.7034161,92.4954424457,-85.6548144458,86.6963973618,152.321337452,52.1610271428,-33.3639991301,14.5144898204,42.5304797623,52.9932205178,-33.3910861314,-97.4167319274,-86.7765081705,-221.12716615,-83.7490486906,21.9754545059,-18.7487833676,270.840526642,-10.9450160636,59.6901666635,-227.312405701,3.91012028418,134.012321326,-7.06861524023,-13.8255839737
6.953125,89,20,6.00278981776,6.95870287067,95066,0.0455795043242,0.295822240405,-4.29991657464e-06,0.000480440966133,0.000960876458586,0.0428021228915,0.047581036027,0.0128577407815,1.80157447976e-05,-1.00307127105e-05,-3.77970660812e-05,5.73436350915e-05,-9.75974192033e-06,1.0091161011e-05,3.05028946379e-05,-2.23762848193e-05,-4.57897445582e-05,3.07076619902e-05,1.81391214773e-07,1.77490311992e-05,-1.59323852559e-05,-1.89445508703e-05,-1.14345266836e-05,2.68172856873e-06,-7.69406197693e-05,8.90718977039e-05,1.24078672586e-05,-1.5856067764e-05,-9.36081820218e-05,-7.51518891351e-05,-2.35053030149e-05,3.35522760256e-05,26817.6234748,162.080152611,-179.06677935,57.6990216973,120.295817286,-21.3557733393,21.8002125173,63.3940898803,-47.0120104099,-95.2144241332,64.8752820102,-1.11848613951,37.1587302448,-35.4128517719,-39.1340232839,-26.2511136822,3.06774251968,-158.704978259,184.887088853,27.93192699,-34.231180375,-197.096957675,-158.141573948,-49.7792981195,70.7768556131
6.953125,89,21,6.95870287067,8.06684010473,119986,0.0575274273225,0.432643007138,-4.2747138999e-06,0.000587818937638,0.00118014751964,0.0541685472197,0.068054996307,0.0162281876318,-1.7411436459e-05,-6.65308923861e-05,9.40589205457e-05,-8.20565962632e-05,6.307523552e-05,-2.89041617277e-05,3.82350323083e-05,6.44631133761e-05,1.87397896404e-05,-1.86887321599e-05,-7.28993880731e-05,1.4399449531e-05,3.15752603297e-06,3.05999137831e-06,-6.26197244012e-05,-1.69265224902e-05,5.19901638372e-05,8.13079537252e-06,2.90907244818e-06,-2.64632232987e-05,-1.55377025366e-05,7.84342692339e-06,6.17370639121e-05,-4.43493827375e-05,33847.4256858,99.8903750964,-310.802419356,344.486996897,-170.840521161,130.295991785,-59.2141363187,77.5826840206,136.151763944,38.9180464824,-36.5824793226,-152.96691731,29.4001718591,5.19930013442,4.25674886874,-127.324950649,-33.9980209175,108.522962474,14.7967318239,8.89426086031,-54.330833017,-33.465198536,17.3444937811,128.803270252,-94.1303084787
6.953125,89,22,8.06684010473,9.35144242897,144726,0.0693890491114,0.604458833659,1.66707547808e-06,0.000686039598552,0.00136632871609,0.0655412416325,0.092261602783,0.0195742893605,-3.52511097768e-05,-9.52077209553e-06,-3.92511821314e-05,-7.18394770251e-05,5.84851781354e-05,2.46274109452e-05,4.53568464819e-05,0.000115576551269,3.01490805733e-05,9.07176545266e-06,-3.60166753241e-05,-1.69726342826e-05,-0.000128928905541,-0.000118633790167,-3.75947828825e-05,4.24033600045e-05,1.66744137942e-05,-6.74557253254e-05,-2.22171886286e-06,4.20924737434e-05,-9.15215688033e-06,-2.21858356489e-06,3.44347127662e-05,6.48525846212e-05,40826.4508342,67.7629391282,-198.003137826,71.8231512243,-150.76060737,120.937518421,52.7155083908,94.0376165509,240.219590506,63.4819715009,20.1546191004,-74.4949483308,-35.9257478541,-268.850029953,-249.287658881,-76.7297611031,89.4156449062,33.9198188838,-142.072383339,-4.54434248125,88.0107370504,-15.9377231634,-4.15201750704,70.7120039534,134.705206056
6.953125,89,23,9.35144242897,10.840610991,165103,0.0791588254732,0.798685019821,-2.14872748738e-06,0.00074279204088,0.00147624706755,0.0750252454222,0.117154716854,0.0223302923889,7.33283275503e-05,4.8701152499e-05,5.73592511158e-05,4.14353058657e-05,7.20254622518e-06,1.15610788149e-05,-4.16474929416e-05,4.8386147938e-05,9.27305228272e-07,-1.27360826381e-05,1.38913947574e-05,-0.000121354938236,-7.30641337465e-05,-9.06600141972e-05,-0.000111995809862,9.25094755582e-05,3.98346360771e-05,-1.80803624929e-05,-3.87875836871e-05,-5.90942977217e-05,-7.08884209902e-05,3.70454234064e-05,0.000122938899612,3.26210608787e-05,46574.6964062,290.744053488,-72.7180237799,269.922369542,86.8611273594,13.8254108505,22.6444231988,-87.6839417836,100.84781973,2.59717105773,-27.1363529595,28.6649798118,-252.944740379,-153.108873463,-190.876290804,-233.503438414,191.491813172,84.1784200291,-39.1138140709,-82.4820939598,-122.197255622,-147.33529196,75.8583102811,258.021605298,66.7178164681
6.953125,89,24,10.840610991,12.5669219002,177554,0.0851284719119,0.995030140939,7.92891696033e-06,0.000756586387882,0.00150073847441,0.0810018605658,0.140082238537,0.024014298558,-7.35334024495e-05,4.38140922428e-05,-7.5572982106e-05,2.48614739456e-05,-3.5363894462e-07,7.5924592071e-06,-0.000111893175954,-6.70944686948e-05,4.30679936761e-05,5.49138721075e-05,-7.8306510201e-06,-7.70196782191e-05,-4.42551436099e-05,-6.21112913271e-05,-4.22032839541e-05,0.000103002645558,-1.64791976103e-06,7.91098549553e-05,-2.46107770626e-05,-0.000177952498745,9.11318795645e-05,7.81293430731e-05,-3.0832119003e-05,1.6361457435e-05,50087.0586586,-26.3784303474,-69.4345674642,-18.7073923017,50.9057573766,-0.812079170277,15.7768484119,-233.171233636,-140.271835933,89.0321564205,114.070028902,-17.4745213698,-161.954290894,-91.763355786,-128.694764124,-89.8329888671,214.824705699,-5.33118778869,163.638312223,-51.6532964734,-370.714077854,192.482651191,163.129652338,-63.4315136113,33.3959182495
6.953125,89,25,12.5669219002,14.5681388416,180429,0.0865068940074,1.17119900671,-7.32201107304e-07,0.000712919119987,0.00142606723201,0.0826525077939,0.157345791383,0.024403144252,-9.84472870381e-05,1.55672359988e-05,8.01766617527e-05,-4.37640391947e-05,-1.16114931348e-06,1.12375424081e-05,-5.28115385325e-05,-3.80628393564e-07,3.52843667863e-05,-6.45309339023e-07,-5.58243438937e-05,-1.96606340419e-05,1.05725659468e-05,-4.59118407512e-05,8.17761865659e-05,-9.96197547491e-05,-5.58981129008e-05,-7.10166469366e-06,-7.86637700811e-05,-2.53030231608e-05,3.29905650207e-05,1.26842030968e-05,2.79376262815e-05,5.8312108508e-05,50898.0811849,-94.239270997,-107.939399993,288.556220079,-91.1720648686,-2.24241906951,23.412962005,-110.610328769,-0.335605843745,73.8804419241,-1.00015878978,-116.847502706,-40.8975794289,22.7726349725,-95.6294957711,171.280375539,-206.413155818,-117.598730281,-16.1481794438,-162.616218946,-52.0752746556,69.7411707907,26.1119396204,56.8990364976,122.327930511
6.953125,89,26,14.5681388416,16.888039171,172998,0.0829440924102,1.30103844286,-3.10873409351e-06,0.000637431344927,0.0012648412493,0.0795911207205,0.165875610261,0.0233980964774,7.0194531534e-05,6.31591986896e-05,7.00604523676e-05,-0.000124844310039,1.38129833559e-05,-0.000111955333425,4.8635828733e-05,7.01462514257e-05,9.06651676223e-05,7.28511965099e-05,-1.78350537902e-05,0.000167627245154,3.07533247761e-05,-0.000141405472281,5.78103762329e-05,7.55854434403e-05,2.19522046143e-05,8.72714241013e-05,6.23815143718e-05,8.49103367797e-06,3.07183769029e-05,-1.22708963566e-05,0.000104913677977,-7.72352472398e-05,48801.8347873,237.96563598,15.7350471424,246.024932889,-259.458932872,28.2200246554,-233.604139662,101.871696089,145.444500478,188.121833591,153.999467068,-37.5682300326,350.018211947,63.125030795,-295.891820872,122.235873831,157.629274624,44.1047308904,180.500680388,130.376508634,16.1735811688,64.5301556099,-23.2112702634,216.156952595,-162.982919412
6.953125,89,27,16.888039171,19.57737156,157540,0.0755327363224,1.37269921244,-1.24213140768e-06,0.000530090352754,0.00105244348343,0.0727854251307,0.164954202123,0.021307391525,-4.41465745179e-05,0.000120366816505,-7.27569049128e-05,5.91615793261e-05,-7.00999399512e-05,-9.05458881691e-06,8.43649752934e-05,-5.37785856481e-05,-2.26065814821e-05,2.76111345709e-05,-2.63552960241e-05,2.80142697575e-05,-5.28504928773e-05,-6.51809211325e-05,5.94350734598e-05,-0.000119327826626,0.000158895751172,3.18917701046e-05,-4.34431735581e-05,-2.78213889765e-05,2.40712925739e-05,-1.50893076215e-05,6.22562845671e-05,-1.91033342714e-05,44441.213496,-20.9773827505,160.628836403,-73.5771566336,123.227039455,-145.817640294,-18.9636660926,176.709842008,-112.593293403,-46.0625887834,57.0128820053,-55.1395530031,58.3494264083,-110.902636881,-135.700509955,124.099819775,-250.123146998,332.011493143,66.4619893588,-89.9003350862,-57.8868987656,51.1892448008,-31.6829747357,128.961979705,-39.8710541867
6.953125,89,28,19.57737156,22.6949661425,137320,0.0658382337933,1.38640346328,7.03904086981e-07,0.00041727348938,0.000831620956045,0.0637028049466,0.156387863638,0.0185726228527,-0.000145272099068,7.90618711394e-05,-5.38570999881e-05,5.89028789619e-05,9.25894355178e-05,-7.23260552602e-05,-1.30406965673e-05,-0.000145639635976,4.11789866906e-06,4.41242176541e-05,3.01140128164e-05,3.71353111092e-05,-6.74608133653e-05,-8.78408417193e-05,-3.44148008404e-05,-4.64291768772e-05,4.67158572643e-05,1.58182645823e-05,4.96230487127e-05,4.01826723088e-05,-4.22968373721e-06,-0.000132783312819,-2.34596390267e-05,-5.75193212172e-05,38737.2568064,-249.750109653,97.0748814259,-53.9014627669,122.195385049,193.802864008,-150.607687337,-26.8266430233,-303.675745515,8.27419073527,91.9699036305,61.6397207902,77.7379526189,-140.375303836,-183.618872062,-72.605246851,-97.1147249409,97.5127454353,32.4595213254,102.654415484,84.4491661548,-9.05917835235,-276.933799808,-49.6978173408,-119.515984212
6.953125,89,29,22.6949661425,26.309021445,115116,0.0551925001555,1.34665429447,4.8016917155e-06,0.00031410781474,0.000628966017919,0.0536096569714,0.142638344272,0.0155695168388,-5.36481772001e-05,-1.39969405954e-05,-2.27933077078e-05,5.05122066186e-05,9.15191045853e-05,-7.05054393694e-06,-4.57068897239e-05,-1.72878644536e-05,-6.0882564819e-05,4.45075853872e-05,-2.7654786048e-05,9.69590186638e-05,4.09619685603e-05,-0.000141568987156,0.000136426513376,-3.87134894362e-05,7.59792269908e-06,-1.31020130202e-05,3.52811414956e-05,-2.2802926599e-05,4.95491109877e-05,-6.19521117539e-05,-5.38968199574e-05,-9.17687174826e-06,32473.6240498,-73.4213553117,-77.9147210901,-5.60886147763,105.647551004,190.742981979,-14.2908427668,-94.8957531777,-36.3946846044,-126.713561515,92.6591827117,-58.2540054427,201.838685534,85.947444414,-295.744449841,284.253842209,-80.4138010445,15.6989549067,-27.2510503491,74.341990592,-48.0278999378,103.074661029,-128.828525327,-113.408589348,-18.2139942444
6.953125,89,30,26.309021445,30.4985962547,93820,0.0449821081743,1.2718278332,6.72733136396e-06,0.000226537125646,0.000457020901296,0.0438462411902,0.125634954742,0.012689218439,-1.55221277731e-05,-3.75894092112e-05,-1.45058868121e-05,7.35053003393e-05,-0.000100162902042,3.84190082308e-05,2.66951229494e-05,1.79908620686e-05,4.6353350158e-05,-5.1833272332e-05,5.70350293029e-05,-6.77605991253e-06,1.64056788406e-05,-1.83795539857e-05,-2.70789562884e-05,1.40839095518e-05,-2.7038724797e-05,-2.02100243196e-05,2.36896768345e-05,-2.82314051302e-05,-2.65815748987e-05,-2.11928736855e-05,1.86081916861e-05,-0.000148188593305,26466.1333642,-5.61093045399,-112.369503636,-0.866507377414,153.037712032,-208.785077283,80.1946493799,55.7442333287,37.4485698202,96.4964710379,-108.576169685,119.501409778,-14.2290748903,34.0945468079,-38.115423395,-56.2659800142,28.8446331334,-56.7447723413,-41.7284604728,49.1974968713,-59.4097097864,-55.3099884711,-44.1039352331,39.2936448131,-309.333150492
6.953125,89,31,30.4985962547,35.3553390593,74658,0.0357948649763,1.17293299552,-4.09903370078e-06,0.000160531586522,0.000321081602217,0.0350033265678,0.107776749522,0.0100975449821,6.33243926262e-05,3.3062248859e-05,-4.68250224475e-06,6.5438009244e-05,-1.13812936759e-06,0.000107972315746,-3.73499837668e-05,-3.05302940698e-05,-7.74539560008e-05,-2.55117277838e-05,3.1673947046e-05,4.05564127126e-05,-8.82830915098e-05,3.34347681503e-05,-6.37693549881e-05,3.95100593666e-05,-5.50905408804e-05,6.23133477577e-05,-5.16094127008e-05,-1.09587913765e-05,2.22350405795e-05,-2.96431917616e-05,6.45990688963e-05,2.14054989362e-05,21060.6329643,150.438444195,45.8047953276,10.3326288491,136.616890726,-2.31671130642,225.177317575,-77.9703095193,-63.5891023075,-161.5572212,-53.1175265541,65.9407945009,84.2587457444,-183.722481105,69.6667950323,-133.341909578,81.5857954384,-114.733556491,129.863392418,-107.932186334,-22.5947883186,46.5850102285,-62.4307899709,135.154183338,44.5833671691
6.953125,89,32,35.3553390593,40.9854928916,58242,0.0279241946737,1.06057845718,-1.8490022497e-06,0.000110790228871,0.00022171201253,0.0273863509086,0.0908736662678,0.00787726988193,-3.89084472745e-05,-3.13773191123e-05,3.43472633573e-05,-4.41168662699e-06,1.74450412384e-06,2.39554899334e-05,1.51341241749e-05,-4.05692458929e-05,-1.20479151167e-06,-1.77380576911e-06,8.26118051258e-05,3.95830318162e-05,1.89191380928e-05,-2.56157474533e-05,-3.5858406683e-05,1.16709084672e-05,5.17034090359e-05,1.44387439516e-05,3.58668299876e-05,3.48474558185e-05,-5.183619014e-05,-3.74488189282e-05,-1.98237672226e-05,-7.07388154262e-05,16429.7648625,-68.8350754985,-81.0491257229,85.1684585897,-9.22257378708,3.81157188131,50.0074821371,31.5008833177,-84.4713650269,-2.69552847695,-3.77855079205,172.389096637,82.5671640816,39.4533503244,-53.4876349768,-74.8239659544,24.5520038879,107.776091675,30.3568609842,74.2774127848,72.355522412,-108.315210166,-78.1380915208,-41.5099862865,-147.542978287
6.953125,89,33,40.9854928916,47.5122194344,44901,0.0215278366994,0.947714691866,-7.27602894277e-07,7.47100547347e-05,0.000149776038811,0.0211669133661,0.0753052878217,0.00607289061105,7.45690133339e-06,7.79902628314e-06,-3.17140167085e-05,1.99748430707e-05,3.05827784536e-05,-5.74562093169e-05,-7.12215470546e-06,-7.5484490562e-05,-5.22929769877e-06,1.52502238273e-06,-3.28941414712e-05,-1.85822381347e-05,-6.29193415597e-06,-3.536649887e-05,9.62903764952e-05,-2.69003708129e-05,3.65292621186e-05,1.97850312496e-05,-9.38962359547e-05,4.68493851172e-05,-2.01938063161e-05,3.7524242803e-05,8.04591027047e-06,1.17984294327e-05,12666.3382454,23.679967317,5.86134425882,-57.1996721809,41.7290008455,63.6910777062,-119.826018667,-14.7633119139,-157.645797484,-10.8720750122,3.10900375773,-68.9930221844,-38.3595705802,-13.2521279347,-73.622591573,200.66024276,-55.6924675849,75.9096416588,41.3600350649,-195.796787836,97.9822226684,-42.2236544081,78.3742781729,16.7226707952,25.02244614
6.953125,89,34,47.5122194344,55.0782932282,34199,0.0163967503459,0.836703160493,1.38212694255e-06,4.98729212297e-05,0.000101145110806,0.0161589569014,0.062294400984,0.00462543787459,-9.43755457932e-05,-7.78806267011e-08,-5.01024178802e-05,-1.74725239543e-05,-4.12744478372e-05,-1.98652208773e-06,1.11875833773e-05,-1.17613980133e-05,-4.90395902851e-05,-8.37779123018e-06,5.72326397099e-06,3.22436079162e-06,1.0601914104e-05,5.48634155162e-05,-3.07715287839e-05,-1.62114647767e-05,-8.23526135432e-07,2.91879444673e-05,-2.17630289384e-05,-6.37400488136e-05,-4.20084517165e-05,-3.25296565557e-05,-2.2310116626e-05,4.332826963e-05,9647.35978388,-191.505448224,-6.93289028667,-98.6238007258,-36.6272905726,-85.877563748,-4.02950381993,23.3867846716,-24.3456576711,-102.255974845,-17.4970645321,11.8678013751,6.72237891389,21.9573843773,114.497726129,-64.260824293,-33.9704751304,-1.35377807054,60.8735687411,-45.4146606034,-132.863242023,-87.6377997893,-68.1091038721,-46.2785055443,90.5714190681
6.953125,89,35,55.0782932282,63.8492249161,25897,0.0124163467852,0.734389505441,-1.17328700551e-07,3.26653303785e-05,6.63098206848e-05,0.0122598847827,0.0505125874195,0.00350258676097,1.97142679148e-05,-5.36206349767e-06,-4.11240187846e-05,1.03100368242e-06,-2.24662309035e-05,4.4666380072e-05,5.91562204956e-06,5.08219828642e-05,-1.40289601617e-05,1.36671887846e-05,2.7818631767e-05,-2.22795549333e-05,8.47219487507e-06,5.9212353706e-05,2.15484709115e-05,-6.1000252891e-05,-4.403587328e-05,-1.57323448236e-05,-1.83657752813e-05,6.82601176935e-05,2.59771926919e-05,3.69843561677e-06,-4.50168294653e-06,-1.92313079772e-05,7305.40882257,44.6264115725,-15.5696475253,-81.9645982307,2.17733434407,-46.8444758941,93.1367508695,12.3394779901,105.955980945,-29.1751190966,28.5040539764,58.1982657335,-46.4535200194,17.8277682491,123.530453325,45.1278666902,-127.315022097,-91.6466176948,-32.8849467704,-38.4046494968,142.538311098,54.1672432973,7.80374788819,-9.41043269794,-40.0130058398
6.953125,89,36,63.8492249161,74.0168818502,19514,0.0093560100076,0.641509775713,-3.05249190476e-08,2.14431147446e-05,4.37613271551e-05,0.00925413390257,0.0411391611847,0.00263928169493,-4.23784943219e-06,-4.66311649964e-06,1.36875546802e-06,2.48279973092e-05,4.87654442119e-06,4.16290634792e-06,3.55929451126e-05,-5.04437575231e-05,-8.56891724327e-07,-1.79730749205e-05,-1.32013996506e-05,3.11951737005e-05,-2.02521766044e-05,-1.89580394315e-05,-3.02248648501e-05,-1.98728011997e-06,-1.04427871873e-05,-3.14107880967e-08,-2.50355061429e-05,-1.91986346662e-05,2.73388048799e-05,-1.37821761965e-05,-1.44153989325e-05,2.36077636007e-05,5504.79776668,-6.59925829972,-12.6045936418,5.35396936211,51.7421190946,10.1762392014,8.74089522821,74.245937314,-105.194185549,-1.79782549983,-37.4795069093,-27.6289408361,64.9886487995,-42.255642046,-39.4108810364,-63.1905132217,-4.25917774279,-21.8181397155,-0.20151251912,-52.0754509829,-40.1506662109,57.201406594,-28.7010100909,-30.0666419488,49.3117608737
6.953125,89,37,74.0168818502,85.8036852606,14620,0.00700957601266,0.557204339237,-5.26359265935e-07,1.38905472022e-05,2.84369312711e-05,0.00694351981554,0.033139962794,0.00197736488572,-8.92908901476e-06,6.83799431246e-05,-2.55156596246e-05,3.88501605822e-05,3.88053165356e-06,-2.90483021513e-05,3.30055095423e-05,-6.64857448256e-05,-4.04120687309e-05,-1.53075319199e-05,2.50383374004e-05,-7.80522694116e-06,1.1871545584e-05,-7.12925717309e-06,4.21700657698e-06,2.10706038281e-05,-1.77143812334e-05,2.70842422494e-05,-1.34776811597e-05,3.04863261837e-05,3.78497164278e-06,-3.04143022937e-05,3.17481807088e-05,5.95355816581e-05,4124.22585573,-17.1983262761,140.748831629,-51.6061709713,81.0267711933,8.18395431692,-60.680554788,68.9484732165,-138.669478732,-84.3009888058,-31.870690575,52.113683471,-16.2155762656,24.711315115,-14.7964727115,8.60015861542,43.7758777294,-36.8199341985,56.6104806412,-28.193642543,63.5876548374,7.81090362266,-63.4173119111,66.3195437872,124.257768175
6.953125,89,38,85.8036852606,99.467475801,10924,0.00523752451179,0.482638548812,2.97626942999e-08,9.22103298553e-06,1.83441819086e-05,0.00519493933885,0.0264544928496,0.00147747838656,-1.37803189429e-05,-2.19077480979e-05,-3.32839921976e-07,2.00642406303e-05,8.46382422517e-06,3.38231494601e-05,1.83289336914e-05,7.36035937236e-06,2.13510013485e-05,-4.51801045433e-06,-2.6900012862e-05,-1.10727553385e-06,-3.53823278706e-06,-2.40914239263e-05,-1.07960595514e-05,8.39212522402e-06,1.54004536938e-05,-4.70836067527e-05,3.31279896066e-05,-3.1651142101e-05,2.76852344795e-05,-4.31989526139e-06,-8.51832522838e-06,-1.54150138131e-06,3081.60350534,-27.7981483414,-46.877251002,0.337405665248,41.8126765355,17.6242585867,70.587167704,38.2209912113,15.348660715,44.5535821913,-9.46099466105,-56.0448012255,-2.4522138451,-7.33510251318,-50.2546468678,-22.5332944597,17.55245365,32.1022132354,-98.2328603592,69.1128247404,-66.0302568793,57.8107431936,-8.95300690777,-17.8029587978,-3.21231042545
6.953125,89,39,99.467475801,115.307153908,8149,0.00390704753264,0.417330927417,3.9359110029e-07,6.07667134893e-06,1.18874240195e-05,0.00387967979044,0.0212240587044,0.00110215776017,1.17255326788e-05,5.08896947394e-06,-1.60868082581e-06,2.40412538526e-06,2.12058496162e-05,1.91809480521e-05,-1.90930743283e-07,-1.92657477817e-05,-1.17684169147e-05,1.54087416067e-05,-1.94592055257e-05,-2.0755942632e-05,-7.95105548001e-06,-8.97009813683e-06,5.57279954782e-05,9.36810365855e-06,7.23808963346e-06,6.64464104337e-06,-3.08191864099e-05,-2.50036534343e-05,-2.14184151312e-05,5.10451982793e-06,8.0467099138e-06,3.38801063258e-05,2298.79045817,25.0629452979,9.85176838299,-2.6893514697,5.05525150799,44.1960690067,39.9958905099,-0.405459308792,-40.2160380814,-24.5373520543,32.1447866278,-40.6387520232,-43.3156493798,-16.5991854685,-18.7105033333,116.185555843,19.5783425223,15.1695315987,13.8155099966,-64.2611408839,-52.084727582,-44.6896531207,10.5940005528,16.6741895983,70.7699558768
6.953125,89,40,115.307153908,133.669218358,6073,0.00291170691689,0.360482019267,-2.21713786925e-07,3.85625551393e-06,7.78791388074e-06,0.00289411913128,0.0171113765753,0.000821377356426,3.10691509029e-05,1.2496551637e-05,3.38519201018e-06,-1.35047921639e-05,-1.17435488208e-05,1.97139054957e-05,1.00295560385e-05,-1.1609847839e-05,1.6242000395e-06,1.1934649244e-06,-2.4622899509e-05,-5.47152196537e-06,-3.77890025912e-06,2.99308329619e-05,-1.00819340731e-05,8.73485227833e-06,-2.64326325567e-05,-1.50995160329e-05,4.58331616262e-06,-4.05195496986e-06,5.02979966974e-06,-1.24253935942e-06,3.48595641451e-05,-3.31325364623e-05,1713.16167044,65.18882162,25.578886774,7.49328112026,-28.1531313113,-24.5138262468,41.1027600415,20.9090792362,-24.2119740981,3.32817829346,2.52095782454,-51.3229946051,-11.4411656379,-7.86282535063,62.4423003343,-20.9931245341,18.1855003286,-55.0774019169,-31.4977501078,9.60105473639,-8.39151609114,10.4752024785,-2.61573529109,72.7399101564,-69.1308707052
6.953125,89,41,133.669218358,154.955346055,4528,0.00217095486904,0.311539898336,-3.94367880417e-08,2.45751732833e-06,4.88375344051e-06,0.00215954500289,0.0135008956077,0.000612415061732,-1.18089218557e-05,2.01627819395e-05,3.60769738904e-06,6.23687011594e-06,-1.44374585401e-05,-3.05369581907e-05,6.6184932424e-06,-1.40163829718e-05,2.3834100722e-05,-6.90550568528e-06,1.39520486435e-05,-8.71783590747e-06,-1.30220608605e-05,-2.62480903483e-05,-1.71134107425e-06,2.1524261228e-05,2.69113367835e-05,8.69519454524e-06,8.93892440019e-06,9.72985383965e-06,-4.59443498322e-06,-3.04399706923e-07,-1.43717247539e-05,-1.14778184402e-06,1277.32521715,-24.3896338115,41.732907218,7.7966087185,12.9924148995,-30.0966786158,-63.7065366091,13.8144793323,-29.2452202036,49.7070032517,-14.4241127325,29.0967831852,-18.1483478986,-27.1859671923,-54.733062682,-3.60045298236,44.9001567379,56.0851670259,18.1404200735,18.6012251846,20.2943790486,-9.5715871553,-0.623817766257,-29.97948564,-2.43037151472
6.953125,89,42,154.955346055,179.631178861,3372,0.00161670932385,0.268958600147,6.38203966222e-08,1.56236752336e-06,3.09002444676e-06,0.00160933743572,0.0107845046723,0.000456065280071,-1.7451350351e-05,1.5113549403e-05,-3.30395346385e-06,1.41641001032e-06,1.138851121e-05,-1.03640668024e-05,6.17446316902e-06,2.31378906008e-06,3.87812560121e-06,-2.55074858734e-06,5.4423925716e-06,8.20006699725e-06,-8.29657330393e-06,5.39419670173e-07,7.30540377057e-08,-1.77084060784e-06,7.58777397561e-06,-7.50462691724e-06,3.40419938839e-06,-1.69714256129e-05,-1.44059474792e-05,1.82605408887e-06,3.12761200621e-06,-7.33759577951e-06,951.223637862,-36.2374054625,31.3156620786,-6.71677616898,2.94290969353,23.7729671835,-21.6160711443,12.8853837988,4.8297575206,8.09117515201,-5.31908273769,11.3382331908,17.0987731351,-17.3273926961,1.11540257871,0.159816002393,-3.68389211172,15.8332840523,-15.6673514437,7.10883339204,-35.3913142783,-30.028163812,3.79631636132,6.51463997767,-15.3065520487
6.953125,89,43,179.631178861,208.236509681,2505,0.00120102516496,0.231623461001,-9.89946290779e-08,1.04026640144e-06,1.9143790662e-06,0.00119628265688,0.00846917907466,0.000338802943825,1.40998626134e-05,8.68829284272e-06,1.15376417494e-07,-7.21881274087e-06,-3.52424447353e-06,-1.10491777405e-05,-2.68085340526e-06,1.11674391949e-05,-3.91394660046e-07,7.60548993872e-06,-1.26072422579e-05,1.13808675382e-05,-1.08943166002e-05,-6.71965221031e-06,-9.54560417397e-06,-7.53308551866e-07,-6.14115265188e-06,6.89723039247e-06,1.67620923196e-05,1.35620160559e-05,4.39900435924e-06,-2.3870278727e-06,1.94742165619e-06,-4.70450492104e-07,706.647453394,29.511716949,17.9905878521,0.35089761001,-15.0530870047,-7.35864360958,-23.0438706099,-5.5898078864,23.2880479085,-0.816724626766,15.8729255281,-26.2870102132,23.7464518554,-22.721678932,-14.0214970085,-19.8995122287,-1.59629108891,-12.8165057215,14.3802820473,34.9791623257,28.2787258952,9.19255134792,-4.97250248575,4.05896274659,-0.992075413557
6.953125,89,44,208.236509681,241.397090634,1866,0.000894655871384,0.200018507305,2.63701958198e-08,6.56838469621e-07,1.28465824954e-06,0.000891627963691,0.00690744250317,0.000252377761747,-5.46288552938e-06,1.02695708943e-05,2.22107749986e-06,2.09798413311e-06,2.44778530029e-06,4.07911279888e-06,1.24556165815e-05,-1.42131782145e-05,1.67889744335e-05,1.5108778637e-05,-6.94563346647e-06,1.12646432215e-05,-3.76927597568e-06,-1.22092627417e-06,-9.25188528922e-07,2.2974990049e-06,-8.76670679221e-06,-5.26826616519e-06,-2.29771098003e-06,1.38439573004e-05,1.71491998317e-05,1.34258654619e-05,1.10833706337e-05,5.88430578654e-06,526.38888145,-11.329363786,21.3352804932,4.70772270399,4.37320685788,5.10682933174,8.50935412902,25.9796521719,-29.6460475416,35.0109111612,31.5227555018,-14.4813633811,23.4892609222,-7.85729305419,-2.53008732111,-1.935423114,4.80282755631,-18.2794788181,-10.9970655314,-4.78629351626,28.8737037613,35.7649231135,28.0022583483,23.1062087097,12.2506272532
6.953125,89,45,241.397090634,279.838321607,1387,0.000664998763992,0.172373907066,-1.86750476021e-08,4.14786952408e-07,8.5090875305e-07,0.000663066896196,0.00566042754223,0.000187592687858,3.210357409e-06,6.01881666807e-06,-9.40015033827e-06,1.31792071257e-05,7.31183469197e-07,-5.06333960236e-06,-6.41734610613e-06,-4.39244317702e-06,-1.23011166928e-05,6.42298951766e-07,-3.91468810066e-06,-9.07924741448e-06,-1.61606379317e-08,7.07124503346e-06,-2.45278280364e-06,4.48609381473e-06,-3.36723869249e-06,9.0108785988e-06,-1.85944213657e-07,-5.71088617687e-06,1.5694739797e-05,6.81727638454e-06,-4.70175120511e-06,4.23000751627e-06,391.26547619,6.73614385623,12.5002095098,-19.5617892693,27.4884936234,1.52460886774,-10.5634877414,-13.3824704752,-9.1606322072,-25.6530605424,1.33714118528,-8.17028712817,-18.9389238816,-0.0319334122826,14.7537871838,-5.12598093995,9.34768642439,-7.0027895744,18.7936264701,-0.391535409288,-11.9046465344,32.7225123145,14.2209916423,-9.80217113044,8.8235957519
6.953125,89,46,279.838321607,324.401118648,1031,0.00049431414973,0.148553120896,2.37682734947e-08,2.41111304913e-07,5.61582504623e-07,0.000493070445075,0.00459997579915,0.000139443447139,-3.63769299801e-06,-1.01233556261e-05,2.30300782268e-06,-3.85380385793e-06,2.98534431292e-06,-6.43666612169e-06,-5.97939299809e-06,-2.61737497787e-06,5.33434420476e-06,-1.50708427302e-05,1.86360263412e-06,5.38558419933e-06,8.33978501327e-07,8.66012770754e-06,-6.28330939493e-06,-6.48078770392e-06,5.896549188e-06,4.00334625444e-06,1.63707093259e-06,3.86670813877e-06,-3.984768108e-06,4.90342940111e-06,-1.87329688023e-06,-4.97054571501e-06,290.839730319,-7.56008172426,-21.1490582473,4.83256037722,-8.04268988467,6.22937508826,-13.4206563151,-12.4730458961,-5.45604931258,11.1260240509,-31.4335845929,3.8853788873,11.2378769008,1.73825757266,18.0609836473,-13.1021863601,-13.5214976578,12.2940351955,8.35690226373,3.42005919975,8.06276302769,-8.30648190321,10.2228900111,-3.89292316333,-10.3754834892
6.953125,89,47,324.401118648,376.060309309,764,0.000366300689034,0.127596241443,4.88750219939e-09,1.81313148516e-07,3.55760924155e-07,0.000365517325797,0.0036261371998,0.0001033315166,-1.04984321773e-05,4.96785690052e-06,-7.20208113117e-06,5.03379886253e-06,2.19771751667e-06,-1.4199024761e-06,2.20063395488e-06,1.65517783125e-05,-1.84841566467e-06,2.71597731012e-06,-1.39314433589e-05,-1.27378621945e-06,-3.90118797855e-07,-4.2711948235e-06,-1.65661630091e-06,2.97720677204e-06,-7.03632887672e-06,-2.67798766726e-06,1.72194670174e-07,1.10088320579e-06,2.41670059527e-06,-2.54509552736e-06,4.87949195129e-06,5.94701915641e-06,215.520420915,-21.8787181398,10.3393108203,-15.0040317045,10.49531416,4.5840012564,-2.95930783434,4.59267318871,34.5233847091,-3.85044907155,5.66601641364,-29.0571108004,-2.65693212319,-0.814696893389,-8.91309816795,-3.45269941681,6.20519461437,-14.675941242,-5.58992567804,0.364179727027,2.30400692319,5.0380234444,-5.29527850364,10.1752204317,12.4017521859
6.953125,89,48,376.060309309,435.945957359,571,0.000273766614448,0.110540952685,-3.90632420548e-08,1.20138791727e-07,2.35387087421e-07,0.000273266014056,0.00297218981321,7.72281360974e-05,3.41919755451e-06,1.76244224599e-06,-7.15451373386e-06,3.90556044287e-06,-1.36448857434e-06,-5.51086691568e-06,2.31187893005e-06,-5.12205556679e-06,-2.61181167962e-06,1.08144127889e-06,-5.33383139706e-06,-4.26883006785e-06,4.60941462053e-06,-1.21351062729e-06,7.69811531728e-06,-1.59982716735e-06,-3.59888286996e-06,1.31420726889e-06,1.81243076983e-06,-6.41654804391e-07,-6.57290615963e-06,-2.73068255423e-06,-2.6737551265e-06,-7.43809915853e-06,161.076126103,7.14182000707,3.66138400119,-14.9100659127,8.14661665067,-2.84767228504,-11.4948387842,4.82414719232,-10.6855584906,-5.44937678433,2.25505671347,-11.1263930959,-8.90149161518,9.61078843692,-2.52929809728,16.0550202543,-3.33331953684,-7.50904312112,2.74142306728,3.77975205206,-1.33667975436,-13.714238433,-5.69723923323,-5.57844721423,-15.5113010085
6.953125,89,49,435.945957359,505.368083345,423,0.000202807842227,0.0949349971562,1.8157805073e-08,7.38379278069e-08,1.39196693479e-07,0.000202480735017,0.00228218255187,5.72110360231e-05,-3.16836921161e-06,-5.91633807632e-07,2.39621840843e-06,3.7256130634e-06,2.11590961097e-08,4.31998754721e-06,-1.41575902823e-06,-2.89700139317e-06,-8.43146797934e-07,-6.8257079678e-06,-6.81825423543e-06,-6.99490341267e-06,4.55399094201e-06,1.35209753081e-06,5.48389989819e-06,-2.52484042823e-06,3.41288772226e-06,-6.37180922151e-06,1.53066773426e-06,1.88830742783e-06,-5.60171073313e-06,-2.63716633926e-06,-1.19019010785e-06,-2.0571501498e-06,119.32609692,-6.60145539029,-1.24257864987,5.00561500176,7.77031369091,0.0440069985345,9.00958799313,-2.9528526126,-6.04156249261,-1.75807488437,-14.239447515,-14.2194318651,-14.5893257121,9.49968817763,2.81937223019,11.4372236998,-5.2656383575,7.11726029119,-13.2873787876,3.19416401622,3.94216724182,-11.685060098,-5.50023191081,-2.48140185427,-4.28904149245
6.953125,89,50,505.368083345,585.845321772,315,0.000151027116552,0.0819425042078,1.04069137596e-08,4.43361265746e-08,1.01868637504e-07,0.000150821613484,0.00191184959731,4.26039629959e-05,-2.77943077699e-06,-6.4147966444e-07,5.03533901108e-06,-2.22571439658e-09,1.63739522514e-06,-5.85180431954e-06,-2.52583000254e-06,4.21453083957e-06,-4.96450514417e-06,-1.69756856571e-06,1.78283056909e-06,3.7083454846e-06,-5.81334119229e-06,-3.08352573461e-06,7.77440328052e-06,-5.898144806e-06,-4.77313917362e-06,-4.60621020855e-06,-5.04165866085e-06,3.05793322334e-06,2.55848664867e-06,2.35917898679e-07,-1.38521524807e-06,-4.53122132325e-07,88.8598594088,-5.79241767113,-1.34403830529,10.5067960384,-0.00347033860902,3.4158235407,-12.2044871205,-5.26913212385,8.79062851046,-10.3536960268,-3.54114059255,3.71730064771,7.73694001093,-12.1245327199,-6.4316725798,16.2168562652,-12.3008494003,-9.95543717726,-9.60740709016,-10.5155614433,6.37784044804,5.33839930388,0.489622219482,-2.89145639931,-0.943840056798
6.953125,89,51,585.845321772,679.138141789,236,0.000113150474623,0.0712078694591,-1.40668802827e-09,2.99941688976e-08,5.24607554795e-08,0.000113011666363,0.00138007015035,3.19191595779e-05,3.96728305462e-06,-1.57976723261e-06,-2.6908446871e-06,-3.00073853489e-07,-3.00845198176e-06,-2.9025942242e-06,4.23104725996e-07,1.43673781586e-06,4.90484449124e-07,-1.43983803769e-06,1.84921319554e-06,9.85623095196e-07,4.72330535629e-06,1.5289069902e-06,-3.46879261252e-06,-1.87689192067e-06,-1.83401918216e-06,4.77804938514e-06,3.19468714074e-06,3.52917572206e-06,3.39108046634e-06,-1.21686059409e-06,-4.37036632097e-06,4.59654713762e-06,66.5743708586,8.27743956843,-3.29872626663,-5.60921281482,-0.625938281645,-6.27507580963,-6.05420648322,0.883133395345,2.99632061777,1.02380581958,-3.00276280628,3.85742595739,2.05644567725,9.85148126038,3.18958671571,-7.23556841484,-3.91640980594,-3.82621068468,9.9671046672,6.66314050772,7.36050176984,7.07044922381,-2.53697360322,-9.11410135676,9.58659727034
6.953125,89,52,679.138141789,787.287358098,174,8.34245024763e-05,0.0608978022264,-7.37704984695e-10,1.67686811938e-08,3.66757418103e-08,8.33367873848e-05,0.00114786159023,2.35336176549e-05,-1.37553848624e-06,-7.78467901465e-07,1.06675076358e-06,-4.29883066971e-07,-4.46448709382e-06,-4.00369531024e-06,-2.12809339107e-06,-1.30324445043e-06,2.96412232965e-06,4.54541470518e-07,1.56495070741e-06,-9.59768988971e-07,-4.81624674446e-07,-3.43390108322e-07,-6.06156867573e-07,-1.449335204e-06,-6.04736961026e-07,1.04314655276e-06,1.89080775055e-06,2.78644156623e-06,-5.36201945022e-07,5.33298808139e-06,-3.1254048392e-06,-6.01547642807e-07,49.0844937687,-2.86739089066,-1.62601437762,2.22688268489,-0.896881904774,-9.31149247577,-8.35060846407,-4.43889752713,-2.71816587974,6.18227057185,0.947343012536,3.26499409211,-2.00030260833,-1.00497318234,-0.714929057716,-1.26440454777,-3.02217929914,-1.26234407525,2.17469924002,3.9432294324,5.81178625913,-1.11796785874,11.1221265807,-6.51872308374,-1.25557149014
6.953125,89,53,787.287358098,912.658774529,128,6.13697489481e-05,0.0519000137164,-4.30638289095e-10,1.28092892482e-08,2.01325496754e-08,6.13135501441e-05,0.000869740073933,1.73120865507e-05,-1.83391896299e-06,-3.55041324515e-06,3.88510196245e-07,-3.0072166594e-07,1.80880324195e-07,-2.00988357987e-06,-3.6297863047e-06,4.08787092723e-08,-3.77797375532e-08,7.66864751174e-07,-1.29630937141e-06,2.8548279863e-06,-8.98062795005e-08,-1.47015797134e-07,-2.2498857513e-06,-4.52768231959e-06,2.45532350243e-07,2.10810544463e-06,-5.34704906044e-06,-2.07075641932e-06,5.79460042769e-06,5.45472635321e-07,3.25432615988e-06,5.02003336994e-06,36.1081333471,-3.82387190378,-7.40664406177,0.811476687748,-0.627415810207,0.377124947132,-4.19130678771,-7.57099667512,0.0855832482396,-0.0779231055,1.59959863868,-2.70475503666,5.95464559162,-0.186661912628,-0.30687507824,-4.6924550222,-9.44250494898,0.511666968233,4.39665030969,-11.1518863084,-4.31930196231,12.0864530662,1.13794153693,6.78766136787,10.4701926178
6.953125,89,54,912.658774529,1057.99493686,64,3.0684874474e-05,0.0292878477415,-1.57552895713e-10,6.24919982757e-09,1.05329120357e-08,3.06611095657e-05,0.000484579225049,8.65604327536e-06,2.54482603768e-06,1.76995433045e-06,-6.16862522406e-07,2.27708191963e-06,1.76895286403e-06,3.53717442599e-07,6.12305572219e-07,1.35620525771e-06,-1.21957960066e-06,4.94302630584e-07,1.83887850652e-07,-6.17800467668e-07,-4.21331876844e-06,4.89581285714e-07,-1.54039233328e-06,8.20430997565e-07,-1.65149538631e-06,-1.41338471293e-06,1.80589437903e-06,3.08304487406e-08,5.80613122471e-07,2.27683935893e-06,-4.62563579081e-07,-8.19236071534e-07,18.0540666735,5.30834522417,3.69091463331,-1.28609236851,4.74947015964,3.68943022893,0.737648952659,1.27695810936,2.82854858359,-2.54355032231,1.03096949326,0.383697864229,-1.28890073993,-8.78795258604,1.02121524199,-3.21287758296,1.71051780255,-3.44395180293,-2.9482107283,3.76629514653,0.0646053597282,1.21149342769,4.74848436679,-0.96465193619,-1.70877015313
6.953125,89,55,1057.99493686,1226.47512703,0,0,0,0,0,0,0,0,0,0,0,0,0,0,0,0,0,0,0,0,0,0,0,0,0,0,0,0,0,0,0,0,0,0,0,0,0,0,0,0,0,0,0,0,0,0,0,0,0,0,0,0,0,0,0,0,0,0
6.953125,89,56,1226.47512703,1421.78491108,0,0,0,0,0,0,0,0,0,0,0,0,0,0,0,0,0,0,0,0,0,0,0,0,0,0,0,0,0,0,0,0,0,0,0,0,0,0,0,0,0,0,0,0,0,0,0,0,0,0,0,0,0,0,0,0,0,0
6.953125,89,57,1421.78491108,1648.19676227,0,0,0,0,0,0,0,0,0,0,0,0,0,0,0,0,0,0,0,0,0,0,0,0,0,0,0,0,0,0,0,0,0,0,0,0,0,0,0,0,0,0,0,0,0,0,0,0,0,0,0,0,0,0,0,0,0,0
6.953125,89,58,1648.19676227,1910.663523,0,0,0,0,0,0,0,0,0,0,0,0,0,0,0,0,0,0,0,0,0,0,0,0,0,0,0,0,0,0,0,0,0,0,0,0,0,0,0,0,0,0,0,0,0,0,0,0,0,0,0,0,0,0,0,0,0,0
6.953125,89,59,1910.663523,2214.92675006,0,0,0,0,0,0,0,0,0,0,0,0,0,0,0,0,0,0,0,0,0,0,0,0,0,0,0,0,0,0,0,0,0,0,0,0,0,0,0,0,0,0,0,0,0,0,0,0,0,0,0,0,0,0,0,0,0,0
6.953125,89,60,2214.92675006,2567.64231331,0,0,0,0,0,0,0,0,0,0,0,0,0,0,0,0,0,0,0,0,0,0,0,0,0,0,0,0,0,0,0,0,0,0,0,0,0,0,0,0,0,0,0,0,0,0,0,0,0,0,0,0,0,0,0,0,0,0
6.953125,89,61,2567.64231331,2976.52599522,0,0,0,0,0,0,0,0,0,0,0,0,0,0,0,0,0,0,0,0,0,0,0,0,0,0,0,0,0,0,0,0,0,0,0,0,0,0,0,0,0,0,0,0,0,0,0,0,0,0,0,0,0,0,0,0,0,0
6.953125,89,62,2976.52599522,3450.52227654,0,0,0,0,0,0,0,0,0,0,0,0,0,0,0,0,0,0,0,0,0,0,0,0,0,0,0,0,0,0,0,0,0,0,0,0,0,0,0,0,0,0,0,0,0,0,0,0,0,0,0,0,0,0,0,0,0,0
6.953125,89,63,3450.52227654,4000,0,0,0,0,0,0,0,0,0,0,0,0,0,0,0,0,0,0,0,0,0,0,0,0,0,0,0,0,0,0,0,0,0,0,0,0,0,0,0,0,0,0,0,0,0,0,0,0,0,0,0,0,0,0,0,0,0,0
7.8125,100,0,0.3125,0.362263999424,86,4.12328000745e-05,1.10865003178e-05,8.33653341783e-09,4.27637195472e-07,9.75704492425e-07,3.83013493438e-05,1.96465043918e-06,1.16315581513e-05,-2.43861607208e-06,1.79450697007e-07,-2.07564928615e-07,-6.87616475526e-07,-1.93743290668e-06,-4.10938808751e-07,-5.17123632835e-07,-2.97287432321e-07,-6.24229906795e-07,-9.57073535387e-07,2.22781055746e-06,-2.68295173532e-07,-9.13789481825e-07,-1.03667503214e-06,-1.59162161096e-06,5.99164975793e-07,-4.58808930508e-07,7.3252226995e-07,1.15259138399e-06,1.05355951451e-06,2.14805199218e-07,1.05524518909e-06,1.91578989645e-06,-1.57776862143e-06,24.2601520926,-2.07611850144,-3.45195159505,2.84848451519,-2.62476796105,-2.78135860745,-0.466750116396,-0.891035374513,-0.904604086574,-2.56294096348,-1.71831816242,5.22639764657,0.511196481989,-1.91231809609,-2.0286579895,-1.66937952069,1.24219938219,-0.669849274596,5.0014611717,-2.23338972156,1.71534404772,-0.79830843593,1.91411251116,5.35845676085,-4.2473554467
7.8125,100,1,0.362263999424,0.419952656891,41,1.96574977099e-05,7.70828200515e-06,-2.42434296514e-07,2.21857993916e-07,4.64657465347e-07,1.82743311677e-05,1.3724679369e-06,5.54527772328e-06,6.924123439e-08,1.1728346216e-07,1.89497111882e-06,-4.60271581364e-07,1.90776504195e-07,-6.57810340662e-07,-1.3658673739e-06,1.55961847087e-06,-3.49511643844e-07,-4.33607394047e-08,-2.23760274892e-07,3.38675847459e-07,-6.10901277369e-07,-2.75713074943e-08,1.12505906095e-06,-3.24886617945e-07,1.90562219492e-07,1.05855566714e-06,1.68464147326e-06,-9.36233018804e-07,2.17499205442e-07,5.22703711824e-07,-1.64479827715e-06,1.47743073269e-06,11.5658864627,1.15640359527,-0.863801890427,4.70948971071,-0.464249139613,0.352889182047,-1.48321305521,-3.39579164839,3.46312834462,0.0409704749371,-0.227584059994,-0.3964697993,0.608020472263,-1.34595763802,-0.557780345972,2.26113491779,-0.443564191732,0.734238743192,2.2305221645,2.98250293204,-2.11769239142,0.644658924276,0.707343114006,-3.62864543892,3.41262630262
7.8125,100,2,0.419952656891,0.486827932973,66,3.16437768013e-05,1.44434584348e-05,2.35435401946e-07,4.08229548888e-07,7.68665505003e-07,2.94734553732e-05,2.54864600832e-06,8.92654462772e-06,-1.7603495036e-07,-4.74559775571e-08,1.5758822395e-07,-2.74649571867e-07,-3.0554828147e-07,1.54177281171e-06,-1.86954004836e-06,-1.3546216539e-06,-1.87471487361e-07,-1.28409431142e-06,1.41050453656e-06,9.56239008545e-07,9.53739759605e-07,1.42049871324e-06,5.21041145937e-07,-1.03011917672e-06,1.59535026808e-06,5.02066984132e-07,1.14243950631e-06,-2.46861502966e-06,3.89874874373e-07,6.47822951841e-07,-3.57675817793e-07,-1.56402151792e-06,18.6182562571,0.862649996823,-1.43829957888,1.70629532102,-0.492585095275,-0.136563619686,3.05119394487,-3.81933473705,-2.6593369105,-0.566708251415,-3.02293259025,3.1950421761,0.956684351159,2.55350512166,2.82916171064,1.28029881141,-1.49963779611,2.86652383133,2.14692696614,2.5168634437,-6.17069063959,0.755594633961,1.32657527187,-0.0360627651742,-3.36445829679
7.8125,100,3,0.486827932973,0.564352748896,98,4.69862140384e-05,2.48450936835e-05,-1.43979084785e-07,5.22142904407e-07,1.36041724906e-06,4.38684232154e-05,4.84281174488e-06,1.32545662654e-05,-2.36898212997e-07,1.06679454114e-06,4.85865537347e-07,-5.2049893319e-07,-1.24942441808e-06,-1.39946836259e-06,9.60252135317e-08,2.99578343095e-07,-1.1441608926e-08,-5.10039453287e-07,3.09608528549e-07,-1.08712004025e-06,1.83846541922e-06,-1.39769452285e-06,-1.43604601711e-06,-1.0161070151e-06,-5.83725978959e-07,1.2834833674e-06,-6.24607899024e-07,-4.52602580713e-07,-4.19573858786e-07,-5.77040125305e-07,-1.73618942302e-06,4.3433483272e-07,27.6452895938,1.03818539399,0.141604475765,2.74047164944,-1.17331913662,-2.53518620726,-3.45636295679,0.519091549323,0.834945280821,0.0773988634783,-1.09167361462,0.389162790641,-1.68690609769,3.3399008857,-2.53071679463,-2.95215545461,-2.64536876696,-1.93548638943,2.65193166149,-1.21721607331,-0.844594354753,-1.1344166229,-1.49005347323,-3.49071701127,0.58650869978
7.8125,100,4,0.564352748896,0.654222988482,150,7.19176745485e-05,4.41050832696e-05,-1.23493023827e-06,8.22160511996e-07,1.78184948135e-06,6.69408779797e-05,7.94462093655e-06,2.02876014266e-05,-9.55841738342e-07,2.76520857004e-06,6.30643541224e-07,-2.83349711211e-07,-5.33767737909e-07,1.24896120813e-06,-2.30277574468e-06,2.886105837e-07,2.97447734007e-06,3.21174232897e-07,2.95136643331e-06,6.02305357922e-08,-1.48197668695e-06,2.17948128205e-06,-1.24685890945e-06,1.10247451131e-06,-1.85936171113e-06,3.11849101807e-06,-1.49022733209e-07,-3.73136348646e-06,-1.35744922069e-06,-5.10619607532e-07,-7.74245579078e-07,1.61999064938e-07,42.3142187661,0.16988793401,3.2663344351,3.54152409996,-0.878081143953,-0.290581582984,2.04278522842,-4.96543098115,0.745650058297,5.85027261098,0.867932291306,5.66961584112,-0.19499518637,-3.1892385843,4.32205221328,-2.77421599435,2.47364613804,-3.46969489607,6.54276812669,-1.56912398106,-7.45781529002,-3.65846193739,-2.26207355178,-1.77839946642,-0.954947653577
7.8125,100,5,0.654222988482,0.758404596232,229,0.000109794316477,7.77404089709e-05,-5.58852944775e-08,1.23296000674e-06,2.60722080977e-06,0.00010209594193,1.35505995775e-05,3.09724048446e-05,1.88102923922e-06,-2.77593651251e-06,3.40889236939e-06,3.14936694641e-06,7.42718903684e-08,1.79612111098e-06,4.25952009668e-07,-3.80838321784e-06,1.22401151961e-06,-1.08369114744e-06,2.96837299298e-06,-7.58942389647e-07,-2.39602321002e-07,-1.10165255401e-06,-2.95690378547e-06,2.61774096449e-06,-6.06855888338e-07,-5.02989201034e-06,-1.2308358361e-06,9.30511571736e-07,-1.16911697997e-06,-2.71627070047e-07,-6.87834801102e-07,-1.22721607342e-06,64.5997073162,6.48973270158,-9.23951100045,10.2359645065,6.84525298319,-0.159755166361,3.57472319433,0.112449263468,-7.66186725861,1.88190477803,-3.40289261068,6.38526151899,-1.55709679361,0.0273629615818,-1.67429534291,-7.28439390865,4.70842503957,-1.72488956099,-9.80433423228,-3.0584618235,1.17651869228,-2.79236544541,-1.14092645123,-0.27726950938,-3.30825883156
7.8125,100,6,0.758404596232,0.87917658308,371,0.000177876381717,0.000145633807858,1.46630682316e-06,2.0452818648e-06,4.19762354601e-06,0.000165423269459,2.55914172682e-05,5.01780008619e-05,-1.49593013566e-06,-1.68089785499e-06,4.17446751602e-07,-4.41598158991e-06,6.72891929331e-07,-2.37323292598e-07,-3.07947737601e-06,2.73218539033e-06,-1.87411612218e-06,3.63486789555e-06,1.85708828152e-06,5.06111211895e-07,3.74898111714e-06,-3.73406942508e-06,1.70565246071e-06,-2.8233204037e-06,-1.65851566948e-08,1.96932411665e-06,-1.57607588306e-06,2.58307711942e-06,-5.41640349257e-07,1.90491959461e-06,-3.37267231694e-06,-1.83032449674e-07,104.657167748,1.03747847981,-8.38651879228,5.0649792171,-8.63932345826,1.07706792561,-0.475690638744,-6.40676885463,5.66383356405,-3.75944928296,7.7718675411,3.86002657256,1.80587898446,8.09171055792,-7.93152055838,4.46876256098,-6.18001036967,-0.00780370295536,4.64538411873,-4.78356910919,4.42411332771,-1.41347435715,5.31438920897,-8.22682255959,-0.311539233222
7.8125,100,7,0.87917658308,1.0191808806,586,0.000280958381903,0.000267533457665,5.40503591046e-07,3.44735181197e-06,6.29508141175e-06,0.000261215231157,4.60596590892e-05,7.925689624e-05,1.95534170953e-06,1.6952991264e-06,1.65176458941e-06,1.2992055182e-06,-8.34531021391e-07,-1.66991971469e-06,2.93637805618e-07,-1.42448495806e-06,-2.2555318774e-06,2.90587498277e-06,-5.42778390597e-06,-1.84179253545e-06,5.41061749343e-06,-9.10324980249e-07,-2.17738273378e-06,2.68662879251e-06,-4.49266797221e-06,-2.76486430361e-06,1.12501354282e-06,-7.29047988555e-06,-3.25211342799e-06,-4.43533082383e-06,2.38577154428e-06,-1.22067853858e-06,165.307547979,9.24427470282,-3.24688914291,9.24183700391,3.24835208824,-2.54711284081,-3.978775195,0.701561150491,-2.6133998577,-5.44513864008,6.00734439911,-11.68116445,-4.13566020396,10.6943102197,-2.03129846768,-4.81518014249,4.22618945521,-8.07545490258,-7.15307622519,4.30521344627,-14.3290778088,-8.56728603468,-7.19836349941,5.48159909901,-1.8375014977
7.8125,100,8,1.0191808806,1.18148013421,879,0.000421437572854,0.000465565913107,2.87496201138e-06,5.13765243207e-06,9.35055936252e-06,0.000391788824925,7.83392805874e-05,0.00011888534436,1.45403160875e-06,-7.27891553692e-06,7.17015739081e-06,-6.16490705158e-06,5.04960228884e-06,3.6912874549e-06,-1.57042280811e-06,2.5826347144e-06,-2.25966722773e-06,3.21798206801e-06,-1.23478688122e-06,-3.53956328222e-06,1.9530616647e-06,-1.58432635136e-06,1.14880906977e-06,-4.47926544415e-07,-1.16101900532e-07,-9.55348101522e-06,6.57533368342e-07,5.67004810968e-07,-5.98042672107e-06,2.85942758208e-06,-6.07682905209e-06,-3.18778346716e-06,247.961321969,10.2826889804,-23.819096414,22.5214772487,-11.7862824446,9.39301310012,7.7988956161,-4.57138224052,5.79751516117,-5.26638472851,6.21817607203,-1.84342469503,-7.6276801352,4.42952184631,-3.60466689589,3.27294752638,-1.88227475689,0.972013326892,-20.4441866419,1.60537385939,0.894831553593,-13.1371988716,7.01672777808,-14.3265690451,-4.92846004544
7.8125,100,9,1.18148013421,1.36962469971,1443,0.000691848029157,0.000886930184125,1.06440844535e-06,7.75783443838e-06,1.66661015013e-05,0.000643734235789,0.000157537762831,0.000195166725724,-1.25550855757e-05,-1.13222511693e-06,-5.83857483628e-06,4.58725651446e-06,-3.06936779597e-07,-6.50271074651e-06,-5.38735291566e-06,-3.14481102034e-06,9.41359647982e-08,4.2738445911e-06,2.90751730335e-07,-3.45119797726e-06,6.75608991238e-06,1.16682153598e-06,-6.14031953307e-06,7.79432110132e-07,-3.23422352265e-06,2.82151438401e-06,6.18765241602e-06,7.83965319425e-06,-3.38357749715e-06,-4.61953033499e-07,-1.89306886776e-06,-1.24842332631e-06,407.06278453,-16.7025822336,-14.7252763497,-1.76843853157,8.61702754704,-0.17022503512,-13.2293777163,-10.9963208874,-5.84512736845,0.0898180490618,8.47264685096,0.674918574099,-5.57333059868,14.1256492811,2.37473002646,-13.5188278999,0.174910271964,-6.79438359579,6.16868080209,11.9150178494,17.4641580419,-8.77525112323,-1.16664301827,-3.47836025245,-2.77669680191
7.8125,100,10,1.36962469971,1.58773030856,2209,0.00105910762052,0.00157205270687,-1.32391616591e-06,1.25806689329e-05,2.44963622575e-05,0.000985403674901,0.000273812397428,0.000298768743676,-4.52797251455e-06,-1.28457563082e-05,-1.11753376503e-05,5.50864628522e-06,-2.03997098571e-06,-5.64367234276e-06,-5.57922884674e-06,1.70806580757e-05,-4.22034792339e-06,2.33656432809e-06,3.25008175304e-06,1.08044656172e-05,-4.77017789703e-06,8.05247484396e-07,-8.4111940182e-06,-1.21619477261e-05,4.88519092165e-06,6.9237233796e-06,6.88437955407e-06,-5.2550773851e-06,-1.33528204932e-05,9.12842453675e-07,4.20391452482e-06,-1.62908379752e-07,623.147395028,3.49018304826,-43.0431166093,-9.82175260744,10.8258148954,-4.51503679862,-9.69652863236,-11.9069781784,35.5704765761,-6.23784160922,4.2950162386,6.9639006036,23.300846462,-11.6372358745,-0.438590482656,-15.7669358891,-26.4685306871,11.0030716021,13.0625046351,13.3430066311,-11.2731489436,-25.9504097255,2.11684666054,9.61868356563,-1.27698690163
7.8125,100,11,1.58773030856,1.84056810108,3349,0.00160568194709,0.00276030682999,2.90763825159e-06,1.88529192659e-05,3.62189062251e-05,0.00149349854758,0.000473790409334,0.000452954514518,-2.21559473102e-06,-7.72803325585e-07,2.28957026988e-06,4.52901115248e-06,-1.75015396512e-06,3.72348499849e-06,3.10109464446e-06,3.50312247335e-06,1.47474289728e-05,-5.29030215639e-06,-3.96226675539e-06,8.20198663608e-06,5.39916030954e-06,2.08234460002e-06,-4.91608740064e-06,7.78851421432e-06,9.11232441371e-06,1.2731525947e-05,1.73814112454e-05,7.45106289104e-06,-4.06097646735e-06,-2.00548587718e-06,-6.72562279554e-06,-1.82492815362e-05,944.735457651,12.1590913082,-22.8373136706,23.1184087971,8.8138403432,-3.52974150459,8.08476778558,6.56760708605,7.3843583554,30.5302123109,-11.0765510944,-7.12252465657,16.6885526956,10.7359776162,3.88210385562,-10.1419887467,16.2416357825,17.6310762842,26.0402794914,38.2753311889,14.9658739404,-8.92580166456,-2.63134478017,-13.3533516978,-39.9529769954
7.8125,100,12,1.84056810108,2.13366899682,5052,0.00242218727879,0.00483161180402,-3.18771299253e-08,2.78347367515e-05,5.60741910967e-05,0.00225441132617,0.000840757084266,0.000683286416049,-1.43423195465e-05,-2.28790083418e-06,-3.34922023877e-06,1.95793823147e-06,1.43288737051e-05,-1.24239007441e-05,1.33264421821e-05,-3.84514326033e-07,-5.01698900898e-06,-5.97383929035e-06,-9.19624381414e-06,-2.48223485315e-06,9.76504775096e-06,-2.98274458603e-06,-9.17204656866e-06,1.13400442466e-05,3.88775041408e-06,7.16195538533e-07,1.83489951144e-06,-1.95146367502e-05,-1.34643889071e-05,6.15928127616e-06,1.24307557592e-05,6.68808997637e-06,1425.14288804,-7.97059997245,-33.0182991993,17.0096878442,3.3249040986,29.9463057247,-25.4354919847,28.0311831493,0.0272802975508,-10.4308918104,-11.177498321,-20.9178971674,-5.92839940571,17.3072685053,-6.61519426021,-19.5036579264,21.4891160905,9.02997376258,1.45082734013,5.22270620898,-41.6142516513,-28.6622698627,15.2466159219,25.6586778097,13.5844302087
7.8125,100,13,2.13366899682,2.47344468555,7780,0.00373013005325,0.00862022381193,7.39530620233e-07,4.33992142425e-05,8.62925750309e-05,0.00347374032562,0.0014940180516,0.00105225026066,-2.52838529857e-07,-1.36277241549e-05,-1.12451690943e-05,-5.09352569404e-06,1.42369145041e-05,-7.11139566755e-06,-6.59272272964e-06,-3.52483016078e-06,5.78151914826e-06,4.17618409629e-07,3.40162121834e-06,-1.34513548595e-05,-1.253162731e-05,1.48601295036e-05,-1.10431745676e-05,-3.94174914689e-06,-1.72707968498e-05,-6.72592305318e-06,-3.75577407476e-06,-8.14744759557e-07,-8.64015482629e-07,1.41648275181e-05,-1.19851907557e-05,-6.57575474758e-06,2194.69748,28.6702956494,-65.3495490639,8.23460441233,-11.1906636979,29.1493693247,-14.0889386395,-15.0137601347,-7.26209904816,11.040856667,1.32826052546,6.31098016691,-27.6898096449,-26.2244279574,31.8606238191,-22.7880128635,-8.4220266632,-36.5834027546,-13.8039129195,-9.31824417466,-0.780843465928,-2.48878008123,27.7368377957,-24.099544811,-14.8935228187
7.8125,100,14,2.47344468555,2.86732788526,11750,0.00563355117297,0.0150966769532,6.14658443258e-06,6.52499777055e-05,0.000130534374055,0.00524950879145,0.00261744412337,0.00158919544509,-1.03217954926e-05,-3.22117925231e-05,-2.10299522566e-05,2.87424651105e-05,-2.69174775966e-06,2.67359394607e-06,2.13055924032e-05,1.91826111582e-05,-2.6721938111e-05,2.46259925577e-06,3.70818081039e-06,-2.41407405736e-05,3.41819285667e-05,-6.26371656442e-06,1.57334509308e-06,-1.58753027594e-05,-5.96102991982e-06,-2.00114759753e-05,1.05879587043e-05,8.45937229513e-06,-4.98859726551e-06,3.78427204003e-07,1.38529642038e-06,2.91678771782e-05,3314.61380334,16.1005703551,-115.179810134,-2.75767396476,60.1439834823,-6.7661108429,6.10834216025,44.464646097,40.227964367,-52.7400433554,4.07550106159,8.88460883207,-50.6901294355,70.1984949097,-13.0150780169,2.66694100376,-33.6665191924,-11.2034948423,-40.6562323243,19.7068632749,18.8288800514,-14.320740674,2.51704154467,2.5793063191,63.3460547883
7.8125,100,15,2.86732788526,3.32393493559,17627,0.00845128566178,0.0262256499393,3.52647955351e-06,9.55327836345e-05,0.000191379422036,0.00787659738645,0.00449044826238,0.00238406366898,1.59509168157e-05,-1.30313206842e-05,3.04468039542e-05,2.66818390846e-05,1.17909826895e-05,-1.24938151893e-05,3.68576645527e-05,-8.68050134702e-06,-1.36117778936e-05,-1.63527210804e-05,-6.27180779103e-06,1.94156246516e-05,-4.81963134397e-06,1.62428470129e-05,-2.80402258646e-05,-2.16981929518e-05,1.80431269552e-05,3.07061457981e-05,3.82502294037e-05,8.07754617924e-06,4.69761369297e-06,-2.25929204364e-05,2.16771747474e-05,-3.43003667995e-07,4972.4848946,81.9160332572,-89.6496633261,117.140753852,56.5859975093,23.915926244,-25.5752127975,75.2419799879,-16.5937324544,-26.6274144153,-32.2489906038,-13.9385143179,39.2375105063,-11.9870225557,33.0411781631,-58.8890347028,-48.4830008255,40.2627153202,64.8572928587,81.7051247381,15.3811880128,10.3831033122,-49.442192932,46.7112977168,0.108182403566
7.8125,100,16,3.32393493559,3.85325428349,25939,0.0124364837341,0.0447371844333,-1.77122880914e-06,0.000141605373821,0.000280043870419,0.0116030114831,0.00760293413969,0.00350826728937,2.4360190834e-05,-2.41532331353e-05,-1.08529306385e-05,2.91228865262e-05,1.06000174888e-05,-1.16086192208e-05,1.4228362166e-05,-1.72308897201e-05,-2.37975193707e-05,-2.91644619005e-06,4.68101943202e-08,4.37151715486e-06,-1.48382810027e-05,8.48700241509e-06,3.34945031398e-05,-8.97090923793e-06,-1.59744383675e-05,-3.91014189375e-05,-5.14971921076e-08,2.25426871591e-05,2.94991853871e-06,-2.51182265979e-05,3.70116216588e-05,6.69381012047e-07,7317.25680382,112.483130512,-129.160732059,45.1346124754,62.1775021179,20.7746078198,-23.2788143013,28.7071578737,-36.7583996311,-49.4532153838,-6.42053986788,-0.335364950164,9.73142580843,-30.4243907594,17.3082181452,69.4317919912,-19.1105882023,-31.0671196134,-81.0282921603,-1.76955942593,45.9186194768,6.13937854137,-53.4051741591,75.8294285205,6.25532517011
7.8125,100,17,3.85325428349,4.46686498411,37181,0.0178264737159,0.074336611813,4.87441707903e-06,0.000199525252413,0.000399930052301,0.016651639295,0.0125560681303,0.00502875539096,1.13962737396e-05,-5.25982564269e-05,-2.80175523693e-05,-1.39815907045e-05,6.5158028852e-06,-1.1108027868e-05,3.3266921128e-05,4.61838813424e-05,-6.67459927693e-05,-3.02075322314e-06,-9.2817113457e-06,-1.2098565374e-05,-4.0365067918e-05,-4.48227045609e-05,1.10488407484e-05,2.45193783061e-05,-1.74480930458e-05,-6.18410860662e-05,3.87501589701e-05,1.3032287917e-05,-1.05823959123e-05,-4.85743796196e-06,-2.05233923751e-05,-5.28878522124e-06,10488.5664529,100.671682721,-206.96253469,25.2285276671,-28.2374580095,11.4078024848,-21.1725113506,68.34214858,95.6072429365,-139.55710758,-6.34322007819,-17.4003414928,-25.5671488222,-84.9009801647,-93.8310657998,24.1965395089,47.9645728013,-36.9154616878,-128.010525069,80.7780035663,28.4469356752,-20.9854725526,-8.06295476841,-44.1329561612,-8.78439091288
7.8125,100,18,4.46686498411,5.1781899969,52401,0.0251237204268,0.121419214185,-1.08909678927e-05,0.000276255535771,0.00055579252692,0.0235007259791,0.0202657866936,0.00708727068238,2.79742625656e-06,6.96294618697e-06,8.00561461814e-06,5.05772782484e-05,3.39595722112e-05,2.70071178811e-05,1.95819710795e-05,-3.69579175186e-05,-1.37793856177e-05,-1.83969191333e-05,5.17238133705e-05,-1.06341123481e-05,-1.13448237787e-05,-2.10211547357e-05,4.63634783119e-05,-3.52754432063e-05,3.14701512776e-06,7.04096187075e-05,2.13858518689e-05,-7.23818091456e-06,-2.63664228108e-05,1.79716993204e-05,-1.39677526532e-05,-3.36239709507e-05,14782.0491837,98.5601731128,-103.195329296,118.470427974,106.675020092,71.0767320052,55.6344112002,40.3828153532,-77.7223049252,-28.0663389187,-37.3981206224,106.591037949,-23.6980170788,-25.3606827565,-42.9919973671,95.533449002,-72.2496686999,5.93163661905,147.740289586,41.0609268386,-15.312440181,-55.9329987069,37.1280209713,-31.1046002613,-67.3013528093
7.8125,100,19,5.1781899969,6.00278981776,72098,0.0345674699973,0.193626284729,3.51824613109e-06,0.00037517078985,0.000747612666029,0.0323917776103,0.0317710921431,0.00975130325105,8.88821072974e-06,1.66438149407e-05,2.25294207384e-06,3.28499681813e-05,3.43784588625e-05,-3.02210950493e-05,7.32264626422e-06,8.63536682061e-06,3.9037245725e-05,1.43303526696e-05,-3.45147142374e-05,-1.6821265884e-05,-0.000105040462581,-2.67195881231e-05,1.50189317218e-05,4.65645305257e-06,0.000122060825349,-2.66065726734e-05,4.4651605093e-05,-0.000133238785318,2.08322788646e-05,6.14700089187e-05,7.1504999338e-06,-4.81586276225e-06,20338.4702973,128.540993014,-104.970698901,124.773673757,68.5873654918,70.5389481462,-62.3202238502,13.7650503372,17.0364353241,83.7721277888,28.2601005751,-72.7567351826,-38.1073970128,-221.298236545,-56.9425630301,31.3470653167,10.465637695,252.889090319,-58.5885353147,95.4660425949,-276.485093159,47.9675368449,127.313687103,14.697094468,-8.561204213
7.8125,100,20,6.00278981776,6.95870287067,95064,0.0455785454219,0.295812404612,2.59692982112e-06,0.000481271769457,0.000961458335421,0.0428022638535,0.0475993837053,0.0128574702801,2.56649535571e-05,2.9508539041e-06,-5.38830722753e-05,6.97491593949e-05,-1.38490439212e-05,1.45025715481e-05,2.36565300356e-05,-1.46350549629e-05,-2.99431991909e-05,-3.29038148353e-06,-2.88199697079e-08,1.49882435536e-05,-3.8292668314e-07,-3.37949082008e-05,-3.40726505828e-05,-1.21872278712e-05,-4.75758306033e-05,8.25478761441e-05,-4.95389967252e-06,9.05599262872e-06,-8.94973249485e-05,-7.03904280865e-05,-2.56065796003e-05,3.15878477169e-05,26817.0592852,177.963463424,-151.905549666,24.0514412847,145.465003466,-29.6949801391,30.7214242527,50.0317948214,-31.1841718243,-61.3600078837,-6.89332613204,-1.41265042577,32.0292106988,-2.65616743426,-70.3269498127,-73.3535497431,-27.4704509976,-98.9081056463,171.781179629,-8.49861919009,17.8026596301,-188.710097414,-147.711625377,-53.7842475993,65.8930850338
7.8125,100,21,6.95870287067,8.06684010473,119835,0.0574550301968,0.432048808362,-9.1226992368e-06,0.000583858146193,0.0011795068792,0.0540986415367,0.0679974652067,0.0162077647797,-2.77826734908e-05,-7.25975155582e-05,8.63822352996e-05,-6.23917758589e-05,5.15901662199e-05,-2.96025352783e-05,6.29158214649e-05,7.80993952152e-05,-4.88594706703e-06,-2.44747204992e-06,-8.92586953691e-05,1.05507776259e-05,-3.0013113943e-05,2.38218641839e-05,-5.31375975811e-05,-2.18822730392e-05,4.68914237036e-05,3.8066253651e-05,-4.91910340174e-06,-2.91472557853e-05,-3.40909141919e-05,-9.80783765459e-06,5.68086871604e-05,-3.76092080311e-05,33804.8293722,78.0005371087,-323.293376192,328.296760073,-129.722332473,106.24862519,-60.18630132,128.561537293,164.791809711,-9.82898620244,-2.555582053,-187.397316107,21.4800057897,-64.9303244136,47.6698416566,-107.774194976,-45.2999233318,98.3974855289,77.2264130928,-7.17231716838,-59.5216256339,-71.346800506,-20.1306384319,119.195363348,-79.5045954599
7.8125,100,22,8.06684010473,9.35144242897,144920,0.0694820626371,0.605236250203,3.0067258015e-06,0.000688171084715,0.00136677490938,0.0656289421037,0.0923204215168,0.0196005279916,-2.35983605925e-05,-1.85021682612e-05,-3.55992934604e-05,-7.51997027989e-05,6.88913836614e-05,3.09295643694e-05,3.34156545814e-05,6.06551434882e-05,3.66187380044e-05,-1.29317090815e-05,-3.53603237876e-05,-3.13360449689e-06,-0.000108853469413,-0.000140806215285,-4.99693987982e-05,4.83719968418e-05,-1.05557388843e-05,-7.02472387874e-05,-1.50524797858e-05,4.21172829658e-05,9.68220126291e-06,2.17651626242e-05,1.16666594272e-05,7.48863889112e-05,40881.1772238,92.1376187293,-216.931248597,79.7976643246,-157.853859532,142.522541661,65.8657670089,69.4711361679,125.517694139,76.1230990821,-25.6746251462,-73.3103033566,-7.18810948892,-226.49587506,-294.35969416,-103.443559851,101.95418438,-23.0621887013,-147.343499371,-31.0884108964,87.489417952,23.0324381007,46.7629235115,23.0670196362,155.398550543
7.8125,100,23,9.35144242897,10.840610991,165016,0.0791171132219,0.798257798991,-3.08998913815e-06,0.000743596203743,0.00147496413963,0.074986265085,0.117061044327,0.0223185255801,5.58236696246e-05,4.71480404943e-05,5.81246815229e-05,1.39804199157e-05,-6.26529255457e-06,2.43116013582e-05,-3.04941576007e-05,9.21851561573e-05,-1.29759750693e-05,-6.35098192016e-06,1.48339421639e-05,-0.000141407676853,-8.48593828294e-05,-0.000105112249814,-8.62475678021e-05,7.78105685456e-05,5.98600013705e-05,-1.13958228239e-05,-2.31564045716e-05,-6.12274317743e-05,-8.72367881921e-05,2.71112247791e-05,0.000141463539784,3.86737872776e-05,46550.1541593,254.282500007,-75.8001005985,271.427417357,29.6973287879,-14.2315218213,49.2089314277,-64.5415003299,192.17265676,-25.9646224375,-13.5660848026,31.1678104487,-294.883313199,-177.953690898,-221.719419285,-178.874551011,161.088941542,125.663585529,-25.4329096551,-50.0621092524,-126.021380517,-181.438666527,55.3789522237,296.108958936,79.9696933349
7.8125,100,24,10.840610991,12.5669219002,177605,0.0851529239212,0.99530354079,2.37209475137e-06,0.000756849528184,0.00150202276788,0.0810257679718,0.140167555656,0.0240211963425,-7.0471493074e-05,6.75417806174e-05,-6.04386160138e-05,4.86895269085e-05,8.10909612453e-06,-1.16608938593e-05,-0.000118189948912,-9.58261522107e-05,5.25628918713e-05,6.0373820165e-05,1.04131824362e-05,-5.19512087964e-05,-1.78994797959e-05,-4.14646618951e-05,-5.61263705001e-05,0.000124570726172,-2.31922453895e-05,4.69426050813e-05,-2.07543903934e-05,-0.000194525169415,8.02922614614e-05,7.61745553088e-05,-2.47512098016e-05,3.44117519497e-06,50101.445493,-20.0949084307,-20.0408829573,12.8632168134,100.677075595,17.184778959,-24.6914461067,-246.142205135,-199.996081115,108.41343891,125.157231458,20.3308909575,-109.518463655,-36.8743831356,-85.4571773738,-119.30426822,259.805896355,-50.1783801925,96.4258831458,-43.7763606453,-405.752885959,169.647749836,158.994751056,-50.8602902634,5.98889771158
7.8125,100,25,12.5669219002,14.5681388416,180499,0.0865404555888,1.17169305333,2.64412088586e-06,0.000713088071384,0.00142659323863,0.0826846016713,0.157419734482,0.0244126117994,-9.93139737205e-05,-1.03884939346e-05,8.61571129459e-05,-4.90770009055e-05,8.53378078457e-06,3.797636518e-06,-6.36158763864e-05,2.02789924532e-05,4.73968207282e-05,1.58711707031e-05,-7.25424227472e-05,-1.47045945295e-05,-1.93883919651e-05,-6.66476253777e-05,8.61624577332e-05,-0.00010048960035,-4.67406778727e-05,2.11919548238e-05,-7.0630501616e-05,-1.38149251591e-05,3.0595664406e-05,1.31295018852e-05,1.64630342618e-05,3.86398365323e-05,50917.8278203,-95.9711132885,-162.119128481,301.006764979,-102.252388991,17.6558888767,8.26786983939,-133.42586027,42.616213522,99.239962548,33.5724526106,-151.803313095,-30.412409842,-39.7725118412,-139.152444059,180.686889587,-208.095536544,-98.8053212668,42.5076656008,-145.591395011,-28.2601144626,65.3121127481,27.0897769867,32.5638831083,81.4816289747
7.8125,100,26,14.5681388416,16.888039171,172993,0.0829416951544,1.30107145835,-1.11178210307e-05,0.000637610797987,0.00126508140723,0.0795892913524,0.165890151643,0.023397420224,7.41145291652e-05,7.1394048901e-05,5.42657017824e-05,-0.000120693417896,9.47248030765e-06,-0.000107949582941,6.13940149185e-05,6.28776214345e-05,8.40062484352e-05,6.82961601445e-05,-2.00496061889e-05,0.000154565591801,4.85759223972e-05,-0.000119643733524,6.68872435613e-05,5.67961865157e-05,1.46063757051e-05,7.36759752162e-05,5.02874370963e-05,1.2344834377e-05,2.88481797101e-05,-1.2076144786e-05,9.90016758493e-05,-6.47561180581e-05,48800.4243133,246.089965252,32.9301476239,213.10817744,-250.814387605,19.2303111982,-225.39508065,128.632537447,130.258901722,174.331804094,144.417188195,-42.1325382241,322.78714207,100.280877088,-250.274113082,141.110687453,118.348058979,29.26859052,152.330738964,105.116433602,24.3025671722,60.2202755668,-23.2507887184,204.066896939,-136.910328053
7.8125,100,27,16.888039171,19.57737156,157482,0.075504928155,1.37224477594,6.67974486967e-06,0.00052913977973,0.00105145610582,0.0727578882326,0.164831806573,0.0212995469858,-5.03804176064e-05,0.000119691101955,-7.0698966454e-05,5.50456142333e-05,-5.58432708549e-05,1.08529501408e-06,7.34792083082e-05,-5.0563460631e-05,-3.42341182882e-05,1.7799885374e-05,-1.54348966576e-05,3.76773763804e-05,-5.94175222439e-05,-7.26712513072e-05,4.92349876736e-05,-0.000110486450698,0.0001751307691,3.23923819568e-05,-5.23340620288e-05,-2.96511528311e-05,4.46967791252e-05,-2.33993787332e-05,5.63676824334e-05,-1.65308216087e-05,44424.8519981,-33.9864381298,159.285188263,-69.3287086586,114.599553965,-115.989697305,2.21403552991,154.035226559,-105.834344448,-70.2994036896,36.5201870102,-32.4555217035,78.3760616849,-124.339362467,-151.482671066,102.795818953,-231.647610961,365.721340239,67.6978081556,-108.553980811,-61.8231969124,94.269416426,-48.7581626022,116.683934031,-34.4948841123
7.8125,100,28,19.57737156,22.6949661425,137266,0.0658123434305,1.38583055177,-3.95932395138e-07,0.000417279428797,0.000831741992791,0.0636780742907,0.156387309723,0.0185653193162,-0.000138048007679,8.86071354137e-05,-6.02664687926e-05,4.71937216586e-05,6.91883110527e-05,-8.28596569743e-05,-6.52888121767e-06,-0.000135830818062,1.49489345602e-05,5.42496639405e-05,2.04265253476e-05,3.16653448503e-05,-6.76910004142e-05,-8.80047495427e-05,-2.78358881131e-05,-4.83022688384e-05,4.43057269978e-05,4.43141882027e-06,6.38642861899e-05,4.41535369912e-05,-1.59821563092e-05,-0.000113230934472,-1.72357376872e-05,-6.42844733783e-05,38722.0236876,-234.733062404,117.018565045,-67.2899181909,97.7807676971,144.937001416,-172.629282963,-13.2054943721,-283.306473102,30.828188766,113.058628304,41.7270440489,66.4698965758,-141.019593669,-183.846496835,-58.7122344878,-100.99493853,92.4558774412,8.54422592843,132.491069978,92.8403928532,-33.5907423803,-236.161742704,-36.7851911649,-133.633653366
7.8125,100,29,22.6949661425,26.309021445,115193,0.0552294178951,1.34755464083,7.08634375589e-06,0.000314345025065,0.000629151910273,0.0536453883126,0.142690116801,0.0155799311409,-5.11912853488e-05,-1.02738439155e-05,-1.6677340177e-05,5.95799698851e-05,8.63537892923e-05,-2.27274199659e-06,-5.39973796279e-05,-2.35620520227e-05,-6.30935154463e-05,3.33439910839e-05,-2.7450571694e-05,9.24471523029e-05,4.69843130909e-05,-0.000144528253994,0.000135972960016,-2.56546493184e-05,2.70149131516e-06,-2.79140401375e-06,3.99613341365e-05,-2.62748361196e-05,4.860432583e-05,-6.83467253643e-05,-4.64246475154e-05,-9.80639779928e-06,32495.3453488,-68.2999033027,-70.1571009316,7.16584856175,124.564626458,179.985131517,-4.38012701983,-112.166245145,-49.4651108871,-131.362715233,69.3707744199,-57.8344871625,192.414157171,98.5475442723,-301.9372378,283.211359429,-53.1141021574,5.42317219576,-5.73282061571,84.0723146381,-55.177308818,101.013265598,-142.080791754,-97.8001113718,-19.5600524189
7.8125,100,30,26.309021445,30.4985962547,93819,0.0449816287231,1.27188524,7.69844117806e-06,0.000226533102824,0.000457171812622,0.0438459339068,0.125671676668,0.0126890831883,-1.99683047941e-05,-4.9215868786e-05,-1.48335445162e-05,7.61609876793e-05,-9.4740448414e-05,3.24834004297e-05,3.37436884093e-05,2.22848978789e-05,5.53416132789e-05,-5.24600231495e-05,6.45844133254e-05,-3.94536942398e-06,1.49704606869e-05,-1.0650782429e-05,-3.20944166414e-05,9.95626270746e-06,-1.96109370807e-05,-2.04184018317e-05,2.39635225761e-05,-1.64393165227e-05,-1.84227090728e-05,-1.85872041775e-05,1.84233968887e-05,-0.000138452719388,26465.8512694,-14.888263374,-136.631815616,-1.55334542462,158.538846037,-197.458089089,67.8609998197,70.4058437913,46.4168519137,115.322692773,-109.865988055,135.22596286,-8.3034358943,31.0858783298,-22.0000641266,-66.7354641663,20.2180239672,-41.2458937821,-42.076708501,49.6781824465,-34.878162285,-38.2157289162,-38.8206911128,38.9437024562,-289.066767157
7.8125,100,31,30.4985962547,35.3553390593,74627,0.0357800019902,1.17247785755,-6.45044552326e-06,0.000160537025641,0.000320914124597,0.0349888411115,0.107730262103,0.0100933522111,6.44787318757e-05,4.25368433163e-05,-7.3630675159e-06,6.3234410919e-05,2.44780174596e-06,0.000104099163991,-4.10878264376e-05,-3.71324592784e-05,-8.61045225486e-05,-2.80398962752e-05,2.95077470675e-05,3.3123356123e-05,-8.41406919038e-05,3.27817314586e-05,-5.67709794209e-05,3.40021511462e-05,-5.98124151235e-05,6.28755356439e-05,-5.41373301481e-05,-1.53416951592e-05,1.74456024659e-05,-2.94617045309e-05,6.15992925094e-05,1.08831641493e-05,21051.8880257,152.832379,65.5759120847,4.73482322878,132.03765689,5.16992601986,217.054469175,-85.7316670753,-77.3667393064,-179.647271105,-58.3826423506,61.3800564612,68.771247551,-175.094947582,68.3241240885,-118.729101722,70.1252061434,-124.583697016,131.07082617,-113.212575881,-31.7088978439,36.5165128278,-61.9863146609,128.90648111,22.6750861337
7.8125,100,32,35.3553390593,40.9854928916,58228,0.0279174823574,1.06030573741,5.84763052674e-07,0.000110735650005,0.000221646749866,0.0273797366986,0.0908436057591,0.00787537637247,-4.4072884725e-05,-4.0509737957e-05,3.61835544642e-05,-3.92221290433e-06,-9.67284646677e-07,2.83577394915e-05,2.03814924816e-05,-4.21423907789e-05,4.45661388548e-06,-1.75864999543e-07,8.23499001697e-05,4.25167440473e-05,1.45218897755e-05,-3.18453450637e-05,-3.50971644211e-05,9.18914084744e-06,5.32420740876e-05,1.64485639108e-05,3.33037838711e-05,3.38442374078e-05,-4.62289444643e-05,-4.12456561927e-05,-2.14433647074e-05,-6.61012344082e-05,16425.8155354,-79.6138315315,-100.088997472,89.0016994191,-8.2153645938,-1.85621774269,59.2280898138,42.4241746409,-87.7578616769,9.12632291686,-0.44174486093,171.846137395,88.6565181856,30.2917259686,-66.461316033,-73.2520771242,19.3684378612,110.990712228,34.4925623657,68.9752527341,70.2681586421,-96.5667810453,-86.0530384674,-44.9422947957,-137.863892366
7.8125,100,33,40.9854928916,47.5122194344,44933,0.0215431791366,0.948401879186,-1.61559188047e-06,7.49253994146e-05,0.000149957432658,0.0211821329714,0.0753821443833,0.00607721863268,9.70583268687e-06,1.38665900175e-05,-3.44418513699e-05,2.16962745676e-05,3.17534083718e-05,-5.68117354421e-05,-7.33052842848e-06,-7.1959875586e-05,-7.27524588516e-06,3.40621127152e-06,-3.03873902176e-05,-1.79358421292e-05,-5.32721402379e-06,-3.31814859236e-05,9.33996219554e-05,-2.22074079258e-05,2.98655031853e-05,1.79121569281e-05,-9.24472845542e-05,4.61212827112e-05,-2.47743349935e-05,4.29488239194e-05,1.04216576201e-05,1.65461031133e-05,12675.3652788,28.3764319251,18.510643247,-62.8860112502,45.3214865856,66.1412250192,-118.498315899,-15.1833504317,-150.29524614,-15.138357255,7.03831822628,-63.7538654774,-37.0101356704,-11.2562508751,-69.0634427829,194.626105273,-45.911175813,62.0136546195,37.4516668542,-192.800779697,96.4727051782,-51.8031811756,89.6783108707,21.6827689026,34.8965173904
7.8125,100,34,47.5122194344,55.0782932282,34165,0.0163804490063,0.835875073173,7.35748339905e-07,4.97722742887e-05,0.000100952144056,0.0161428170868,0.0622017512311,0.0046208393516,-9.17652546704e-05,8.59661587814e-07,-4.88958697366e-05,-1.98257273725e-05,-4.28905107779e-05,-1.29888871987e-06,1.15175428403e-05,-1.18105746212e-05,-4.63459001415e-05,-8.21550318078e-06,2.50859176135e-06,4.71772374317e-06,1.44595048125e-05,5.55074864914e-05,-2.84705699008e-05,-1.83819009559e-05,3.80629762225e-06,2.90829602521e-05,-2.24255605161e-05,-6.39626123743e-05,-3.95775066912e-05,-3.58127710351e-05,-2.21834788152e-05,3.62897819808e-05,9637.76856096,-186.067357438,-4.96880851236,-96.1118665475,-41.530734178,-89.2547157735,-2.59856058234,24.0787692852,-24.452348221,-96.6447442864,-17.162568713,5.16423620144,9.83499092832,30.0136827838,115.834103622,-59.4443093047,-38.4887456524,8.30153049256,60.6589499781,-46.7799415503,-133.340379574,-82.5668848225,-74.943266027,-46.0235442175,75.9027942306
7.8125,100,35,55.0782932282,63.8492249161,25924,0.0124292919666,0.735152772236,-3.35429290633e-07,3.2662901475e-05,6.64059480519e-05,0.0122726605278,0.0505725949606,0.00350623852923,1.73638155509e-05,-7.35541917233e-06,-3.89750645552e-05,1.80493213278e-06,-2.3052527357e-05,4.18851333746e-05,4.38314738784e-06,5.09870116407e-05,-1.47744251194e-05,1.17062126804e-05,2.5404049341e-05,-2.57211762495e-05,5.16728868593e-06,5.94528716932e-05,2.16989274156e-05,-6.15858642669e-05,-4.52201623186e-05,-1.79272573568e-05,-2.02124730006e-05,6.90802616726e-05,2.42778379904e-05,2.86722677913e-06,-5.73826690744e-06,-1.29729353262e-05,7313.02538195,39.7257316882,-19.7320616833,-77.4803508091,3.78844116543,-48.0689654665,87.3401832593,9.13326892932,106.305938765,-30.722701153,24.4054000204,53.1581658216,-53.6180868946,10.9339830187,124.032092669,45.4315392314,-128.533627301,-94.1148478105,-37.4763576927,-42.2525442787,144.262211141,50.6312945153,6.07150818635,-11.9841825485,-26.9555089318
7.8125,100,36,63.8492249161,74.0168818502,19505,0.00935169494713,0.641248921789,1.12340500448e-08,2.14445716172e-05,4.37242249836e-05,0.00924987060394,0.0411144158182,0.00263806443884,-3.85010189551e-06,-4.53763897127e-06,-1.79013346241e-06,2.37222144793e-05,5.02933965113e-06,5.52475674979e-06,3.47240626314e-05,-5.0594742849e-05,-1.79137816148e-06,-1.62490407032e-05,-1.16034390887e-05,3.24364669572e-05,-1.91262102958e-05,-1.71589738522e-05,-3.24474659031e-05,9.29659219438e-07,-9.76156449732e-06,1.25606969846e-06,-2.18260390862e-05,-1.90348265867e-05,2.89489516606e-05,-1.23547462253e-05,-1.47398738118e-05,2.08663774128e-05,5502.25891355,-5.79150072747,-12.3401880094,-1.23548532176,49.4338158641,10.4964142998,11.5824123386,72.4376948905,-105.509831126,-3.75438519657,-33.8801291,-24.2899374317,67.5712064564,-39.9033873819,-35.6583966111,-67.824972377,1.82384556528,-20.3891258921,2.48385634796,-45.3868815465,-39.8066826278,60.5484946499,-25.7306676201,-30.7325814392,43.5870734655
7.8125,100,37,74.0168818502,85.8036852606,14617,0.00700813765917,0.557097641951,-1.30486499648e-07,1.38768393164e-05,2.84387433744e-05,0.00694209474557,0.0331341958377,0.00197695913369,-9.29204652339e-06,6.85141170266e-05,-2.45600790194e-05,3.93412902286e-05,4.80933562262e-06,-3.0544807778e-05,3.35367384188e-05,-6.7329625732e-05,-3.90719264156e-05,-1.46242384231e-05,2.50223806451e-05,-7.28674551527e-06,1.00281098792e-05,-9.16112250331e-06,5.64610025229e-06,1.91647964453e-05,-1.80763840049e-05,2.7361643804e-05,-1.35085335423e-05,3.02171445044e-05,3.75547980888e-06,-3.23361001115e-05,3.03464249597e-05,5.78800077504e-05,4123.37957136,-17.9563062899,141.028218722,-49.6133903391,82.0516726538,10.1203965253,-63.8009232566,70.0552597963,-140.431832568,-81.5063898123,-30.4450793965,52.0750924069,-15.1331246793,20.8647001791,-19.0340765604,11.5810170193,39.8048250835,-37.575762328,57.1860110819,-28.2588489666,63.0241869444,7.75642307229,-67.4272322583,63.3882221737,120.805280431
7.8125,100,38,85.8036852606,99.467475801,10933,0.00524183957226,0.483067500928,-3.63885912291e-07,9.23367505996e-06,1.83652138984e-05,0.00519922859024,0.02648355169,0.00147869564265,-1.32376930943e-05,-2.14669850271e-05,-9.62758731194e-07,1.92922774406e-05,7.53277871695e-06,3.40338667211e-05,1.80324674135e-05,7.31468105754e-06,2.14703709245e-05,-5.26324113162e-06,-2.90276894338e-05,-1.12471375714e-06,-3.30163636683e-06,-2.33537011138e-05,-1.18069833341e-05,8.40390129334e-06,1.58896209862e-05,-4.78533004181e-05,3.15728103766e-05,-3.2378678246e-05,2.66946509103e-05,-3.8788426952e-06,-9.51837395922e-06,2.17830060108e-07,3084.14235846,-26.6659242755,-45.958320643,-0.975497865146,40.2013185303,15.6814256274,71.0269116877,37.6038752714,15.253628105,44.8032398874,-11.01777794,-60.4820152563,-2.4872549447,-6.84221888827,-48.7144523259,-24.6429771438,17.5741938291,33.1224786867,-99.8393162118,65.8765775603,-67.5463180739,55.7447134033,-8.03158914047,-19.8859887584,0.457496244766
7.8125,100,39,99.467475801,115.307153908,8133,0.00389937631402,0.416515278466,6.55978925428e-07,6.05467544124e-06,1.18672858413e-05,0.00387205940733,0.021184999412,0.00109999374935,1.18930995225e-05,5.08010559482e-06,-1.84823431034e-06,2.60644081143e-06,2.17702446368e-05,1.94795374736e-05,4.24724511443e-07,-1.8798778306e-05,-1.1812784241e-05,1.5784679006e-05,-1.78074908816e-05,-2.17503581015e-05,-6.62692486695e-06,-8.46182128676e-06,5.55002258837e-05,9.54195011178e-06,6.4733309738e-06,6.86934024848e-06,-2.92366009061e-05,-2.43322075719e-05,-2.11666866959e-05,5.44575427603e-06,8.92682998694e-06,3.27709367077e-05,2294.2769415,25.4113549528,9.83470376731,-3.19025054679,5.47769015132,45.3738388489,40.6168489537,0.8789856388,-39.2420815884,-24.6305828077,32.9314109712,-37.1924009552,-45.3913279669,-13.8378572486,-17.6508997194,115.712064405,19.9394387765,13.5732204703,14.2884124437,-60.9643365448,-50.6840798057,-44.168134123,11.3053415407,18.512598335,68.4560532461
7.8125,100,40,115.307153908,133.669218358,6080,0.00291506307503,0.360868788533,-1.94825398572e-07,3.86837215902e-06,7.79744446584e-06,0.00289745737657,0.0171301952965,0.000822324111159,3.08579474938e-05,1.24352731133e-05,3.23214561215e-06,-1.28631936666e-05,-1.1758495993e-05,1.99373829961e-05,1.00168601168e-05,-1.22621110623e-05,2.3729204849e-06,1.39322668897e-06,-2.44033042198e-05,-4.66714528523e-06,-3.48699219661e-06,2.85946138294e-05,-9.26593231805e-06,9.30017817531e-06,-2.58827979569e-05,-1.49555859252e-05,4.42810614099e-06,-4.41278290047e-06,5.70331693915e-06,-1.17237128858e-06,3.54627441156e-05,-3.23230189673e-05,1715.13633399,64.7484799273,25.4505863171,7.17461970497,-26.8149872166,-24.5450694619,41.5693280028,20.8833736568,-25.5735023103,4.89023739382,2.9373378588,-50.8654645581,-9.76419721634,-7.25360799046,59.6554295697,-19.2926683442,19.3677906301,-53.931520155,-31.1980737258,9.27688138331,-9.14537243367,11.879864138,-2.46702585228,73.9941848758,-67.4424066747
7.8125,100,41,133.669218358,154.955346055,4529,0.0021714343202,0.311614182341,-5.77582225943e-08,2.45793473602e-06,4.88603876735e-06,0.00216002277536,0.0135060022849,0.000612550312408,-1.1967089915e-05,2.01754993369e-05,4.15347006591e-06,5.59699443651e-06,-1.47164014102e-05,-3.09068737638e-05,6.76439354642e-06,-1.34793354754e-05,2.3023300304e-05,-7.13277226577e-06,1.37334358539e-05,-9.31721000767e-06,-1.34267594409e-05,-2.5691184327e-05,-1.71962565246e-06,2.10039555164e-05,2.59138749018e-05,8.78670540863e-06,8.8387282167e-06,9.39697443876e-06,-4.95681895063e-06,-2.53566956406e-07,-1.40538391882e-05,-1.64031991049e-06,1277.60731194,-24.719416884,41.7593341347,8.93498417281,11.6581545705,-30.6783843051,-64.4782496958,14.1180274124,-28.1242726224,48.015392558,-14.8971918063,28.6408021768,-19.3980452524,-28.0308488182,-53.5714099021,-3.6162184595,43.8135817415,54.0052215825,18.3311978974,18.3920737842,19.6014906585,-10.3273512429,-0.518815907892,-29.3149805908,-3.45691650459
7.8125,100,42,154.955346055,179.631178861,3368,0.0016147915192,0.268625967075,5.67480195004e-08,1.56049715068e-06,3.08504722017e-06,0.00160742727456,0.0107686976686,0.000455524277366,-1.7315101337e-05,1.47413149302e-05,-3.69488253819e-06,1.80822017577e-06,1.1664856031e-05,-1.01270127146e-05,6.23698110486e-06,2.42248935406e-06,4.21866002175e-06,-2.57263353726e-06,5.63941482476e-06,8.7329943728e-06,-8.1395016878e-06,9.5130339363e-07,-2.53382075621e-07,-1.46764182463e-06,7.91031777867e-06,-7.58349107263e-06,3.25332009893e-06,-1.66675655065e-05,-1.46956144112e-05,1.96653209543e-06,2.92931742429e-06,-7.7825208558e-06,950.095258694,-35.9534243143,30.5395401829,-7.53238491221,3.75984868191,24.3493722074,-21.1212300041,13.0158897374,5.05634619753,8.80154375359,-5.36512228409,11.7490637794,18.2103786706,-16.9998455845,1.97430590039,-0.521211525783,-3.05154450864,16.5062015037,-15.8316590233,6.79372304782,-34.7582630672,-30.6323045836,4.08880723986,6.10141401257,-16.2353353637
7.8125,100,43,179.631178861,208.236509681,2509,0.00120294296961,0.231981600984,-1.02344132656e-07,1.0412126636e-06,1.91748127058e-06,0.00119819222035,0.00848262523352,0.000339343946529,1.3915589378e-05,8.96422079254e-06,4.52499197339e-07,-7.63657275398e-06,-3.72171092569e-06,-1.13293337102e-05,-2.64365164969e-06,1.09812613808e-05,-7.47419120932e-07,7.32130834365e-06,-1.2758853008e-05,1.10335361703e-05,-1.09971463729e-05,-7.30650586002e-06,-9.40397538504e-06,-8.22715497212e-07,-6.15850617814e-06,6.82968789086e-06,1.67521107124e-05,1.33755142383e-05,4.48429674119e-06,-2.64913175387e-06,1.71394245903e-06,-1.79402638216e-07,707.775832561,29.1275037112,18.5658682273,1.05427873792,-15.9243121647,-7.77049656975,-23.628434953,-5.51216570931,22.8998139358,-1.55947634683,15.2802483443,-26.6033233313,23.022146525,-22.9361209995,-15.2453561448,-19.6042189556,-1.74102162761,-12.8529574597,14.2394491047,34.9585529796,27.8900764484,9.37030457069,-5.51843343119,3.57134055177,-0.384478518966
7.8125,100,44,208.236509681,241.397090634,1865,0.00089417642022,0.199918687552,2.84565556273e-08,6.565175291e-07,1.28439987654e-06,0.000891150540415,0.0069051000145,0.000252242511071,-5.32063302714e-06,1.01511403951e-05,2.07730174986e-06,2.29313150919e-06,2.6084818435e-06,4.11464874826e-06,1.22933943106e-05,-1.42148491316e-05,1.69190829986e-05,1.5369405985e-05,-6.90880365337e-06,1.1419800965e-05,-3.80615326125e-06,-1.22352441983e-06,-7.98725445775e-07,2.30110615351e-06,-8.56899056501e-06,-5.13521608057e-06,-2.41663641874e-06,1.39642235292e-05,1.72699240496e-05,1.34242460826e-05,1.12751332522e-05,6.05064994321e-06,526.106786658,-11.0327162495,21.0883339084,4.40776366774,4.78028972402,5.44187950131,8.58357957059,25.6412860876,-29.6496943569,35.2825019195,32.0663085291,-14.4047157011,23.8129106071,-7.93407017625,-2.53572412951,-1.67175829638,4.81062689828,-17.8668577461,-10.7198001107,-5.03441840763,29.1243992468,36.0168992862,27.9987730035,23.5059300189,12.5976781418
7.8125,100,45,241.397090634,279.838321607,1387,0.000664998763992,0.172373889463,-2.42919688522e-08,4.14787648105e-07,8.50908403497e-07,0.000663066908473,0.00566042707606,0.000187592687858,3.21032459105e-06,6.0188066193e-06,-9.40006249988e-06,1.31792802852e-05,7.31322053017e-07,-5.06335299877e-06,-6.41748514155e-06,-4.39253104367e-06,-1.23010859383e-05,6.42349234122e-07,-3.91484594385e-06,-9.07905147068e-06,-1.6355634709e-08,7.07118877096e-06,-2.45285966383e-06,4.48622535661e-06,-3.36714708088e-06,9.01091992955e-06,-1.85950832056e-07,-5.71076781363e-06,1.56949330131e-05,6.81736823599e-06,-4.70151222055e-06,4.22996739337e-06,391.26547619,6.7360662369,12.5001955838,-19.561606492,27.4886467514,1.524897783,-10.5635150364,-13.382760816,-9.16081597626,-25.6529962855,1.337246631,-8.17061602328,-18.9385151819,-0.032340400689,14.7536691089,-5.12613970324,9.34796113187,-7.00260091721,18.793712241,-0.391549064548,-11.9044009014,32.7229162241,14.2211829682,-9.80167306528,8.82351118162
7.8125,100,46,279.838321607,324.401118648,1031,0.00049431414973,0.148553140751,2.06952201392e-08,2.4111071369e-07,5.61582551727e-07,0.000493070454415,0.00459997544457,0.000139443447139,-3.63766547822e-06,-1.01233435613e-05,2.30297635498e-06,-3.85380903047e-06,2.98526307991e-06,-6.43673744066e-06,-5.97935070957e-06,-2.61735641169e-06,5.33435757494e-06,-1.50707716089e-05,1.86367494231e-06,5.38568506669e-06,8.3404113341e-07,8.66004241324e-06,-6.28328170172e-06,-6.480815504e-06,5.8964122959e-06,4.00333429522e-06,1.6370787098e-06,3.86668110012e-06,-3.98492556075e-06,4.90346192834e-06,-1.87332162135e-06,-4.97051658652e-06,290.839730319,-7.5600302442,-21.1490284778,4.83249425786,-8.04270017033,6.22920559176,-13.4208057145,-12.4729579925,-5.45601082031,11.1260520941,-31.4334360692,3.88552998488,11.2380869588,1.73838809601,18.0608059922,-13.1021291398,-13.5215548317,12.2937495261,8.35687628512,3.42007449881,8.06270675947,-8.30681085009,10.2229585715,-3.89297681253,-10.3754214834
7.8125,100,47,324.401118648,376.060309309,764,0.000366300689034,0.127596245315,3.17993907663e-09,1.81313083488e-07,3.55760927578e-07,0.000365517329684,0.00362613696467,0.0001033315166,-1.04984573511e-05,4.9678543962e-06,-7.2020657565e-06,5.03377728701e-06,2.19775189772e-06,-1.41991954994e-06,2.20063470629e-06,1.65517410403e-05,-1.84840027545e-06,2.71599927231e-06,-1.39314864018e-05,-1.2737820965e-06,-3.90097568701e-07,-4.27118242205e-06,-1.65660515675e-06,2.97718800615e-06,-7.03627755941e-06,-2.67805212513e-06,1.72271177683e-07,1.10088100625e-06,2.41672105135e-06,-2.54517860631e-06,4.87952139324e-06,5.94701059375e-06,215.520420915,-21.8787746982,10.3393084944,-15.0039998821,10.4952695012,4.58407287902,-2.95934390067,4.59267458708,34.5233064548,-3.85041803003,5.66606212904,-29.0572006276,-2.65692357338,-0.814652586609,-8.9130718497,-3.45267595064,6.20515606209,-14.6758334375,-5.59005950737,0.364338264339,2.30400103842,5.038066606,-5.29545353471,10.1752821614,12.401734403
7.8125,100,48,376.060309309,435.945957359,571,0.000273766614448,0.110540918803,-4.00012623182e-08,1.20139088623e-07,2.35387159063e-07,0.000273266013775,0.00297218968605,7.72281360974e-05,3.41920004647e-06,1.76244825145e-06,-7.15451489833e-06,3.90555987872e-06,-1.36450470528e-06,-5.51084309686e-06,2.31186909363e-06,-5.12204350814e-06,-2.61181161864e-06,1.08148729818e-06,-5.33384693845e-06,-4.2688185557e-06,4.60937424205e-06,-1.21349722122e-06,7.69810028634e-06,-1.5998432961e-06,-3.59894603217e-06,1.31424825014e-06,1.81243755636e-06,-6.4169779782e-07,-6.57292971853e-06,-2.73066142373e-06,-2.67374470038e-06,-7.43808710867e-06,161.076126103,7.14182286636,3.66139840848,-14.910068522,8.14661549508,-2.84770571248,-11.4947889908,4.8241264127,-10.68553325,-5.44937604466,2.25515285978,-11.1264251807,-8.90146779242,9.61070459138,-2.52927035382,16.0549891149,-3.33335387297,-7.50917443415,2.74150830206,3.77976655204,-1.33676957352,-13.7142869451,-5.69719516053,-5.57842504647,-15.5112760974
7.8125,100,49,435.945957359,505.368083345,423,0.000202807842227,0.0949350123528,1.76189472322e-08,7.38377441137e-08,1.39196688013e-07,0.000202480732108,0.002282182502,5.72110360231e-05,-3.1683693452e-06,-5.91642678192e-07,2.39620337445e-06,3.72560904942e-06,2.11907722601e-08,4.31999600998e-06,-1.41575019754e-06,-2.89700734629e-06,-8.4317162392e-07,-6.82572970133e-06,-6.81825636743e-06,-6.99494478525e-06,4.55401898503e-06,1.35213653516e-06,5.48389118018e-06,-2.5248101509e-06,3.41292626134e-06,-6.3718509229e-06,1.53065562346e-06,1.88839134248e-06,-5.60172621113e-06,-2.63719127263e-06,-1.19018824434e-06,-2.05718028762e-06,119.32609692,-6.60145722636,-1.24259601808,5.00558356028,7.77030519638,0.0440731883557,9.00960557608,-2.95283432929,-6.04157507076,-1.75812653177,-14.2394924613,-14.2194364933,-14.5894118774,9.49974663017,2.81945366167,11.4372055595,-5.26557545919,7.1173406408,-13.2874663601,3.19413868402,3.94234158086,-11.6850923125,-5.50028400413,-2.4813982186,-4.28910431389
7.8125,100,50,505.368083345,585.845321772,315,0.000151027116552,0.0819425128583,1.01285524258e-08,4.43361015259e-08,1.01868589158e-07,0.000150821611123,0.00191184955409,4.26039629959e-05,-2.77942574409e-06,-6.4147307928e-07,5.03534924857e-06,-2.21963881284e-09,1.63738541061e-06,-5.85182534101e-06,-2.52584178256e-06,4.21454298772e-06,-4.96449964356e-06,-1.69758173836e-06,1.78284249814e-06,3.7083837625e-06,-5.81334326745e-06,-3.08354777097e-06,7.77441345479e-06,-5.89813973685e-06,-4.77315181927e-06,-4.60618859917e-06,-5.04166850847e-06,3.05788564307e-06,2.55852172545e-06,2.35938737775e-07,-1.38523739488e-06,-4.53113600973e-07,88.8598594088,-5.79240820497,-1.34402375438,10.5068173287,-0.00345790772407,3.41580301103,-12.204531055,-5.26915653671,8.79065371815,-10.3536846435,-3.54116789062,3.7173257647,7.73701950323,-12.124537263,-6.43171855151,16.2168772869,-12.3008393662,-9.95546360014,-9.60736198322,-10.5155819942,6.377741431,5.33847234978,0.489665900117,-2.89150226023,-0.943822283922
7.8125,100,51,585.845321772,679.138141789,236,0.000113150474623,0.0712078680168,-1.5805426309e-09,2.99941744881e-08,5.2460754554e-08,0.00011301166459,0.00138007012611,3.19191595779e-05,3.9672830643e-06,-1.57976721112e-06,-2.69084461438e-06,-3.00073882919e-07,-3.00845194947e-06,-2.90259416032e-06,4.23104797262e-07,1.43673774591e-06,4.90484494565e-07,-1.43983798453e-06,1.84921290229e-06,9.85623261708e-07,4.72330530452e-06,1.52890699331e-06,-3.46879259554e-06,-1.87689157216e-06,-1.83401950976e-06,4.77804904716e-06,3.19468712912e-06,3.52917479756e-06,3.39108074167e-06,-1.21686068909e-06,-4.37036568891e-06,4.59654672076e-06,66.5743708586,8.27743895822,-3.29872573988,-5.60921272036,-0.62593823824,-6.275075694,-6.0542063061,0.883133423077,2.9963205637,1.0238057782,-3.00276272854,3.85742525107,2.05644588507,9.85148117706,3.18958666291,-7.23556835433,-3.91640875007,-3.82621129237,9.96710381488,6.66314041293,7.36049988778,7.07045008701,-2.53697386227,-9.11410007088,9.58659654258
7.8125,100,52,679.138141789,787.287358098,174,8.34245024763e-05,0.0608978014453,-8.28923813713e-10,1.67686831445e-08,3.66757411203e-08,8.33367863498e-05,0.00114786157687,2.35336176549e-05,-1.37553847769e-06,-7.78467936125e-07,1.06675078474e-06,-4.29883003984e-07,-4.46448705521e-06,-4.0036953157e-06,-2.12809340601e-06,-1.30324446522e-06,2.96412207399e-06,4.54541637952e-07,1.564950724e-06,-9.59768866822e-07,-4.81624742911e-07,-3.43390171987e-07,-6.06156780967e-07,-1.44933504292e-06,-6.04736798107e-07,1.04314665781e-06,1.89080761575e-06,2.78644138462e-06,-5.36201842446e-07,5.33298798673e-06,-3.12540463715e-06,-6.01547615039e-07,49.0844937687,-2.86739123933,-1.62601414676,2.22688270429,-0.896881784215,-9.3114924086,-8.35060847458,-4.43889752828,-2.71816589187,6.18227007603,0.947343456239,3.26499398885,-2.0003025431,-1.00497333861,-0.714929394063,-1.26440436664,-3.02217901673,-1.2623436386,2.17469958728,3.94322932197,5.81178590553,-1.11796774253,11.1221265093,-6.51872265779,-1.25557127041
7.8125,100,53,787.287358098,912.658774529,128,6.13697489481e-05,0.0519000132573,-4.83843790885e-10,1.2809290176e-08,2.01325496322e-08,6.13135496348e-05,0.000869740069552,1.73120865507e-05,-1.83391895668e-06,-3.55041322481e-06,3.88510185239e-07,-3.00721651623e-07,1.80880352395e-07,-2.0098835186e-06,-3.62978631917e-06,4.08787249356e-08,-3.77797575475e-08,7.66864720239e-07,-1.29630931745e-06,2.85482796615e-06,-8.980630236e-08,-1.47015806642e-07,-2.249885631e-06,-4.52768237003e-06,2.45532245583e-07,2.10810530125e-06,-5.34704890243e-06,-2.07075623868e-06,5.79460028973e-06,5.45472563245e-07,3.25432609619e-06,5.02003329841e-06,36.1081333471,-3.82387214678,-7.40664381365,0.81147665745,-0.627415766618,0.377125036678,-4.19130677194,-7.57099668511,0.0855832437602,-0.0779232521024,1.59959852819,-2.70475478148,5.95464545704,-0.186662077589,-0.306875125495,-4.6924548797,-9.44250511463,0.511666783935,4.39665001902,-11.1518860949,-4.3193015717,12.0864527557,1.13794133784,6.78766128735,10.4701923688
7.8125,100,54,912.658774529,1057.99493686,64,3.0684874474e-05,0.0292878475722,-1.77026635321e-10,6.24920014012e-09,1.05329120704e-08,3.06611093994e-05,0.000484579224686,8.65604327536e-06,2.5448260332e-06,1.76995433471e-06,-6.16862524361e-07,2.2770819064e-06,1.76895285535e-06,3.53717436766e-07,6.12305534632e-07,1.35620525711e-06,-1.21957955429e-06,4.94302615797e-07,1.83887843415e-07,-6.17800490036e-07,-4.21331868997e-06,4.89581312723e-07,-1.5403923156e-06,8.204310242e-07,-1.65149535159e-06,-1.41338478155e-06,1.80589434888e-06,3.08305206454e-08,5.80613056831e-07,2.27683922041e-06,-4.62563671443e-07,-8.19236083056e-07,18.0540666735,5.30834508461,3.69091473703,-1.28609237227,4.74947016188,3.68943021017,0.73764899003,1.2769580617,2.82854860545,-2.54355023787,1.03096949581,0.383697813521,-1.28890073082,-8.78795242009,1.02121530569,-3.21287748655,1.71051793074,-3.44395177664,-2.94821077021,3.76629512263,0.0646055132877,1.21149322598,4.74848408803,-0.964652174024,-1.70877021001
7.8125,100,55,1057.99493686,1226.47512703,0,0,0,0,0,0,0,0,0,0,0,0,0,0,0,0,0,0,0,0,0,0,0,0,0,0,0,0,0,0,0,0,0,0,0,0,0,0,0,0,0,0,0,0,0,0,0,0,0,0,0,0,0,0,0,0,0,0
7.8125,100,56,1226.47512703,1421.78491108,0,0,0,0,0,0,0,0,0,0,0,0,0,0,0,0,0,0,0,0,0,0,0,0,0,0,0,0,0,0,0,0,0,0,0,0,0,0,0,0,0,0,0,0,0,0,0,0,0,0,0,0,0,0,0,0,0,0
7.8125,100,57,1421.78491108,1648.19676227,0,0,0,0,0,0,0,0,0,0,0,0,0,0,0,0,0,0,0,0,0,0,0,0,0,0,0,0,0,0,0,0,0,0,0,0,0,0,0,0,0,0,0,0,0,0,0,0,0,0,0,0,0,0,0,0,0,0
7.8125,100,58,1648.19676227,1910.663523,0,0,0,0,0,0,0,0,0,0,0,0,0,0,0,0,0,0,0,0,0,0,0,0,0,0,0,0,0,0,0,0,0,0,0,0,0,0,0,0,0,0,0,0,0,0,0,0,0,0,0,0,0,0,0,0,0,0
7.8125,100,59,1910.663523,2214.92675006,0,0,0,0,0,0,0,0,0,0,0,0,0,0,0,0,0,0,0,0,0,0,0,0,0,0,0,0,0,0,0,0,0,0,0,0,0,0,0,0,0,0,0,0,0,0,0,0,0,0,0,0,0,0,0,0,0,0
7.8125,100,60,2214.92675006,2567.64231331,0,0,0,0,0,0,0,0,0,0,0,0,0,0,0,0,0,0,0,0,0,0,0,0,0,0,0,0,0,0,0,0,0,0,0,0,0,0,0,0,0,0,0,0,0,0,0,0,0,0,0,0,0,0,0,0,0,0
7.8125,100,61,2567.64231331,2976.52599522,0,0,0,0,0,0,0,0,0,0,0,0,0,0,0,0,0,0,0,0,0,0,0,0,0,0,0,0,0,0,0,0,0,0,0,0,0,0,0,0,0,0,0,0,0,0,0,0,0,0,0,0,0,0,0,0,0,0
7.8125,100,62,2976.52599522,3450.52227654,0,0,0,0,0,0,0,0,0,0,0,0,0,0,0,0,0,0,0,0,0,0,0,0,0,0,0,0,0,0,0,0,0,0,0,0,0,0,0,0,0,0,0,0,0,0,0,0,0,0,0,0,0,0,0,0,0,0
7.8125,100,63,3450.52227654,4000,0,0,0,0,0,0,0,0,0,0,0,0,0,0,0,0,0,0,0,0,0,0,0,0,0,0,0,0,0,0,0,0,0,0,0,0,0,0,0,0,0,0,0,0,0,0,0,0,0,0,0,0,0,0,0,0,0,0
